Div,Date,Time,HomeTeam,AwayTeam,FTHG,FTAG
E3,30/07/2022,15:00,AFC Wimbledon,Gillingham,2,0
E3,30/07/2022,15:00,Bradford,Doncaster,0,0
E3,30/07/2022,15:00,Carlisle,Crawley Town,1,0
E3,30/07/2022,15:00,Harrogate,Swindon,3,0
E3,30/07/2022,15:00,Leyton Orient,Grimsby,2,0
E3,30/07/2022,15:00,Northampton,Colchester,3,2
E3,30/07/2022,15:00,Rochdale,Crewe,1,2
E3,30/07/2022,15:00,Salford,Mansfield,2,0
E3,30/07/2022,15:00,Stockport,Barrow,2,3
E3,30/07/2022,15:00,Sutton,Newport County,1,1
E3,30/07/2022,15:00,Tranmere,Stevenage,1,2
E3,30/07/2022,15:00,Walsall,Hartlepool,4,0
E3,06/08/2022,15:00,Barrow,Bradford,3,2
E3,06/08/2022,15:00,Colchester,Carlisle,1,1
E3,06/08/2022,15:00,Crawley Town,Leyton Orient,0,1
E3,06/08/2022,15:00,Crewe,Harrogate,3,0
E3,06/08/2022,15:00,Doncaster,Sutton,2,1
E3,06/08/2022,15:00,Gillingham,Rochdale,1,0
E3,06/08/2022,15:00,Grimsby,Northampton,1,1
E3,06/08/2022,15:00,Hartlepool,AFC Wimbledon,0,0
E3,06/08/2022,15:00,Mansfield,Tranmere,1,0
E3,06/08/2022,15:00,Newport County,Walsall,0,1
E3,06/08/2022,15:00,Stevenage,Stockport,2,1
E3,06/08/2022,15:00,Swindon,Salford,0,0
E3,13/08/2022,15:00,AFC Wimbledon,Doncaster,2,2
E3,13/08/2022,15:00,Bradford,Newport County,2,0
E3,13/08/2022,15:00,Carlisle,Swindon,1,1
E3,13/08/2022,15:00,Harrogate,Crawley Town,0,0
E3,13/08/2022,15:00,Leyton Orient,Mansfield,1,0
E3,13/08/2022,15:00,Northampton,Hartlepool,2,1
E3,13/08/2022,15:00,Rochdale,Grimsby,0,1
E3,13/08/2022,15:00,Salford,Crewe,3,0
E3,13/08/2022,15:00,Stockport,Colchester,1,0
E3,13/08/2022,15:00,Sutton,Barrow,1,0
E3,13/08/2022,15:00,Tranmere,Gillingham,3,0
E3,13/08/2022,15:00,Walsall,Stevenage,1,1
E3,16/08/2022,19:45,Barrow,Walsall,2,1
E3,16/08/2022,19:45,Colchester,Bradford,1,0
E3,16/08/2022,19:45,Crawley Town,Northampton,2,3
E3,16/08/2022,19:45,Crewe,Sutton,1,0
E3,16/08/2022,19:45,Doncaster,Stockport,2,1
E3,16/08/2022,19:45,Gillingham,Harrogate,0,2
E3,16/08/2022,19:45,Hartlepool,Tranmere,0,0
E3,16/08/2022,19:45,Mansfield,AFC Wimbledon,5,2
E3,16/08/2022,19:45,Newport County,Salford,2,3
E3,16/08/2022,19:45,Stevenage,Rochdale,1,0
E3,16/08/2022,19:45,Swindon,Leyton Orient,1,1
E3,20/08/2022,13:00,Hartlepool,Bradford,1,3
E3,20/08/2022,15:00,Barrow,Harrogate,1,0
E3,20/08/2022,15:00,Colchester,Leyton Orient,1,3
E3,20/08/2022,15:00,Crawley Town,AFC Wimbledon,0,2
E3,20/08/2022,15:00,Crewe,Northampton,2,2
E3,20/08/2022,15:00,Doncaster,Salford,2,1
E3,20/08/2022,15:00,Gillingham,Walsall,0,0
E3,20/08/2022,15:00,Grimsby,Sutton,0,0
E3,20/08/2022,15:00,Mansfield,Stockport,2,1
E3,20/08/2022,15:00,Newport County,Tranmere,2,1
E3,20/08/2022,15:00,Stevenage,Carlisle,2,1
E3,20/08/2022,15:00,Swindon,Rochdale,3,0
E3,27/08/2022,15:00,AFC Wimbledon,Barrow,0,1
E3,27/08/2022,15:00,Bradford,Crewe,0,0
E3,27/08/2022,15:00,Carlisle,Gillingham,1,0
E3,27/08/2022,15:00,Harrogate,Newport County,0,4
E3,27/08/2022,15:00,Leyton Orient,Hartlepool,4,2
E3,27/08/2022,15:00,Northampton,Doncaster,0,1
E3,27/08/2022,15:00,Rochdale,Crawley Town,1,1
E3,27/08/2022,15:00,Salford,Stevenage,1,0
E3,27/08/2022,15:00,Stockport,Swindon,1,1
E3,27/08/2022,15:00,Sutton,Mansfield,2,1
E3,27/08/2022,15:00,Tranmere,Colchester,2,0
E3,27/08/2022,15:00,Walsall,Grimsby,1,2
E3,03/09/2022,15:00,Bradford,Walsall,2,1
E3,03/09/2022,15:00,Carlisle,Rochdale,3,3
E3,03/09/2022,15:00,Colchester,Hartlepool,1,1
E3,03/09/2022,15:00,Crewe,Stevenage,1,2
E3,03/09/2022,15:00,Doncaster,Mansfield,1,3
E3,03/09/2022,15:00,Gillingham,Swindon,0,0
E3,03/09/2022,15:00,Leyton Orient,Tranmere,2,0
E3,03/09/2022,15:00,Newport County,Grimsby,0,2
E3,03/09/2022,15:00,Northampton,Barrow,3,1
E3,03/09/2022,15:00,Salford,Crawley Town,2,2
E3,03/09/2022,15:00,Stockport,AFC Wimbledon,1,0
E3,03/09/2022,15:00,Sutton,Harrogate,2,1
E3,13/09/2022,19:45,AFC Wimbledon,Northampton,0,2
E3,13/09/2022,19:45,Barrow,Doncaster,2,0
E3,13/09/2022,19:45,Crawley Town,Stockport,3,2
E3,13/09/2022,19:45,Grimsby,Gillingham,1,1
E3,13/09/2022,19:45,Harrogate,Salford,0,1
E3,13/09/2022,19:45,Hartlepool,Crewe,1,1
E3,13/09/2022,19:45,Mansfield,Carlisle,0,0
E3,13/09/2022,19:45,Rochdale,Leyton Orient,0,1
E3,13/09/2022,19:45,Stevenage,Newport County,1,0
E3,13/09/2022,19:45,Swindon,Sutton,3,2
E3,13/09/2022,19:45,Tranmere,Bradford,1,2
E3,13/09/2022,19:45,Walsall,Colchester,1,1
E3,17/09/2022,15:00,Bradford,Stevenage,3,0
E3,17/09/2022,15:00,Carlisle,AFC Wimbledon,2,1
E3,17/09/2022,15:00,Colchester,Grimsby,0,1
E3,17/09/2022,15:00,Crewe,Crawley Town,1,0
E3,17/09/2022,15:00,Doncaster,Swindon,0,1
E3,17/09/2022,15:00,Gillingham,Mansfield,0,2
E3,17/09/2022,15:00,Leyton Orient,Walsall,1,0
E3,17/09/2022,15:00,Newport County,Barrow,0,2
E3,17/09/2022,15:00,Northampton,Rochdale,3,0
E3,17/09/2022,15:00,Salford,Tranmere,0,1
E3,17/09/2022,15:00,Stockport,Harrogate,0,0
E3,17/09/2022,15:00,Sutton,Hartlepool,2,0
E3,24/09/2022,14:00,Northampton,Stockport,2,1
E3,24/09/2022,15:00,Barrow,Leyton Orient,0,2
E3,24/09/2022,15:00,Bradford,AFC Wimbledon,2,2
E3,24/09/2022,15:00,Colchester,Rochdale,0,1
E3,24/09/2022,15:00,Crewe,Mansfield,1,2
E3,24/09/2022,15:00,Doncaster,Crawley Town,4,1
E3,24/09/2022,15:00,Grimsby,Swindon,1,2
E3,24/09/2022,15:00,Hartlepool,Gillingham,0,0
E3,24/09/2022,15:00,Newport County,Carlisle,1,1
E3,24/09/2022,15:00,Stevenage,Harrogate,1,0
E3,24/09/2022,15:00,Sutton,Salford,1,2
E3,24/09/2022,15:00,Walsall,Tranmere,0,1
E3,27/09/2022,19:45,Grimsby,Carlisle,1,2
E3,30/09/2022,19:45,Mansfield,Hartlepool,2,2
E3,01/10/2022,13:00,Harrogate,Bradford,1,2
E3,01/10/2022,15:00,AFC Wimbledon,Colchester,2,1
E3,01/10/2022,15:00,Carlisle,Crewe,0,0
E3,01/10/2022,15:00,Crawley Town,Stevenage,1,2
E3,01/10/2022,15:00,Gillingham,Sutton,1,0
E3,01/10/2022,15:00,Leyton Orient,Newport County,1,2
E3,01/10/2022,15:00,Rochdale,Doncaster,1,2
E3,01/10/2022,15:00,Salford,Grimsby,1,1
E3,01/10/2022,15:00,Stockport,Walsall,1,1
E3,01/10/2022,15:00,Swindon,Northampton,1,2
E3,01/10/2022,15:00,Tranmere,Barrow,1,0
E3,04/10/2022,19:45,Hartlepool,Doncaster,2,1
E3,04/10/2022,19:45,Stevenage,Sutton,3,0
E3,04/10/2022,19:45,Swindon,Newport County,1,0
E3,04/10/2022,19:45,Walsall,Northampton,1,0
E3,08/10/2022,15:00,Barrow,Mansfield,0,1
E3,08/10/2022,15:00,Bradford,Stockport,0,1
E3,08/10/2022,15:00,Colchester,Harrogate,2,1
E3,08/10/2022,15:00,Crewe,Gillingham,1,1
E3,08/10/2022,15:00,Doncaster,Leyton Orient,1,1
E3,08/10/2022,15:00,Grimsby,Crawley Town,3,0
E3,08/10/2022,15:00,Hartlepool,Carlisle,1,3
E3,08/10/2022,15:00,Newport County,Rochdale,0,1
E3,08/10/2022,15:00,Northampton,Salford,0,1
E3,08/10/2022,15:00,Stevenage,Swindon,2,0
E3,08/10/2022,15:00,Sutton,Tranmere,0,2
E3,08/10/2022,15:00,Walsall,AFC Wimbledon,3,1
E3,14/10/2022,19:45,Tranmere,Crewe,3,0
E3,15/10/2022,12:30,Harrogate,Hartlepool,2,1
E3,15/10/2022,13:00,Mansfield,Walsall,2,1
E3,15/10/2022,15:00,AFC Wimbledon,Sutton,0,1
E3,15/10/2022,15:00,Carlisle,Doncaster,3,0
E3,15/10/2022,15:00,Crawley Town,Newport County,2,1
E3,15/10/2022,15:00,Gillingham,Stevenage,1,1
E3,15/10/2022,15:00,Leyton Orient,Northampton,0,0
E3,15/10/2022,15:00,Rochdale,Barrow,2,1
E3,15/10/2022,15:00,Salford,Bradford,0,1
E3,15/10/2022,15:00,Stockport,Grimsby,1,3
E3,15/10/2022,15:00,Swindon,Colchester,1,0
E3,22/10/2022,15:00,Carlisle,Leyton Orient,2,3
E3,22/10/2022,15:00,Crawley Town,Mansfield,3,2
E3,22/10/2022,15:00,Crewe,Doncaster,1,1
E3,22/10/2022,15:00,Gillingham,Barrow,1,1
E3,22/10/2022,15:00,Grimsby,Bradford,0,0
E3,22/10/2022,15:00,Harrogate,Tranmere,1,1
E3,22/10/2022,15:00,Newport County,Colchester,1,0
E3,22/10/2022,15:00,Rochdale,AFC Wimbledon,1,2
E3,22/10/2022,15:00,Salford,Stockport,0,2
E3,22/10/2022,15:00,Stevenage,Northampton,2,3
E3,22/10/2022,15:00,Sutton,Walsall,1,1
E3,22/10/2022,15:00,Swindon,Hartlepool,2,1
E3,25/10/2022,19:45,AFC Wimbledon,Crewe,1,1
E3,25/10/2022,19:45,Barrow,Grimsby,1,0
E3,25/10/2022,19:45,Bradford,Swindon,1,1
E3,25/10/2022,19:45,Colchester,Crawley Town,2,2
E3,25/10/2022,19:45,Doncaster,Stevenage,0,1
E3,25/10/2022,19:45,Hartlepool,Salford,0,2
E3,25/10/2022,19:45,Leyton Orient,Gillingham,2,0
E3,25/10/2022,19:45,Mansfield,Newport County,0,0
E3,25/10/2022,19:45,Northampton,Sutton,2,2
E3,25/10/2022,19:45,Stockport,Carlisle,2,0
E3,25/10/2022,19:45,Tranmere,Rochdale,1,1
E3,25/10/2022,19:45,Walsall,Harrogate,3,1
E3,29/10/2022,14:00,Northampton,Newport County,1,1
E3,29/10/2022,15:00,AFC Wimbledon,Harrogate,3,2
E3,29/10/2022,15:00,Barrow,Crewe,3,0
E3,29/10/2022,15:00,Bradford,Crawley Town,1,1
E3,29/10/2022,15:00,Colchester,Stevenage,1,1
E3,29/10/2022,15:00,Doncaster,Gillingham,1,0
E3,29/10/2022,15:00,Hartlepool,Grimsby,2,1
E3,29/10/2022,15:00,Leyton Orient,Salford,1,0
E3,29/10/2022,15:00,Mansfield,Swindon,2,5
E3,29/10/2022,15:00,Stockport,Sutton,3,0
E3,29/10/2022,15:00,Tranmere,Carlisle,0,2
E3,29/10/2022,15:00,Walsall,Rochdale,1,0
E3,01/11/2022,19:45,Barrow,Colchester,3,1
E3,01/11/2022,19:45,Tranmere,Stockport,0,0
E3,08/11/2022,19:45,AFC Wimbledon,Leyton Orient,2,0
E3,08/11/2022,19:45,Harrogate,Carlisle,3,3
E3,08/11/2022,19:45,Mansfield,Bradford,1,2
E3,08/11/2022,19:45,Rochdale,Salford,1,0
E3,12/11/2022,15:00,Carlisle,Walsall,0,0
E3,12/11/2022,15:00,Crawley Town,Barrow,1,0
E3,12/11/2022,15:00,Crewe,Colchester,1,0
E3,12/11/2022,15:00,Gillingham,Northampton,0,2
E3,12/11/2022,15:00,Grimsby,Doncaster,1,3
E3,12/11/2022,15:00,Harrogate,Leyton Orient,0,2
E3,12/11/2022,15:00,Newport County,Stockport,1,2
E3,12/11/2022,15:00,Rochdale,Mansfield,0,1
E3,12/11/2022,15:00,Salford,AFC Wimbledon,0,0
E3,12/11/2022,15:00,Stevenage,Hartlepool,1,0
E3,12/11/2022,15:00,Sutton,Bradford,0,2
E3,12/11/2022,15:00,Swindon,Tranmere,1,1
E3,19/11/2022,15:00,Barrow,Hartlepool,3,1
E3,19/11/2022,15:00,Bradford,Northampton,1,3
E3,19/11/2022,15:00,Colchester,Doncaster,3,0
E3,19/11/2022,15:00,Grimsby,Stevenage,1,1
E3,19/11/2022,15:00,Harrogate,Mansfield,3,0
E3,19/11/2022,15:00,Newport County,Gillingham,2,0
E3,19/11/2022,15:00,Salford,Carlisle,1,4
E3,19/11/2022,15:00,Stockport,Leyton Orient,1,2
E3,19/11/2022,15:00,Sutton,Rochdale,1,0
E3,19/11/2022,15:00,Swindon,Crewe,0,1
E3,19/11/2022,15:00,Tranmere,AFC Wimbledon,0,2
E3,19/11/2022,15:00,Walsall,Crawley Town,2,1
E3,22/11/2022,19:45,Crawley Town,Gillingham,0,0
E3,02/12/2022,19:45,Crewe,Newport County,1,2
E3,02/12/2022,19:45,Doncaster,Walsall,0,2
E3,02/12/2022,19:45,Stevenage,Barrow,5,0
E3,03/12/2022,12:30,AFC Wimbledon,Grimsby,1,0
E3,03/12/2022,12:30,Gillingham,Salford,0,3
E3,03/12/2022,12:30,Leyton Orient,Bradford,3,0
E3,03/12/2022,13:00,Carlisle,Sutton,1,1
E3,03/12/2022,15:00,Crawley Town,Swindon,2,0
E3,03/12/2022,15:00,Hartlepool,Stockport,0,5
E3,03/12/2022,15:00,Mansfield,Colchester,2,1
E3,03/12/2022,15:00,Northampton,Tranmere,0,0
E3,03/12/2022,15:00,Rochdale,Harrogate,1,4
E3,09/12/2022,19:45,Crawley Town,Hartlepool,0,2
E3,10/12/2022,15:00,Grimsby,Tranmere,2,1
E3,10/12/2022,15:00,Newport County,Doncaster,0,1
E3,10/12/2022,15:00,Stevenage,Mansfield,0,0
E3,10/12/2022,15:00,Sutton,Colchester,1,0
E3,10/12/2022,15:00,Swindon,AFC Wimbledon,0,0
E3,17/12/2022,15:00,Barrow,Swindon,0,1
E3,17/12/2022,15:00,Leyton Orient,Sutton,2,0
E3,20/12/2022,19:45,Northampton,Carlisle,2,1
E3,26/12/2022,15:00,AFC Wimbledon,Newport County,1,1
E3,26/12/2022,15:00,Carlisle,Bradford,1,0
E3,26/12/2022,15:00,Crawley Town,Sutton,1,2
E3,26/12/2022,15:00,Gillingham,Colchester,0,1
E3,26/12/2022,15:00,Harrogate,Grimsby,3,2
E3,26/12/2022,15:00,Mansfield,Northampton,1,1
E3,26/12/2022,15:00,Rochdale,Hartlepool,1,2
E3,26/12/2022,15:00,Salford,Barrow,1,1
E3,26/12/2022,15:00,Stockport,Crewe,2,0
E3,26/12/2022,15:00,Swindon,Walsall,1,2
E3,26/12/2022,15:00,Tranmere,Doncaster,3,0
E3,27/12/2022,12:30,Leyton Orient,Stevenage,0,0
E3,29/12/2022,19:00,Crewe,Carlisle,0,3
E3,29/12/2022,19:45,Barrow,Tranmere,1,2
E3,29/12/2022,19:45,Bradford,Harrogate,1,0
E3,29/12/2022,19:45,Colchester,AFC Wimbledon,1,2
E3,29/12/2022,19:45,Doncaster,Rochdale,4,3
E3,29/12/2022,19:45,Grimsby,Salford,1,4
E3,29/12/2022,19:45,Hartlepool,Mansfield,1,2
E3,29/12/2022,19:45,Northampton,Swindon,1,2
E3,29/12/2022,19:45,Sutton,Gillingham,2,1
E3,29/12/2022,19:45,Walsall,Stockport,0,2
E3,30/12/2022,19:45,Newport County,Leyton Orient,0,0
E3,30/12/2022,19:45,Stevenage,Crawley Town,3,1
E3,01/01/2023,15:00,Bradford,Salford,3,2
E3,01/01/2023,15:00,Colchester,Swindon,1,0
E3,01/01/2023,15:00,Crewe,Tranmere,1,0
E3,01/01/2023,15:00,Doncaster,Carlisle,2,1
E3,01/01/2023,15:00,Grimsby,Stockport,1,0
E3,01/01/2023,15:00,Hartlepool,Harrogate,3,3
E3,01/01/2023,15:00,Sutton,AFC Wimbledon,2,1
E3,01/01/2023,15:00,Walsall,Mansfield,2,1
E3,02/01/2023,15:00,Barrow,Rochdale,0,0
E3,02/01/2023,15:00,Newport County,Crawley Town,2,2
E3,02/01/2023,15:00,Northampton,Leyton Orient,1,0
E3,02/01/2023,15:00,Stevenage,Gillingham,1,0
E3,07/01/2023,12:30,Salford,Northampton,2,1
E3,07/01/2023,15:00,Crewe,AFC Wimbledon,0,0
E3,07/01/2023,15:00,Harrogate,Colchester,1,3
E3,07/01/2023,15:00,Leyton Orient,Doncaster,1,0
E3,07/01/2023,15:00,Mansfield,Barrow,2,3
E3,07/01/2023,15:00,Rochdale,Newport County,1,1
E3,07/01/2023,15:00,Tranmere,Sutton,2,2
E3,10/01/2023,19:45,Bradford,Rochdale,1,2
E3,14/01/2023,15:00,AFC Wimbledon,Bradford,0,0
E3,14/01/2023,15:00,Carlisle,Newport County,2,0
E3,14/01/2023,15:00,Gillingham,Hartlepool,2,0
E3,14/01/2023,15:00,Harrogate,Stevenage,1,1
E3,14/01/2023,15:00,Leyton Orient,Barrow,0,0
E3,14/01/2023,15:00,Mansfield,Crewe,1,1
E3,14/01/2023,15:00,Rochdale,Colchester,1,2
E3,14/01/2023,15:00,Salford,Sutton,2,0
E3,14/01/2023,15:00,Stockport,Northampton,2,0
E3,14/01/2023,15:00,Swindon,Grimsby,5,0
E3,14/01/2023,15:00,Tranmere,Walsall,1,1
E3,21/01/2023,15:00,Colchester,Gillingham,0,2
E3,21/01/2023,15:00,Hartlepool,Rochdale,2,0
E3,21/01/2023,15:00,Stevenage,Leyton Orient,3,0
E3,24/01/2023,19:45,Carlisle,Hartlepool,3,1
E3,24/01/2023,19:45,Colchester,Salford,1,1
E3,24/01/2023,19:45,Stockport,Bradford,0,0
E3,28/01/2023,15:00,AFC Wimbledon,Stockport,1,0
E3,28/01/2023,15:00,Barrow,Northampton,0,2
E3,28/01/2023,15:00,Crawley Town,Salford,3,2
E3,28/01/2023,15:00,Harrogate,Sutton,0,1
E3,28/01/2023,15:00,Hartlepool,Colchester,1,2
E3,28/01/2023,15:00,Mansfield,Doncaster,4,1
E3,28/01/2023,15:00,Rochdale,Carlisle,0,1
E3,28/01/2023,15:00,Swindon,Gillingham,3,3
E3,28/01/2023,15:00,Tranmere,Leyton Orient,1,0
E3,31/01/2023,19:45,Carlisle,Barrow,5,1
E3,31/01/2023,19:45,Crewe,Stockport,1,1
E3,31/01/2023,19:45,Salford,Walsall,1,0
E3,04/02/2023,12:45,Newport County,Swindon,2,1
E3,04/02/2023,15:00,Bradford,Mansfield,1,1
E3,04/02/2023,15:00,Carlisle,Harrogate,0,1
E3,04/02/2023,15:00,Colchester,Barrow,1,1
E3,04/02/2023,15:00,Crewe,Grimsby,0,3
E3,04/02/2023,15:00,Doncaster,Hartlepool,0,1
E3,04/02/2023,15:00,Gillingham,Crawley Town,1,0
E3,04/02/2023,15:00,Leyton Orient,AFC Wimbledon,1,0
E3,04/02/2023,15:00,Northampton,Walsall,0,0
E3,04/02/2023,15:00,Salford,Rochdale,2,1
E3,04/02/2023,15:00,Stockport,Tranmere,3,2
E3,04/02/2023,15:00,Sutton,Stevenage,0,0
E3,07/02/2023,19:45,Crewe,Leyton Orient,0,2
E3,07/02/2023,19:45,Doncaster,Tranmere,2,0
E3,11/02/2023,15:00,AFC Wimbledon,Carlisle,0,0
E3,11/02/2023,15:00,Barrow,Newport County,0,1
E3,11/02/2023,15:00,Crawley Town,Crewe,2,2
E3,11/02/2023,15:00,Grimsby,Colchester,0,1
E3,11/02/2023,15:00,Harrogate,Stockport,1,3
E3,11/02/2023,15:00,Hartlepool,Sutton,2,2
E3,11/02/2023,15:00,Mansfield,Gillingham,2,0
E3,11/02/2023,15:00,Rochdale,Northampton,1,1
E3,11/02/2023,15:00,Stevenage,Bradford,2,3
E3,11/02/2023,15:00,Swindon,Doncaster,0,2
E3,11/02/2023,15:00,Tranmere,Salford,1,0
E3,11/02/2023,15:00,Walsall,Leyton Orient,1,1
E3,14/02/2023,19:45,Bradford,Tranmere,2,0
E3,14/02/2023,19:45,Carlisle,Mansfield,0,4
E3,14/02/2023,19:45,Colchester,Walsall,0,0
E3,14/02/2023,19:45,Crewe,Hartlepool,2,0
E3,14/02/2023,19:45,Doncaster,Barrow,1,0
E3,14/02/2023,19:45,Gillingham,Grimsby,2,1
E3,14/02/2023,19:45,Leyton Orient,Rochdale,2,1
E3,14/02/2023,19:45,Newport County,Stevenage,2,2
E3,14/02/2023,19:45,Northampton,AFC Wimbledon,0,0
E3,14/02/2023,19:45,Salford,Harrogate,1,1
E3,14/02/2023,19:45,Stockport,Crawley Town,2,1
E3,14/02/2023,19:45,Sutton,Swindon,2,1
E3,18/02/2023,14:00,Northampton,Grimsby,1,2
E3,18/02/2023,15:00,AFC Wimbledon,Hartlepool,2,2
E3,18/02/2023,15:00,Bradford,Barrow,0,1
E3,18/02/2023,15:00,Carlisle,Colchester,1,0
E3,18/02/2023,15:00,Harrogate,Crewe,2,2
E3,18/02/2023,15:00,Leyton Orient,Crawley Town,1,0
E3,18/02/2023,15:00,Rochdale,Gillingham,0,2
E3,18/02/2023,15:00,Salford,Swindon,1,2
E3,18/02/2023,15:00,Stockport,Stevenage,2,0
E3,18/02/2023,15:00,Sutton,Doncaster,2,0
E3,18/02/2023,15:00,Tranmere,Mansfield,0,2
E3,18/02/2023,15:00,Walsall,Newport County,1,1
E3,21/02/2023,19:45,Grimsby,Harrogate,0,0
E3,21/02/2023,19:45,Hartlepool,Newport County,0,1
E3,21/02/2023,19:45,Rochdale,Stockport,1,2
E3,21/02/2023,19:45,Walsall,Crewe,0,0
E3,25/02/2023,15:00,Barrow,Stockport,1,0
E3,25/02/2023,15:00,Colchester,Northampton,0,1
E3,25/02/2023,15:00,Crawley Town,Carlisle,2,5
E3,25/02/2023,15:00,Crewe,Rochdale,1,1
E3,25/02/2023,15:00,Doncaster,Bradford,0,1
E3,25/02/2023,15:00,Gillingham,AFC Wimbledon,2,1
E3,25/02/2023,15:00,Grimsby,Leyton Orient,2,2
E3,25/02/2023,15:00,Hartlepool,Walsall,3,3
E3,25/02/2023,15:00,Mansfield,Salford,2,5
E3,25/02/2023,15:00,Newport County,Sutton,0,2
E3,25/02/2023,15:00,Stevenage,Tranmere,0,1
E3,25/02/2023,15:00,Swindon,Harrogate,3,0
E3,28/02/2023,19:45,AFC Wimbledon,Stevenage,2,3
E3,28/02/2023,19:45,Barrow,Salford,1,1
E3,28/02/2023,19:45,Gillingham,Bradford,0,2
E3,28/02/2023,19:45,Harrogate,Northampton,1,1
E3,28/02/2023,19:45,Tranmere,Crawley Town,1,0
E3,04/03/2023,15:00,AFC Wimbledon,Mansfield,1,3
E3,04/03/2023,15:00,Bradford,Colchester,2,0
E3,04/03/2023,15:00,Carlisle,Grimsby,2,0
E3,04/03/2023,15:00,Harrogate,Gillingham,0,0
E3,04/03/2023,15:00,Leyton Orient,Swindon,1,1
E3,04/03/2023,15:00,Northampton,Crawley Town,1,0
E3,04/03/2023,15:00,Rochdale,Stevenage,2,0
E3,04/03/2023,15:00,Salford,Newport County,3,1
E3,04/03/2023,15:00,Stockport,Doncaster,0,0
E3,04/03/2023,15:00,Sutton,Crewe,1,1
E3,04/03/2023,15:00,Tranmere,Hartlepool,1,1
E3,04/03/2023,15:00,Walsall,Barrow,0,1
E3,07/03/2023,19:45,Doncaster,Harrogate,0,2
E3,07/03/2023,19:45,Grimsby,Newport County,1,1
E3,07/03/2023,19:45,Stockport,Gillingham,0,0
E3,07/03/2023,19:45,Sutton,Crawley Town,3,0
E3,07/03/2023,19:45,Walsall,Bradford,0,0
E3,10/03/2023,19:45,Crewe,Salford,4,3
E3,11/03/2023,15:00,Barrow,Sutton,0,0
E3,11/03/2023,15:00,Colchester,Stockport,0,1
E3,11/03/2023,15:00,Crawley Town,Harrogate,3,1
E3,11/03/2023,15:00,Doncaster,AFC Wimbledon,2,1
E3,11/03/2023,15:00,Gillingham,Tranmere,2,0
E3,11/03/2023,15:00,Grimsby,Rochdale,1,0
E3,11/03/2023,15:00,Hartlepool,Northampton,1,1
E3,11/03/2023,15:00,Newport County,Bradford,1,1
E3,11/03/2023,15:00,Stevenage,Walsall,3,1
E3,11/03/2023,15:00,Swindon,Carlisle,1,2
E3,14/03/2023,19:45,Newport County,AFC Wimbledon,1,1
E3,14/03/2023,19:45,Northampton,Mansfield,1,0
E3,14/03/2023,19:45,Stevenage,Crewe,1,0
E3,14/03/2023,19:45,Sutton,Grimsby,0,1
E3,14/03/2023,19:45,Walsall,Swindon,0,0
E3,18/03/2023,13:00,Bradford,Hartlepool,2,2
E3,18/03/2023,15:00,AFC Wimbledon,Crawley Town,0,1
E3,18/03/2023,15:00,Carlisle,Stevenage,0,0
E3,18/03/2023,15:00,Harrogate,Barrow,1,0
E3,18/03/2023,15:00,Leyton Orient,Colchester,2,2
E3,18/03/2023,15:00,Northampton,Crewe,1,0
E3,18/03/2023,15:00,Rochdale,Swindon,4,4
E3,18/03/2023,15:00,Salford,Doncaster,3,1
E3,18/03/2023,15:00,Stockport,Mansfield,1,1
E3,18/03/2023,15:00,Tranmere,Newport County,1,3
E3,18/03/2023,15:00,Walsall,Gillingham,2,0
E3,21/03/2023,19:45,Bradford,Carlisle,0,0
E3,21/03/2023,19:45,Crawley Town,Doncaster,1,1
E3,21/03/2023,19:45,Gillingham,Crewe,2,1
E3,22/03/2023,19:45,Mansfield,Grimsby,0,0
E3,25/03/2023,15:00,Barrow,AFC Wimbledon,2,1
E3,25/03/2023,15:00,Colchester,Tranmere,1,1
E3,25/03/2023,15:00,Crawley Town,Rochdale,2,0
E3,25/03/2023,15:00,Doncaster,Northampton,0,2
E3,25/03/2023,15:00,Gillingham,Carlisle,1,0
E3,25/03/2023,15:00,Grimsby,Walsall,1,1
E3,25/03/2023,15:00,Hartlepool,Leyton Orient,1,1
E3,25/03/2023,15:00,Mansfield,Sutton,0,0
E3,25/03/2023,15:00,Stevenage,Salford,1,3
E3,25/03/2023,15:00,Swindon,Stockport,0,1
E3,28/03/2023,19:45,AFC Wimbledon,Walsall,2,0
E3,28/03/2023,19:45,Crawley Town,Grimsby,1,1
E3,31/03/2023,19:45,Stockport,Salford,1,1
E3,31/03/2023,19:45,Tranmere,Harrogate,1,1
E3,01/04/2023,13:00,Bradford,Grimsby,3,2
E3,01/04/2023,15:00,AFC Wimbledon,Rochdale,0,1
E3,01/04/2023,15:00,Barrow,Gillingham,2,1
E3,01/04/2023,15:00,Colchester,Newport County,0,0
E3,01/04/2023,15:00,Doncaster,Crewe,0,2
E3,01/04/2023,15:00,Hartlepool,Swindon,2,1
E3,01/04/2023,15:00,Leyton Orient,Carlisle,1,0
E3,01/04/2023,15:00,Mansfield,Crawley Town,4,1
E3,01/04/2023,15:00,Northampton,Stevenage,1,1
E3,01/04/2023,15:00,Walsall,Sutton,1,1
E3,07/04/2023,15:00,Carlisle,Tranmere,2,0
E3,07/04/2023,15:00,Crawley Town,Bradford,0,0
E3,07/04/2023,15:00,Crewe,Barrow,3,0
E3,07/04/2023,15:00,Gillingham,Doncaster,1,0
E3,07/04/2023,15:00,Grimsby,Hartlepool,1,4
E3,07/04/2023,15:00,Harrogate,AFC Wimbledon,2,2
E3,07/04/2023,15:00,Newport County,Northampton,3,0
E3,07/04/2023,15:00,Rochdale,Walsall,4,2
E3,07/04/2023,15:00,Salford,Leyton Orient,0,2
E3,07/04/2023,15:00,Stevenage,Colchester,1,1
E3,07/04/2023,15:00,Sutton,Stockport,0,1
E3,07/04/2023,15:00,Swindon,Mansfield,2,4
E3,10/04/2023,15:00,AFC Wimbledon,Salford,2,3
E3,10/04/2023,15:00,Barrow,Crawley Town,4,0
E3,10/04/2023,15:00,Bradford,Sutton,3,1
E3,10/04/2023,15:00,Colchester,Crewe,4,0
E3,10/04/2023,15:00,Doncaster,Grimsby,1,2
E3,10/04/2023,15:00,Hartlepool,Stevenage,1,1
E3,10/04/2023,15:00,Leyton Orient,Harrogate,2,2
E3,10/04/2023,15:00,Mansfield,Rochdale,1,1
E3,10/04/2023,15:00,Northampton,Gillingham,2,1
E3,10/04/2023,15:00,Stockport,Newport County,4,0
E3,10/04/2023,15:00,Tranmere,Swindon,1,0
E3,10/04/2023,15:00,Walsall,Carlisle,0,0
E3,15/04/2023,15:00,Carlisle,Northampton,0,0
E3,15/04/2023,15:00,Crawley Town,Tranmere,2,1
E3,15/04/2023,15:00,Crewe,Walsall,2,0
E3,15/04/2023,15:00,Gillingham,Stockport,1,1
E3,15/04/2023,15:00,Grimsby,Mansfield,1,1
E3,15/04/2023,15:00,Harrogate,Doncaster,2,2
E3,15/04/2023,15:00,Newport County,Hartlepool,2,0
E3,15/04/2023,15:00,Rochdale,Bradford,0,3
E3,15/04/2023,15:00,Salford,Colchester,0,1
E3,15/04/2023,15:00,Stevenage,AFC Wimbledon,2,1
E3,15/04/2023,15:00,Sutton,Leyton Orient,0,2
E3,15/04/2023,15:00,Swindon,Barrow,0,0
E3,18/04/2023,19:45,Carlisle,Stockport,2,2
E3,18/04/2023,19:45,Crawley Town,Colchester,0,0
E3,18/04/2023,19:45,Gillingham,Leyton Orient,2,0
E3,18/04/2023,19:45,Grimsby,Barrow,1,0
E3,18/04/2023,19:45,Harrogate,Walsall,3,0
E3,18/04/2023,19:45,Newport County,Mansfield,1,2
E3,18/04/2023,19:45,Rochdale,Tranmere,2,2
E3,18/04/2023,19:45,Salford,Hartlepool,2,0
E3,18/04/2023,19:45,Stevenage,Doncaster,1,0
E3,18/04/2023,19:45,Sutton,Northampton,1,2
E3,18/04/2023,19:45,Swindon,Bradford,1,0
E3,22/04/2023,15:00,AFC Wimbledon,Swindon,1,5
E3,22/04/2023,15:00,Barrow,Carlisle,0,1
E3,22/04/2023,15:00,Bradford,Gillingham,2,2
E3,22/04/2023,15:00,Colchester,Sutton,4,1
E3,22/04/2023,15:00,Doncaster,Newport County,1,3
E3,22/04/2023,15:00,Hartlepool,Crawley Town,0,2
E3,22/04/2023,15:00,Leyton Orient,Crewe,2,0
E3,22/04/2023,15:00,Mansfield,Stevenage,1,0
E3,22/04/2023,15:00,Northampton,Harrogate,3,1
E3,22/04/2023,15:00,Stockport,Rochdale,1,0
E3,22/04/2023,15:00,Tranmere,Grimsby,2,0
E3,22/04/2023,15:00,Walsall,Salford,2,3
E3,25/04/2023,19:45,Grimsby,Crewe,2,0
E3,25/04/2023,19:45,Mansfield,Leyton Orient,1,2
E3,25/04/2023,19:45,Newport County,Harrogate,2,3
E3,25/04/2023,19:45,Swindon,Stevenage,0,1
E3,29/04/2023,15:00,AFC Wimbledon,Tranmere,1,1
E3,29/04/2023,15:00,Carlisle,Salford,2,3
E3,29/04/2023,15:00,Crawley Town,Walsall,0,0
E3,29/04/2023,15:00,Crewe,Swindon,2,1
E3,29/04/2023,15:00,Doncaster,Colchester,1,0
E3,29/04/2023,15:00,Gillingham,Newport County,1,2
E3,29/04/2023,15:00,Hartlepool,Barrow,3,1
E3,29/04/2023,15:00,Leyton Orient,Stockport,0,3
E3,29/04/2023,15:00,Mansfield,Harrogate,1,2
E3,29/04/2023,15:00,Northampton,Bradford,1,2
E3,29/04/2023,15:00,Rochdale,Sutton,4,1
E3,29/04/2023,15:00,Stevenage,Grimsby,2,0
E3,03/05/2023,19:45,Crewe,Bradford,3,2
E3,08/05/2023,12:30,Barrow,Stevenage,0,1
E3,08/05/2023,12:30,Bradford,Leyton Orient,1,1
E3,08/05/2023,12:30,Colchester,Mansfield,0,2
E3,08/05/2023,12:30,Grimsby,AFC Wimbledon,1,0
E3,08/05/2023,12:30,Harrogate,Rochdale,1,1
E3,08/05/2023,12:30,Newport County,Crewe,2,2
E3,08/05/2023,12:30,Salford,Gillingham,0,1
E3,08/05/2023,12:30,Stockport,Hartlepool,1,1
E3,08/05/2023,12:30,Sutton,Carlisle,1,1
E3,08/05/2023,12:30,Swindon,Crawley Town,2,1
E3,08/05/2023,12:30,Tranmere,Northampton,0,1
E3,08/05/2023,12:30,Walsall,Doncaster,2,1
E3,07/08/2021,15:00,Carlisle,Colchester,0,0
E3,07/08/2021,15:00,Exeter,Bradford,0,0
E3,07/08/2021,15:00,Forest Green,Sutton,2,1
E3,07/08/2021,15:00,Harrogate,Rochdale,3,2
E3,07/08/2021,15:00,Hartlepool,Crawley Town,1,0
E3,07/08/2021,15:00,Mansfield,Bristol Rvs,2,1
E3,07/08/2021,15:00,Northampton,Port Vale,1,0
E3,07/08/2021,15:00,Oldham,Newport County,0,1
E3,07/08/2021,15:00,Salford,Leyton Orient,1,1
E3,07/08/2021,15:00,Scunthorpe,Swindon,1,3
E3,07/08/2021,15:00,Stevenage,Barrow,1,0
E3,07/08/2021,15:00,Tranmere,Walsall,1,0
E3,14/08/2021,15:00,Barrow,Hartlepool,3,2
E3,14/08/2021,15:00,Bradford,Oldham,2,1
E3,14/08/2021,15:00,Bristol Rvs,Stevenage,0,2
E3,14/08/2021,15:00,Colchester,Northampton,0,1
E3,14/08/2021,15:00,Leyton Orient,Exeter,3,0
E3,14/08/2021,15:00,Mansfield,Newport County,2,1
E3,14/08/2021,15:00,Port Vale,Tranmere,0,0
E3,14/08/2021,15:00,Rochdale,Scunthorpe,0,0
E3,14/08/2021,15:00,Salford,Sutton,0,0
E3,14/08/2021,15:00,Swindon,Carlisle,1,2
E3,14/08/2021,15:00,Walsall,Forest Green,1,3
E3,17/08/2021,19:45,Barrow,Exeter,0,0
E3,17/08/2021,19:45,Bradford,Stevenage,4,1
E3,17/08/2021,19:45,Bristol Rvs,Oldham,1,0
E3,17/08/2021,19:45,Colchester,Mansfield,1,1
E3,17/08/2021,19:45,Crawley Town,Salford,2,1
E3,17/08/2021,19:45,Port Vale,Carlisle,0,0
E3,17/08/2021,19:45,Rochdale,Forest Green,1,2
E3,17/08/2021,19:45,Swindon,Tranmere,0,0
E3,17/08/2021,19:45,Walsall,Scunthorpe,1,1
E3,21/08/2021,15:00,Carlisle,Leyton Orient,1,1
E3,21/08/2021,15:00,Exeter,Bristol Rvs,4,1
E3,21/08/2021,15:00,Forest Green,Crawley Town,6,3
E3,21/08/2021,15:00,Harrogate,Barrow,2,1
E3,21/08/2021,15:00,Hartlepool,Walsall,2,0
E3,21/08/2021,15:00,Mansfield,Bradford,2,3
E3,21/08/2021,15:00,Northampton,Rochdale,1,3
E3,21/08/2021,15:00,Oldham,Colchester,1,2
E3,21/08/2021,15:00,Salford,Swindon,0,1
E3,21/08/2021,15:00,Scunthorpe,Sutton,1,1
E3,21/08/2021,15:00,Stevenage,Port Vale,1,1
E3,21/08/2021,15:00,Tranmere,Newport County,0,1
E3,24/08/2021,19:45,Leyton Orient,Harrogate,0,2
E3,27/08/2021,19:45,Rochdale,Colchester,1,1
E3,28/08/2021,15:00,Barrow,Bristol Rvs,1,1
E3,28/08/2021,15:00,Crawley Town,Northampton,0,0
E3,28/08/2021,15:00,Forest Green,Port Vale,0,2
E3,28/08/2021,15:00,Harrogate,Exeter,1,1
E3,28/08/2021,15:00,Hartlepool,Carlisle,2,1
E3,28/08/2021,15:00,Leyton Orient,Bradford,2,0
E3,28/08/2021,15:00,Salford,Newport County,3,0
E3,28/08/2021,15:00,Scunthorpe,Tranmere,1,0
E3,28/08/2021,15:00,Sutton,Oldham,1,2
E3,28/08/2021,15:00,Swindon,Mansfield,1,0
E3,28/08/2021,15:00,Walsall,Stevenage,1,0
E3,04/09/2021,15:00,Bradford,Walsall,1,1
E3,04/09/2021,15:00,Bristol Rvs,Crawley Town,1,0
E3,04/09/2021,15:00,Carlisle,Salford,2,1
E3,04/09/2021,15:00,Exeter,Forest Green,0,0
E3,04/09/2021,15:00,Mansfield,Harrogate,1,3
E3,04/09/2021,15:00,Newport County,Leyton Orient,2,2
E3,04/09/2021,15:00,Northampton,Scunthorpe,2,0
E3,04/09/2021,15:00,Oldham,Barrow,0,3
E3,04/09/2021,15:00,Port Vale,Rochdale,2,3
E3,04/09/2021,15:00,Stevenage,Swindon,1,1
E3,04/09/2021,15:00,Tranmere,Hartlepool,1,0
E3,10/09/2021,19:45,Barrow,Colchester,2,3
E3,10/09/2021,19:45,Harrogate,Newport County,2,2
E3,11/09/2021,15:00,Crawley Town,Carlisle,2,1
E3,11/09/2021,15:00,Forest Green,Northampton,1,0
E3,11/09/2021,15:00,Hartlepool,Bristol Rvs,1,0
E3,11/09/2021,15:00,Leyton Orient,Oldham,4,0
E3,11/09/2021,15:00,Rochdale,Tranmere,1,0
E3,11/09/2021,15:00,Salford,Bradford,1,0
E3,11/09/2021,15:00,Scunthorpe,Exeter,0,4
E3,11/09/2021,15:00,Sutton,Stevenage,2,1
E3,11/09/2021,15:00,Swindon,Port Vale,1,2
E3,11/09/2021,15:00,Walsall,Mansfield,3,1
E3,14/09/2021,19:45,Newport County,Northampton,0,1
E3,14/09/2021,19:45,Sutton,Hartlepool,1,0
E3,18/09/2021,14:00,Northampton,Swindon,1,1
E3,18/09/2021,15:00,Bradford,Barrow,1,1
E3,18/09/2021,15:00,Bristol Rvs,Leyton Orient,1,3
E3,18/09/2021,15:00,Carlisle,Scunthorpe,2,2
E3,18/09/2021,15:00,Colchester,Crawley Town,0,1
E3,18/09/2021,15:00,Exeter,Sutton,2,0
E3,18/09/2021,15:00,Mansfield,Rochdale,1,1
E3,18/09/2021,15:00,Newport County,Walsall,2,1
E3,18/09/2021,15:00,Oldham,Hartlepool,0,0
E3,18/09/2021,15:00,Port Vale,Harrogate,2,0
E3,18/09/2021,15:00,Stevenage,Forest Green,0,4
E3,18/09/2021,15:00,Tranmere,Salford,2,0
E3,21/09/2021,19:45,Crawley Town,Harrogate,2,2
E3,24/09/2021,19:45,Barrow,Newport County,2,1
E3,25/09/2021,15:00,Crawley Town,Bradford,2,1
E3,25/09/2021,15:00,Forest Green,Tranmere,0,0
E3,25/09/2021,15:00,Harrogate,Stevenage,0,0
E3,25/09/2021,15:00,Hartlepool,Exeter,1,1
E3,25/09/2021,15:00,Leyton Orient,Mansfield,0,0
E3,25/09/2021,15:00,Rochdale,Oldham,0,1
E3,25/09/2021,15:00,Salford,Northampton,2,2
E3,25/09/2021,15:00,Scunthorpe,Port Vale,0,1
E3,25/09/2021,15:00,Sutton,Carlisle,4,0
E3,25/09/2021,15:00,Swindon,Colchester,0,0
E3,25/09/2021,15:00,Walsall,Bristol Rvs,1,2
E3,02/10/2021,15:00,Bradford,Rochdale,2,0
E3,02/10/2021,15:00,Bristol Rvs,Swindon,1,3
E3,02/10/2021,15:00,Carlisle,Forest Green,0,2
E3,02/10/2021,15:00,Colchester,Salford,0,2
E3,02/10/2021,15:00,Exeter,Walsall,2,2
E3,02/10/2021,15:00,Mansfield,Barrow,0,1
E3,02/10/2021,15:00,Newport County,Scunthorpe,3,0
E3,02/10/2021,15:00,Northampton,Sutton,0,2
E3,02/10/2021,15:00,Oldham,Harrogate,1,2
E3,02/10/2021,15:00,Port Vale,Leyton Orient,3,2
E3,02/10/2021,15:00,Stevenage,Hartlepool,2,0
E3,02/10/2021,15:00,Tranmere,Crawley Town,2,1
E3,08/10/2021,19:45,Tranmere,Colchester,2,0
E3,09/10/2021,12:00,Forest Green,Swindon,0,2
E3,09/10/2021,15:00,Barrow,Leyton Orient,1,1
E3,09/10/2021,15:00,Bristol Rvs,Carlisle,3,0
E3,09/10/2021,15:00,Harrogate,Scunthorpe,6,1
E3,09/10/2021,15:00,Hartlepool,Northampton,2,1
E3,09/10/2021,15:00,Mansfield,Oldham,0,0
E3,09/10/2021,15:00,Newport County,Bradford,0,0
E3,09/10/2021,15:00,Rochdale,Crawley Town,0,1
E3,09/10/2021,15:00,Stevenage,Exeter,2,2
E3,09/10/2021,15:00,Sutton,Port Vale,4,3
E3,09/10/2021,15:00,Walsall,Salford,2,1
E3,16/10/2021,15:00,Bradford,Bristol Rvs,2,2
E3,16/10/2021,15:00,Carlisle,Tranmere,0,1
E3,16/10/2021,15:00,Colchester,Harrogate,1,0
E3,16/10/2021,15:00,Crawley Town,Sutton,0,1
E3,16/10/2021,15:00,Exeter,Newport County,2,2
E3,16/10/2021,15:00,Leyton Orient,Walsall,0,0
E3,16/10/2021,15:00,Northampton,Mansfield,2,0
E3,16/10/2021,15:00,Oldham,Stevenage,3,0
E3,16/10/2021,15:00,Port Vale,Barrow,3,1
E3,16/10/2021,15:00,Salford,Hartlepool,2,0
E3,16/10/2021,15:00,Scunthorpe,Forest Green,0,2
E3,16/10/2021,15:00,Swindon,Rochdale,2,2
E3,19/10/2021,19:45,Barrow,Scunthorpe,1,1
E3,19/10/2021,19:45,Bradford,Hartlepool,1,3
E3,19/10/2021,19:45,Colchester,Bristol Rvs,1,1
E3,19/10/2021,19:45,Crawley Town,Exeter,1,3
E3,19/10/2021,19:45,Harrogate,Tranmere,2,2
E3,19/10/2021,19:45,Leyton Orient,Forest Green,1,1
E3,19/10/2021,19:45,Mansfield,Port Vale,1,1
E3,19/10/2021,19:45,Newport County,Carlisle,2,2
E3,19/10/2021,19:45,Northampton,Stevenage,3,0
E3,19/10/2021,19:45,Oldham,Walsall,1,3
E3,19/10/2021,19:45,Salford,Rochdale,0,0
E3,19/10/2021,19:45,Sutton,Swindon,1,2
E3,23/10/2021,15:00,Bristol Rvs,Newport County,1,3
E3,23/10/2021,15:00,Carlisle,Oldham,0,0
E3,23/10/2021,15:00,Exeter,Mansfield,2,1
E3,23/10/2021,15:00,Forest Green,Salford,3,1
E3,23/10/2021,15:00,Hartlepool,Harrogate,3,2
E3,23/10/2021,15:00,Port Vale,Colchester,3,0
E3,23/10/2021,15:00,Rochdale,Sutton,3,2
E3,23/10/2021,15:00,Scunthorpe,Crawley Town,2,1
E3,23/10/2021,15:00,Stevenage,Leyton Orient,0,0
E3,23/10/2021,15:00,Swindon,Bradford,1,3
E3,23/10/2021,15:00,Tranmere,Northampton,0,2
E3,23/10/2021,15:00,Walsall,Barrow,2,2
E3,26/10/2021,19:45,Colchester,Sutton,1,3
E3,30/10/2021,14:00,Northampton,Carlisle,3,0
E3,30/10/2021,15:00,Bradford,Forest Green,1,1
E3,30/10/2021,15:00,Colchester,Scunthorpe,2,1
E3,30/10/2021,15:00,Crawley Town,Port Vale,1,4
E3,30/10/2021,15:00,Harrogate,Bristol Rvs,0,1
E3,30/10/2021,15:00,Leyton Orient,Hartlepool,5,0
E3,30/10/2021,15:00,Mansfield,Tranmere,2,0
E3,30/10/2021,15:00,Newport County,Stevenage,5,0
E3,30/10/2021,15:00,Oldham,Swindon,1,3
E3,30/10/2021,15:00,Salford,Exeter,1,2
E3,30/10/2021,15:00,Sutton,Walsall,0,1
E3,30/10/2021,15:30,Barrow,Rochdale,1,2
E3,12/11/2021,19:45,Hartlepool,Newport County,1,2
E3,13/11/2021,12:00,Port Vale,Bradford,1,1
E3,13/11/2021,13:00,Carlisle,Barrow,0,0
E3,13/11/2021,15:00,Bristol Rvs,Northampton,2,1
E3,13/11/2021,15:00,Exeter,Oldham,2,1
E3,13/11/2021,15:00,Rochdale,Leyton Orient,2,2
E3,13/11/2021,15:00,Scunthorpe,Salford,1,1
E3,13/11/2021,15:00,Stevenage,Mansfield,1,2
E3,13/11/2021,15:00,Tranmere,Sutton,0,1
E3,13/11/2021,15:00,Walsall,Harrogate,1,3
E3,20/11/2021,15:00,Barrow,Crawley Town,0,1
E3,20/11/2021,15:00,Bradford,Northampton,1,1
E3,20/11/2021,15:00,Bristol Rvs,Tranmere,2,2
E3,20/11/2021,15:00,Exeter,Carlisle,2,1
E3,20/11/2021,15:00,Harrogate,Salford,0,2
E3,20/11/2021,15:00,Hartlepool,Forest Green,1,3
E3,20/11/2021,15:00,Leyton Orient,Sutton,4,1
E3,20/11/2021,15:00,Mansfield,Scunthorpe,3,1
E3,20/11/2021,15:00,Newport County,Swindon,1,2
E3,20/11/2021,15:00,Oldham,Port Vale,3,2
E3,20/11/2021,15:00,Stevenage,Colchester,1,0
E3,20/11/2021,15:00,Walsall,Rochdale,0,0
E3,23/11/2021,19:45,Carlisle,Harrogate,0,2
E3,23/11/2021,19:45,Colchester,Exeter,3,1
E3,23/11/2021,19:45,Crawley Town,Newport County,1,1
E3,23/11/2021,19:45,Forest Green,Barrow,2,0
E3,23/11/2021,19:45,Northampton,Oldham,2,1
E3,23/11/2021,19:45,Port Vale,Walsall,0,1
E3,23/11/2021,19:45,Rochdale,Stevenage,2,2
E3,23/11/2021,19:45,Salford,Bristol Rvs,1,1
E3,23/11/2021,19:45,Scunthorpe,Leyton Orient,1,1
E3,23/11/2021,19:45,Sutton,Mansfield,2,0
E3,23/11/2021,19:45,Swindon,Hartlepool,3,1
E3,23/11/2021,19:45,Tranmere,Bradford,2,1
E3,26/11/2021,19:45,Colchester,Newport County,1,1
E3,27/11/2021,15:00,Carlisle,Walsall,1,0
E3,27/11/2021,15:00,Crawley Town,Mansfield,1,2
E3,27/11/2021,15:00,Forest Green,Bristol Rvs,2,0
E3,27/11/2021,15:00,Northampton,Leyton Orient,1,0
E3,27/11/2021,15:00,Port Vale,Hartlepool,2,0
E3,27/11/2021,15:00,Rochdale,Exeter,1,1
E3,27/11/2021,15:00,Salford,Oldham,2,0
E3,27/11/2021,15:00,Scunthorpe,Bradford,1,1
E3,27/11/2021,15:00,Sutton,Barrow,1,0
E3,27/11/2021,15:00,Swindon,Harrogate,1,1
E3,07/12/2021,19:45,Bristol Rvs,Port Vale,1,2
E3,07/12/2021,19:45,Exeter,Northampton,1,2
E3,07/12/2021,19:45,Harrogate,Forest Green,1,4
E3,07/12/2021,19:45,Leyton Orient,Swindon,4,1
E3,07/12/2021,19:45,Mansfield,Carlisle,1,0
E3,07/12/2021,19:45,Newport County,Sutton,3,2
E3,07/12/2021,19:45,Oldham,Tranmere,0,1
E3,07/12/2021,19:45,Stevenage,Scunthorpe,1,1
E3,07/12/2021,19:45,Walsall,Crawley Town,1,1
E3,08/12/2021,19:45,Bradford,Colchester,0,0
E3,08/12/2021,19:45,Hartlepool,Rochdale,2,1
E3,11/12/2021,15:00,Barrow,Swindon,2,0
E3,11/12/2021,15:00,Bradford,Sutton,2,2
E3,11/12/2021,15:00,Bristol Rvs,Rochdale,4,2
E3,11/12/2021,15:00,Exeter,Tranmere,0,1
E3,11/12/2021,15:00,Harrogate,Northampton,1,2
E3,11/12/2021,15:00,Hartlepool,Scunthorpe,0,0
E3,11/12/2021,15:00,Leyton Orient,Crawley Town,1,2
E3,11/12/2021,15:00,Mansfield,Salford,2,1
E3,11/12/2021,15:00,Newport County,Port Vale,2,1
E3,11/12/2021,15:00,Oldham,Forest Green,5,5
E3,11/12/2021,15:00,Stevenage,Carlisle,0,2
E3,11/12/2021,15:00,Walsall,Colchester,3,0
E3,18/12/2021,15:00,Rochdale,Newport County,3,0
E3,18/12/2021,15:00,Salford,Stevenage,1,0
E3,18/12/2021,15:00,Sutton,Harrogate,1,0
E3,18/12/2021,15:00,Tranmere,Leyton Orient,1,0
E3,26/12/2021,15:00,Mansfield,Hartlepool,3,2
E3,26/12/2021,15:00,Oldham,Scunthorpe,1,3
E3,26/12/2021,15:00,Tranmere,Barrow,2,0
E3,29/12/2021,19:45,Barrow,Oldham,0,0
E3,29/12/2021,19:45,Swindon,Stevenage,0,0
E3,01/01/2022,15:00,Barrow,Bradford,1,2
E3,01/01/2022,15:00,Crawley Town,Colchester,3,1
E3,01/01/2022,15:00,Forest Green,Stevenage,2,0
E3,01/01/2022,15:00,Hartlepool,Oldham,0,0
E3,01/01/2022,15:00,Scunthorpe,Carlisle,0,1
E3,01/01/2022,15:00,Sutton,Exeter,2,1
E3,01/01/2022,15:00,Swindon,Northampton,5,2
E3,01/01/2022,15:00,Walsall,Newport County,3,3
E3,04/01/2022,19:45,Forest Green,Exeter,0,0
E3,08/01/2022,15:00,Carlisle,Bradford,2,0
E3,08/01/2022,15:00,Newport County,Salford,0,2
E3,08/01/2022,15:00,Northampton,Crawley Town,0,1
E3,08/01/2022,15:00,Stevenage,Walsall,3,1
E3,08/01/2022,15:00,Tranmere,Scunthorpe,4,0
E3,11/01/2022,19:30,Mansfield,Swindon,3,2
E3,11/01/2022,19:45,Forest Green,Colchester,2,0
E3,11/01/2022,19:45,Salford,Tranmere,1,1
E3,15/01/2022,12:30,Newport County,Harrogate,4,0
E3,15/01/2022,15:00,Bradford,Salford,2,1
E3,15/01/2022,15:00,Bristol Rvs,Hartlepool,2,0
E3,15/01/2022,15:00,Carlisle,Crawley Town,1,1
E3,15/01/2022,15:00,Colchester,Barrow,0,2
E3,15/01/2022,15:00,Exeter,Scunthorpe,2,0
E3,15/01/2022,15:00,Mansfield,Walsall,2,0
E3,15/01/2022,15:00,Northampton,Forest Green,1,1
E3,15/01/2022,15:00,Port Vale,Swindon,1,3
E3,15/01/2022,15:00,Stevenage,Sutton,3,3
E3,15/01/2022,15:00,Tranmere,Rochdale,2,0
E3,18/01/2022,19:45,Carlisle,Hartlepool,0,0
E3,18/01/2022,19:45,Port Vale,Salford,0,1
E3,18/01/2022,19:45,Stevenage,Crawley Town,2,1
E3,18/01/2022,19:45,Sutton,Colchester,3,2
E3,22/01/2022,13:00,Swindon,Bristol Rvs,1,1
E3,22/01/2022,15:00,Barrow,Mansfield,1,3
E3,22/01/2022,15:00,Crawley Town,Tranmere,0,1
E3,22/01/2022,15:00,Forest Green,Carlisle,3,0
E3,22/01/2022,15:00,Harrogate,Oldham,3,0
E3,22/01/2022,15:00,Hartlepool,Stevenage,1,1
E3,22/01/2022,15:00,Leyton Orient,Port Vale,0,0
E3,22/01/2022,15:00,Rochdale,Bradford,0,0
E3,22/01/2022,15:00,Salford,Colchester,0,3
E3,22/01/2022,15:00,Scunthorpe,Newport County,0,1
E3,22/01/2022,15:00,Sutton,Northampton,0,0
E3,22/01/2022,15:00,Walsall,Exeter,0,2
E3,25/01/2022,19:45,Barrow,Salford,0,2
E3,25/01/2022,19:45,Leyton Orient,Newport County,0,1
E3,25/01/2022,19:45,Scunthorpe,Bristol Rvs,2,3
E3,25/01/2022,19:45,Walsall,Bradford,1,2
E3,29/01/2022,15:00,Bradford,Crawley Town,1,2
E3,29/01/2022,15:00,Bristol Rvs,Walsall,1,0
E3,29/01/2022,15:00,Carlisle,Sutton,0,2
E3,29/01/2022,15:00,Colchester,Swindon,1,1
E3,29/01/2022,15:00,Exeter,Hartlepool,0,0
E3,29/01/2022,15:00,Mansfield,Leyton Orient,2,0
E3,29/01/2022,15:00,Newport County,Barrow,2,1
E3,29/01/2022,15:00,Northampton,Salford,1,0
E3,29/01/2022,15:00,Oldham,Rochdale,0,0
E3,29/01/2022,15:00,Port Vale,Scunthorpe,1,0
E3,29/01/2022,15:00,Stevenage,Harrogate,3,0
E3,29/01/2022,15:00,Tranmere,Forest Green,0,4
E3,01/02/2022,19:45,Bradford,Leyton Orient,1,1
E3,01/02/2022,19:45,Colchester,Rochdale,1,1
E3,01/02/2022,19:45,Harrogate,Mansfield,0,0
E3,01/02/2022,19:45,Northampton,Barrow,0,1
E3,01/02/2022,19:45,Port Vale,Forest Green,1,1
E3,01/02/2022,19:45,Salford,Carlisle,2,1
E3,01/02/2022,19:45,Swindon,Crawley Town,1,1
E3,01/02/2022,19:45,Tranmere,Stevenage,1,0
E3,05/02/2022,13:00,Harrogate,Bradford,2,0
E3,05/02/2022,15:00,Barrow,Tranmere,1,1
E3,05/02/2022,15:00,Crawley Town,Stevenage,2,2
E3,05/02/2022,15:00,Forest Green,Newport County,2,0
E3,05/02/2022,15:00,Leyton Orient,Colchester,0,1
E3,05/02/2022,15:00,Scunthorpe,Oldham,0,1
E3,05/02/2022,15:00,Sutton,Bristol Rvs,1,1
E3,05/02/2022,15:00,Swindon,Exeter,1,2
E3,05/02/2022,15:00,Walsall,Northampton,0,1
E3,08/02/2022,19:45,Carlisle,Port Vale,1,3
E3,08/02/2022,19:45,Exeter,Leyton Orient,1,0
E3,08/02/2022,19:45,Forest Green,Rochdale,2,1
E3,08/02/2022,19:45,Harrogate,Crawley Town,1,3
E3,08/02/2022,19:45,Hartlepool,Barrow,3,1
E3,08/02/2022,19:45,Mansfield,Colchester,2,1
E3,08/02/2022,19:45,Northampton,Newport County,1,0
E3,08/02/2022,19:45,Oldham,Bristol Rvs,2,1
E3,08/02/2022,19:45,Scunthorpe,Walsall,1,0
E3,08/02/2022,19:45,Stevenage,Bradford,0,1
E3,08/02/2022,19:45,Sutton,Salford,0,0
E3,08/02/2022,19:45,Tranmere,Swindon,3,0
E3,12/02/2022,15:00,Barrow,Stevenage,0,0
E3,12/02/2022,15:00,Bradford,Exeter,0,1
E3,12/02/2022,15:00,Bristol Rvs,Mansfield,0,0
E3,12/02/2022,15:00,Colchester,Carlisle,2,2
E3,12/02/2022,15:00,Crawley Town,Hartlepool,0,1
E3,12/02/2022,15:00,Leyton Orient,Salford,0,2
E3,12/02/2022,15:00,Newport County,Oldham,3,3
E3,12/02/2022,15:00,Port Vale,Northampton,0,0
E3,12/02/2022,15:00,Rochdale,Harrogate,3,3
E3,12/02/2022,15:00,Sutton,Forest Green,1,1
E3,12/02/2022,15:00,Swindon,Scunthorpe,3,0
E3,12/02/2022,15:00,Walsall,Tranmere,1,0
E3,15/02/2022,19:45,Bristol Rvs,Sutton,2,0
E3,15/02/2022,19:45,Exeter,Harrogate,4,3
E3,15/02/2022,19:45,Hartlepool,Tranmere,1,0
E3,19/02/2022,14:00,Northampton,Colchester,3,0
E3,19/02/2022,15:00,Carlisle,Swindon,0,3
E3,19/02/2022,15:00,Forest Green,Walsall,0,1
E3,19/02/2022,15:00,Hartlepool,Sutton,1,1
E3,19/02/2022,15:00,Newport County,Mansfield,1,1
E3,19/02/2022,15:00,Oldham,Bradford,2,0
E3,19/02/2022,15:00,Scunthorpe,Rochdale,1,2
E3,19/02/2022,15:00,Stevenage,Bristol Rvs,0,4
E3,19/02/2022,15:00,Tranmere,Port Vale,1,1
E3,22/02/2022,19:45,Bradford,Harrogate,1,3
E3,22/02/2022,19:45,Colchester,Hartlepool,1,2
E3,22/02/2022,19:45,Leyton Orient,Bristol Rvs,0,2
E3,22/02/2022,19:45,Rochdale,Port Vale,1,1
E3,22/02/2022,19:45,Scunthorpe,Northampton,0,0
E3,22/02/2022,19:45,Swindon,Walsall,5,0
E3,26/02/2022,15:00,Barrow,Harrogate,0,0
E3,26/02/2022,15:00,Bradford,Mansfield,0,2
E3,26/02/2022,15:00,Bristol Rvs,Exeter,1,1
E3,26/02/2022,15:00,Colchester,Oldham,1,1
E3,26/02/2022,15:00,Crawley Town,Forest Green,2,1
E3,26/02/2022,15:00,Leyton Orient,Carlisle,0,1
E3,26/02/2022,15:00,Newport County,Tranmere,4,2
E3,26/02/2022,15:00,Port Vale,Stevenage,2,0
E3,26/02/2022,15:00,Rochdale,Northampton,1,0
E3,26/02/2022,15:00,Sutton,Scunthorpe,4,1
E3,26/02/2022,15:00,Swindon,Salford,1,2
E3,26/02/2022,15:00,Walsall,Hartlepool,3,1
E3,01/03/2022,19:45,Bristol Rvs,Barrow,1,0
E3,01/03/2022,19:45,Carlisle,Rochdale,2,0
E3,01/03/2022,19:45,Colchester,Leyton Orient,2,2
E3,01/03/2022,19:45,Crawley Town,Oldham,2,2
E3,01/03/2022,19:45,Harrogate,Port Vale,1,1
E3,01/03/2022,19:45,Newport County,Forest Green,1,1
E3,01/03/2022,19:45,Northampton,Walsall,1,1
E3,04/03/2022,19:45,Mansfield,Exeter,2,1
E3,05/03/2022,12:30,Harrogate,Hartlepool,1,2
E3,05/03/2022,15:00,Barrow,Walsall,1,1
E3,05/03/2022,15:00,Bradford,Swindon,1,2
E3,05/03/2022,15:00,Colchester,Port Vale,1,0
E3,05/03/2022,15:00,Crawley Town,Scunthorpe,0,0
E3,05/03/2022,15:00,Leyton Orient,Stevenage,2,2
E3,05/03/2022,15:00,Newport County,Bristol Rvs,1,0
E3,05/03/2022,15:00,Northampton,Tranmere,3,2
E3,05/03/2022,15:00,Oldham,Carlisle,1,2
E3,05/03/2022,15:00,Salford,Forest Green,1,1
E3,05/03/2022,15:00,Sutton,Rochdale,3,0
E3,08/03/2022,19:45,Crawley Town,Bristol Rvs,1,2
E3,08/03/2022,19:45,Exeter,Swindon,3,1
E3,11/03/2022,19:45,Tranmere,Mansfield,3,2
E3,12/03/2022,15:00,Bristol Rvs,Harrogate,3,0
E3,12/03/2022,15:00,Carlisle,Northampton,2,1
E3,12/03/2022,15:00,Exeter,Salford,0,0
E3,12/03/2022,15:00,Forest Green,Bradford,0,2
E3,12/03/2022,15:00,Hartlepool,Leyton Orient,0,0
E3,12/03/2022,15:00,Port Vale,Crawley Town,4,1
E3,12/03/2022,15:00,Rochdale,Barrow,0,0
E3,12/03/2022,15:00,Scunthorpe,Colchester,1,3
E3,12/03/2022,15:00,Stevenage,Newport County,0,2
E3,12/03/2022,15:00,Swindon,Oldham,1,0
E3,12/03/2022,15:00,Walsall,Sutton,1,0
E3,15/03/2022,19:45,Bristol Rvs,Colchester,1,0
E3,15/03/2022,19:45,Carlisle,Newport County,1,2
E3,15/03/2022,19:45,Exeter,Crawley Town,2,1
E3,15/03/2022,19:45,Forest Green,Leyton Orient,1,1
E3,15/03/2022,19:45,Hartlepool,Bradford,0,2
E3,15/03/2022,19:45,Port Vale,Mansfield,3,1
E3,15/03/2022,19:45,Rochdale,Salford,1,1
E3,15/03/2022,19:45,Scunthorpe,Barrow,0,1
E3,15/03/2022,19:45,Stevenage,Northampton,1,2
E3,15/03/2022,19:45,Swindon,Sutton,2,1
E3,15/03/2022,19:45,Tranmere,Harrogate,2,0
E3,15/03/2022,19:45,Walsall,Oldham,2,1
E3,18/03/2022,19:45,Newport County,Hartlepool,2,3
E3,19/03/2022,15:00,Barrow,Carlisle,1,2
E3,19/03/2022,15:00,Bradford,Port Vale,1,2
E3,19/03/2022,15:00,Crawley Town,Swindon,3,1
E3,19/03/2022,15:00,Harrogate,Walsall,1,1
E3,19/03/2022,15:00,Leyton Orient,Rochdale,3,1
E3,19/03/2022,15:00,Northampton,Bristol Rvs,0,1
E3,19/03/2022,15:00,Oldham,Exeter,0,2
E3,19/03/2022,15:00,Salford,Scunthorpe,5,1
E3,19/03/2022,15:00,Sutton,Tranmere,1,1
E3,21/03/2022,19:45,Colchester,Forest Green,0,1
E3,22/03/2022,19:00,Harrogate,Leyton Orient,0,3
E3,22/03/2022,19:45,Oldham,Sutton,1,3
E3,22/03/2022,19:45,Port Vale,Exeter,0,0
E3,22/03/2022,19:45,Rochdale,Mansfield,0,1
E3,26/03/2022,15:00,Bradford,Newport County,0,0
E3,26/03/2022,15:00,Carlisle,Bristol Rvs,1,0
E3,26/03/2022,15:00,Colchester,Tranmere,1,0
E3,26/03/2022,15:00,Crawley Town,Rochdale,1,0
E3,26/03/2022,15:00,Exeter,Stevenage,2,1
E3,26/03/2022,15:00,Leyton Orient,Barrow,2,0
E3,26/03/2022,15:00,Northampton,Hartlepool,2,0
E3,26/03/2022,15:00,Oldham,Mansfield,1,2
E3,26/03/2022,15:00,Port Vale,Sutton,2,0
E3,26/03/2022,15:00,Salford,Walsall,2,1
E3,26/03/2022,15:00,Scunthorpe,Harrogate,0,3
E3,29/03/2022,19:45,Hartlepool,Mansfield,2,2
E3,29/03/2022,19:45,Oldham,Leyton Orient,2,0
E3,29/03/2022,19:45,Rochdale,Carlisle,2,0
E3,29/03/2022,19:45,Salford,Crawley Town,2,1
E3,02/04/2022,15:00,Barrow,Port Vale,1,2
E3,02/04/2022,15:00,Bristol Rvs,Bradford,2,1
E3,02/04/2022,15:00,Forest Green,Scunthorpe,1,0
E3,02/04/2022,15:00,Harrogate,Colchester,1,2
E3,02/04/2022,15:00,Hartlepool,Salford,0,2
E3,02/04/2022,15:00,Mansfield,Northampton,1,0
E3,02/04/2022,15:00,Newport County,Exeter,0,1
E3,02/04/2022,15:00,Rochdale,Swindon,0,0
E3,02/04/2022,15:00,Stevenage,Oldham,0,1
E3,02/04/2022,15:00,Tranmere,Carlisle,2,2
E3,02/04/2022,15:00,Walsall,Leyton Orient,0,2
E3,05/04/2022,19:45,Forest Green,Mansfield,1,0
E3,05/04/2022,19:45,Salford,Port Vale,0,1
E3,09/04/2022,15:00,Carlisle,Exeter,0,1
E3,09/04/2022,15:00,Colchester,Stevenage,0,2
E3,09/04/2022,15:00,Crawley Town,Barrow,1,0
E3,09/04/2022,15:00,Forest Green,Hartlepool,1,1
E3,09/04/2022,15:00,Northampton,Bradford,0,0
E3,09/04/2022,15:00,Port Vale,Oldham,3,2
E3,09/04/2022,15:00,Rochdale,Walsall,1,0
E3,09/04/2022,15:00,Salford,Harrogate,2,0
E3,09/04/2022,15:00,Scunthorpe,Mansfield,0,4
E3,09/04/2022,15:00,Sutton,Leyton Orient,1,0
E3,09/04/2022,15:00,Swindon,Newport County,0,1
E3,09/04/2022,15:00,Tranmere,Bristol Rvs,1,1
E3,15/04/2022,13:00,Exeter,Colchester,2,0
E3,15/04/2022,15:00,Barrow,Forest Green,4,0
E3,15/04/2022,15:00,Bradford,Tranmere,1,1
E3,15/04/2022,15:00,Bristol Rvs,Salford,1,0
E3,15/04/2022,15:00,Harrogate,Swindon,1,4
E3,15/04/2022,15:00,Hartlepool,Port Vale,0,1
E3,15/04/2022,15:00,Leyton Orient,Scunthorpe,3,0
E3,15/04/2022,15:00,Mansfield,Sutton,2,3
E3,15/04/2022,15:00,Newport County,Crawley Town,1,2
E3,15/04/2022,15:00,Oldham,Northampton,0,2
E3,15/04/2022,15:00,Stevenage,Rochdale,1,0
E3,15/04/2022,15:00,Walsall,Carlisle,1,0
E3,18/04/2022,15:00,Carlisle,Mansfield,1,0
E3,18/04/2022,15:00,Colchester,Bradford,3,0
E3,18/04/2022,15:00,Crawley Town,Walsall,1,0
E3,18/04/2022,15:00,Forest Green,Oldham,2,0
E3,18/04/2022,15:00,Northampton,Harrogate,3,0
E3,18/04/2022,15:00,Port Vale,Bristol Rvs,1,3
E3,18/04/2022,15:00,Rochdale,Hartlepool,2,1
E3,18/04/2022,15:00,Salford,Barrow,2,2
E3,18/04/2022,15:00,Scunthorpe,Stevenage,1,1
E3,18/04/2022,15:00,Sutton,Newport County,1,0
E3,18/04/2022,15:00,Swindon,Leyton Orient,1,2
E3,18/04/2022,15:00,Tranmere,Exeter,2,0
E3,22/04/2022,19:45,Newport County,Colchester,1,2
E3,23/04/2022,15:00,Barrow,Sutton,1,0
E3,23/04/2022,15:00,Bradford,Scunthorpe,2,1
E3,23/04/2022,15:00,Bristol Rvs,Forest Green,0,0
E3,23/04/2022,15:00,Exeter,Rochdale,2,0
E3,23/04/2022,15:00,Harrogate,Carlisle,3,0
E3,23/04/2022,15:00,Hartlepool,Swindon,0,3
E3,23/04/2022,15:00,Leyton Orient,Northampton,2,4
E3,23/04/2022,15:00,Mansfield,Crawley Town,2,0
E3,23/04/2022,15:00,Oldham,Salford,1,2
E3,23/04/2022,15:00,Stevenage,Tranmere,2,0
E3,23/04/2022,15:00,Walsall,Port Vale,2,0
E3,26/04/2022,19:45,Exeter,Barrow,2,1
E3,26/04/2022,19:45,Mansfield,Stevenage,2,0
E3,26/04/2022,19:45,Sutton,Crawley Town,3,0
E3,26/04/2022,19:45,Swindon,Forest Green,2,1
E3,30/04/2022,15:00,Carlisle,Stevenage,2,1
E3,30/04/2022,15:00,Colchester,Walsall,2,2
E3,30/04/2022,15:00,Crawley Town,Leyton Orient,0,2
E3,30/04/2022,15:00,Forest Green,Harrogate,1,3
E3,30/04/2022,15:00,Northampton,Exeter,1,1
E3,30/04/2022,15:00,Rochdale,Bristol Rvs,3,4
E3,30/04/2022,15:00,Scunthorpe,Hartlepool,1,1
E3,30/04/2022,15:00,Sutton,Bradford,1,4
E3,30/04/2022,15:00,Swindon,Barrow,2,1
E3,30/04/2022,15:00,Tranmere,Oldham,2,0
E3,02/05/2022,12:30,Salford,Mansfield,2,2
E3,02/05/2022,15:00,Port Vale,Newport County,1,2
E3,07/05/2022,15:00,Barrow,Northampton,1,3
E3,07/05/2022,15:00,Bradford,Carlisle,2,0
E3,07/05/2022,15:00,Bristol Rvs,Scunthorpe,7,0
E3,07/05/2022,15:00,Exeter,Port Vale,0,1
E3,07/05/2022,15:00,Harrogate,Sutton,0,2
E3,07/05/2022,15:00,Hartlepool,Colchester,0,2
E3,07/05/2022,15:00,Leyton Orient,Tranmere,0,1
E3,07/05/2022,15:00,Mansfield,Forest Green,2,2
E3,07/05/2022,15:00,Newport County,Rochdale,0,2
E3,07/05/2022,15:00,Oldham,Crawley Town,3,3
E3,07/05/2022,15:00,Stevenage,Salford,4,2
E3,07/05/2022,15:00,Walsall,Swindon,0,3