Div,Date,Time,HomeTeam,AwayTeam,FTHG,FTAG,FTR,HTHG,HTAG,HTR,HS,AS,HST,AST,HF,AF,HC,AC,HY,AY,HR,AR
N1,28/05/2023,13:30,AZ Alkmaar,PSV Eindhoven,1,2,A,0,0,D,9,7,6,2,10,17,2,4,2,5,0,1
N1,28/05/2023,13:30,Cambuur,Waalwijk,4,0,H,2,0,H,21,10,9,4,12,4,11,5,1,1,0,0
N1,28/05/2023,13:30,Feyenoord,Vitesse,0,1,A,0,1,A,27,14,9,7,1,12,11,5,0,2,0,0
N1,28/05/2023,13:30,For Sittard,Nijmegen,1,1,D,0,0,D,16,15,4,6,16,11,5,6,1,0,0,0
N1,28/05/2023,13:30,Groningen,Sparta Rotterdam,0,5,A,0,1,A,7,27,1,12,9,7,2,5,1,1,1,0
N1,28/05/2023,13:30,Heerenveen,Go Ahead Eagles,2,0,H,1,0,H,16,15,7,3,9,14,4,1,1,3,0,0
N1,28/05/2023,13:30,Twente,Ajax,3,1,H,0,1,A,11,20,6,6,12,8,0,7,2,1,0,0
N1,28/05/2023,13:30,Utrecht,FC Emmen,3,2,H,1,1,D,20,10,7,5,14,7,13,4,0,1,1,0
N1,28/05/2023,13:30,Volendam,Excelsior,3,2,H,3,0,H,28,19,9,8,11,9,15,5,0,0,0,0
N1,21/05/2023,13:30,Ajax,Utrecht,3,1,H,1,0,H,27,5,9,1,5,4,8,1,0,1,0,0
N1,21/05/2023,13:30,Excelsior,For Sittard,3,0,H,0,0,D,14,13,6,3,14,5,6,2,1,2,0,0
N1,21/05/2023,13:30,FC Emmen,Feyenoord,1,3,A,1,1,D,5,22,2,8,7,9,3,8,1,2,0,0
N1,21/05/2023,13:30,Go Ahead Eagles,Volendam,3,0,H,1,0,H,20,16,6,3,8,9,8,3,0,2,0,0
N1,21/05/2023,13:30,Nijmegen,AZ Alkmaar,0,3,A,0,2,A,11,14,2,6,10,7,3,4,2,0,1,0
N1,21/05/2023,13:30,PSV Eindhoven,Heerenveen,3,3,D,1,2,A,22,13,5,6,9,11,9,6,3,2,0,0
N1,21/05/2023,13:30,Sparta Rotterdam,Cambuur,4,1,H,3,1,H,11,15,5,4,6,9,4,4,1,1,0,0
N1,21/05/2023,13:30,Vitesse,Groningen,6,0,H,2,0,H,30,8,13,1,5,5,2,2,1,0,0,1
N1,21/05/2023,13:30,Waalwijk,Twente,0,5,A,0,2,A,4,20,2,12,11,7,5,5,3,1,0,0
N1,14/05/2023,11:15,Vitesse,Cambuur,2,0,H,0,0,D,14,10,2,1,11,13,4,4,2,0,1,0
N1,14/05/2023,15:45,Feyenoord,Go Ahead Eagles,3,0,H,2,0,H,12,7,3,1,12,9,1,2,1,1,0,0
N1,14/05/2023,19:00,AZ Alkmaar,FC Emmen,5,1,H,5,0,H,23,7,4,2,8,5,13,3,0,0,0,0
N1,14/05/2023,19:00,PSV Eindhoven,For Sittard,2,1,H,1,1,D,22,4,7,0,7,7,14,1,1,3,0,0
N1,14/05/2023,13:30,Groningen,Ajax,2,3,A,1,1,D,12,18,5,8,12,5,3,10,3,0,0,0
N1,13/05/2023,17:45,Volendam,Sparta Rotterdam,2,1,H,1,1,D,11,6,5,2,13,5,6,5,2,2,0,0
N1,13/05/2023,19:00,Heerenveen,Excelsior,0,0,D,0,0,D,11,15,2,4,10,12,5,6,3,2,0,0
N1,13/05/2023,20:00,Utrecht,Waalwijk,2,0,H,0,0,D,13,10,3,2,7,9,4,4,1,2,0,0
N1,12/05/2023,19:00,Twente,Nijmegen,4,0,H,1,0,H,26,7,11,2,16,7,7,3,2,1,0,0
N1,07/05/2023,11:15,FC Emmen,Twente,0,3,A,0,0,D,11,16,4,4,6,16,2,2,0,2,0,0
N1,07/05/2023,13:30,Excelsior,Feyenoord,0,2,A,0,1,A,9,8,4,3,11,10,4,2,0,0,0,0
N1,07/05/2023,13:30,Go Ahead Eagles,Groningen,1,1,D,1,1,D,14,7,6,2,11,13,6,5,1,4,0,0
N1,07/05/2023,15:45,For Sittard,Vitesse,2,0,H,0,0,D,7,14,4,2,12,11,5,8,2,1,0,0
N1,06/05/2023,17:45,Sparta Rotterdam,PSV Eindhoven,0,1,A,0,0,D,5,21,0,4,7,15,2,4,1,1,0,0
N1,06/05/2023,19:00,Cambuur,Utrecht,0,3,A,0,2,A,5,10,0,1,7,6,4,0,0,1,0,0
N1,06/05/2023,19:00,Nijmegen,Heerenveen,2,3,A,1,1,D,11,10,3,4,14,19,4,3,0,2,0,0
N1,06/05/2023,20:00,Ajax,AZ Alkmaar,0,0,D,0,0,D,18,11,3,4,10,10,8,2,1,2,0,0
N1,05/05/2023,19:00,Waalwijk,Volendam,4,1,H,2,0,H,11,15,4,4,7,8,4,8,1,0,0,0
N1,25/04/2023,14:00,Groningen,Nijmegen,0,1,A,0,0,D,14,9,2,3,14,8,4,8,1,0,1,0
N1,23/04/2023,11:15,Twente,Sparta Rotterdam,3,3,D,1,2,A,21,17,7,7,7,13,17,6,1,4,0,1
N1,23/04/2023,13:30,Go Ahead Eagles,For Sittard,2,0,H,1,0,H,15,15,6,3,9,2,6,9,2,0,0,0
N1,23/04/2023,13:30,PSV Eindhoven,Ajax,3,0,H,1,0,H,11,8,4,2,17,11,5,5,1,3,0,0
N1,23/04/2023,15:45,Feyenoord,Utrecht,3,1,H,1,0,H,15,6,9,1,0,7,4,0,0,2,0,0
N1,23/04/2023,19:00,AZ Alkmaar,Waalwijk,3,0,H,1,0,H,16,7,8,1,9,6,8,0,0,1,0,0
N1,22/04/2023,17:45,Heerenveen,FC Emmen,2,3,A,1,0,H,15,14,4,5,7,11,10,5,0,1,0,0
N1,22/04/2023,20:00,Vitesse,Excelsior,0,0,D,0,0,D,28,6,7,0,6,11,17,3,2,1,0,0
N1,21/04/2023,19:00,Volendam,Cambuur,2,0,H,1,0,H,15,9,7,2,10,9,9,5,0,2,0,0
N1,19/04/2023,17:45,Go Ahead Eagles,Waalwijk,3,2,H,2,1,H,25,5,11,3,7,14,10,1,0,1,0,0
N1,16/04/2023,11:15,Nijmegen,Vitesse,1,4,A,0,2,A,13,14,3,4,11,20,7,6,3,3,0,0
N1,16/04/2023,13:30,Utrecht,Twente,1,0,H,0,0,D,10,19,3,5,13,13,4,8,0,2,0,0
N1,16/04/2023,13:30,Volendam,PSV Eindhoven,2,3,A,0,2,A,11,8,3,5,8,9,3,2,1,3,0,0
N1,16/04/2023,15:45,Cambuur,Feyenoord,0,3,A,0,1,A,11,25,1,9,7,8,2,9,2,2,0,0
N1,16/04/2023,19:00,Ajax,FC Emmen,3,1,H,2,0,H,26,8,10,4,10,3,13,5,2,1,0,0
N1,16/04/2023,19:00,For Sittard,AZ Alkmaar,0,3,A,0,2,A,11,14,3,6,10,14,1,12,0,0,0,0
N1,15/04/2023,17:45,Waalwijk,Groningen,2,1,H,0,0,D,12,15,3,4,4,12,3,2,0,1,0,0
N1,15/04/2023,20:00,Sparta Rotterdam,Heerenveen,4,0,H,1,0,H,10,12,4,5,7,10,7,4,1,2,0,0
N1,14/04/2023,19:00,Excelsior,Go Ahead Eagles,2,1,H,0,0,D,14,17,3,7,7,10,5,12,0,3,0,0
N1,09/04/2023,11:15,Twente,Cambuur,4,0,H,3,0,H,30,8,10,3,15,10,7,2,1,2,0,0
N1,09/04/2023,13:30,FC Emmen,Nijmegen,0,0,D,0,0,D,14,22,4,3,18,15,2,5,1,1,0,0
N1,09/04/2023,15:45,Ajax,For Sittard,4,0,H,2,0,H,31,9,8,1,10,4,17,4,0,1,0,0
N1,09/04/2023,19:00,Feyenoord,Waalwijk,5,1,H,3,0,H,22,6,10,2,7,9,7,4,1,1,0,0
N1,08/04/2023,17:45,Vitesse,Go Ahead Eagles,2,0,H,1,0,H,19,9,9,1,10,8,6,2,0,1,0,0
N1,08/04/2023,19:00,AZ Alkmaar,Sparta Rotterdam,0,1,A,0,1,A,16,11,3,3,16,5,4,4,2,2,0,0
N1,08/04/2023,19:00,PSV Eindhoven,Excelsior,4,0,H,1,0,H,21,5,9,2,6,9,7,1,0,4,0,0
N1,08/04/2023,20:00,Heerenveen,Volendam,2,1,H,2,1,H,15,9,9,5,8,13,4,2,1,0,0,0
N1,07/04/2023,19:00,Groningen,Utrecht,1,2,A,1,1,D,6,16,1,4,12,9,2,7,4,1,0,0
N1,02/04/2023,11:15,Go Ahead Eagles,Ajax,0,0,D,0,0,D,5,9,2,4,8,12,2,6,2,1,0,0
N1,02/04/2023,13:30,Sparta Rotterdam,Feyenoord,1,3,A,1,1,D,7,22,5,5,9,7,4,8,1,1,0,0
N1,02/04/2023,13:30,Utrecht,Volendam,0,0,D,0,0,D,18,8,5,2,11,14,11,7,2,1,0,0
N1,02/04/2023,15:45,For Sittard,Groningen,3,1,H,2,0,H,8,19,5,4,11,7,3,9,1,0,0,0
N1,01/04/2023,15:30,AZ Alkmaar,Heerenveen,1,1,D,0,1,A,21,9,7,2,9,11,9,2,5,2,0,0
N1,01/04/2023,17:45,Excelsior,Twente,0,0,D,0,0,D,6,26,1,8,11,8,7,10,3,1,0,0
N1,01/04/2023,19:00,Cambuur,FC Emmen,1,2,A,0,0,D,10,13,2,5,17,12,3,5,3,2,0,0
N1,01/04/2023,19:00,Nijmegen,PSV Eindhoven,2,4,A,0,3,A,12,25,6,11,7,14,3,7,2,2,0,0
N1,01/04/2023,20:00,Waalwijk,Vitesse,1,0,H,1,0,H,10,16,4,7,9,13,1,2,1,2,0,0
N1,19/03/2023,11:15,Groningen,Heerenveen,0,2,A,0,2,A,11,13,1,5,11,13,5,2,0,1,0,0
N1,19/03/2023,13:30,Ajax,Feyenoord,2,3,A,2,1,H,12,17,5,5,15,14,8,4,3,5,0,0
N1,19/03/2023,13:30,Excelsior,Cambuur,4,1,H,4,0,H,6,19,3,9,14,12,4,8,1,0,0,0
N1,19/03/2023,15:45,Vitesse,PSV Eindhoven,1,1,D,0,1,A,10,13,2,3,11,11,5,5,1,0,0,0
N1,19/03/2023,19:00,Twente,AZ Alkmaar,2,1,H,2,0,H,18,12,4,3,10,10,6,2,2,1,0,0
N1,18/03/2023,15:30,Utrecht,Go Ahead Eagles,1,2,A,1,1,D,11,18,6,6,13,11,6,3,2,2,0,0
N1,18/03/2023,17:45,FC Emmen,Sparta Rotterdam,0,2,A,0,1,A,12,15,6,8,8,11,1,8,0,2,0,0
N1,18/03/2023,20:00,Waalwijk,Nijmegen,1,3,A,0,3,A,15,12,4,7,14,9,2,4,2,1,0,0
N1,17/03/2023,19:00,Volendam,For Sittard,2,1,H,1,0,H,9,13,2,4,8,11,1,14,3,1,0,0
N1,12/03/2023,11:15,Nijmegen,Utrecht,2,2,D,1,0,H,11,12,6,6,11,19,3,7,1,3,0,0
N1,12/03/2023,13:30,Heerenveen,Ajax,2,4,A,1,3,A,6,13,4,6,13,11,5,8,2,2,0,0
N1,12/03/2023,15:45,PSV Eindhoven,Cambuur,5,2,H,1,1,D,25,12,16,5,13,8,6,5,1,1,0,0
N1,12/03/2023,19:00,Feyenoord,Volendam,2,1,H,0,1,A,25,9,8,2,6,6,9,2,1,1,0,1
N1,11/03/2023,15:30,FC Emmen,Excelsior,2,0,H,0,0,D,9,11,4,4,10,14,2,6,1,3,0,0
N1,11/03/2023,17:45,For Sittard,Twente,0,3,A,0,0,D,10,17,3,5,15,8,0,4,3,2,0,0
N1,11/03/2023,19:00,AZ Alkmaar,Groningen,1,0,H,1,0,H,10,11,3,2,7,8,5,2,0,1,0,0
N1,11/03/2023,20:00,Sparta Rotterdam,Vitesse,3,1,H,2,1,H,19,9,10,2,12,13,7,3,0,1,0,1
N1,05/03/2023,11:15,Excelsior,Sparta Rotterdam,1,4,A,1,1,D,17,14,5,7,7,4,4,4,0,0,0,0
N1,05/03/2023,13:30,Waalwijk,PSV Eindhoven,0,1,A,0,1,A,10,23,3,7,9,8,2,4,2,4,0,0
N1,05/03/2023,15:45,Ajax,Nijmegen,1,0,H,0,0,D,19,5,7,2,17,17,10,2,1,3,0,0
N1,05/03/2023,19:00,Cambuur,Go Ahead Eagles,4,1,H,2,1,H,15,18,7,3,10,13,4,6,1,1,0,0
N1,04/03/2023,17:45,Volendam,FC Emmen,3,1,H,0,0,D,22,21,10,7,7,4,9,3,0,1,0,0
N1,04/03/2023,19:00,Feyenoord,Groningen,1,0,H,0,0,D,23,6,6,0,10,10,14,3,1,4,0,1
N1,04/03/2023,20:00,Twente,Heerenveen,3,3,D,1,1,D,18,18,5,5,8,8,6,6,0,3,0,0
N1,03/03/2023,19:00,Utrecht,For Sittard,1,2,A,0,0,D,13,9,5,5,3,10,3,1,2,1,0,0
N1,03/03/2023,19:00,Vitesse,AZ Alkmaar,0,1,A,0,1,A,12,16,1,6,7,13,4,6,0,1,0,0
N1,26/02/2023,11:15,For Sittard,Feyenoord,2,4,A,0,3,A,13,18,5,7,7,9,7,5,0,0,0,0
N1,26/02/2023,13:30,FC Emmen,Go Ahead Eagles,2,2,D,1,1,D,8,8,3,4,12,15,3,4,3,3,0,0
N1,26/02/2023,13:30,Vitesse,Ajax,1,2,A,1,1,D,10,10,5,3,13,12,6,4,0,2,0,0
N1,26/02/2023,15:45,PSV Eindhoven,Twente,3,1,H,1,0,H,14,14,9,8,11,8,6,5,1,1,0,0
N1,25/02/2023,15:30,Groningen,Excelsior,3,0,H,1,0,H,17,4,8,0,13,11,3,1,0,0,0,0
N1,25/02/2023,17:45,Heerenveen,Waalwijk,1,4,A,1,0,H,26,8,8,4,8,14,5,0,2,2,0,0
N1,25/02/2023,19:00,AZ Alkmaar,Cambuur,2,1,H,1,0,H,14,9,7,3,10,12,5,1,3,2,0,1
N1,25/02/2023,20:00,Nijmegen,Volendam,3,0,H,0,0,D,21,11,7,6,7,15,6,1,0,3,0,0
N1,24/02/2023,19:00,Sparta Rotterdam,Utrecht,0,3,A,0,0,D,14,14,1,5,11,10,0,6,3,2,1,0
N1,19/02/2023,11:15,Cambuur,Heerenveen,1,2,A,1,1,D,11,12,3,4,11,16,2,5,3,0,0,0
N1,19/02/2023,13:30,Go Ahead Eagles,Twente,2,0,H,2,0,H,11,19,5,2,8,13,1,4,0,1,0,0
N1,19/02/2023,13:30,Utrecht,PSV Eindhoven,2,2,D,1,1,D,8,16,4,8,14,7,2,5,0,1,0,0
N1,19/02/2023,15:45,Ajax,Sparta Rotterdam,4,0,H,2,0,H,23,7,12,2,6,12,5,2,0,1,0,0
N1,19/02/2023,19:00,Excelsior,Nijmegen,0,3,A,0,1,A,10,17,4,6,9,6,8,2,3,2,1,0
N1,18/02/2023,15:30,Volendam,Vitesse,2,0,H,1,0,H,9,15,3,1,13,5,5,8,1,0,0,0
N1,18/02/2023,17:45,Groningen,FC Emmen,1,1,D,1,1,D,19,7,3,3,13,18,9,2,1,4,0,1
N1,18/02/2023,20:00,Feyenoord,AZ Alkmaar,2,1,H,1,1,D,18,2,3,0,12,16,2,5,3,3,0,0
N1,17/02/2023,19:00,Waalwijk,For Sittard,3,1,H,0,0,D,18,10,9,5,12,6,5,4,1,3,0,0
N1,12/02/2023,11:15,Sparta Rotterdam,Go Ahead Eagles,2,1,H,1,0,H,19,18,6,4,12,13,7,4,1,3,0,0
N1,12/02/2023,13:30,Heerenveen,Feyenoord,1,2,A,0,2,A,13,13,4,3,9,12,5,7,1,1,0,0
N1,12/02/2023,13:30,Vitesse,Utrecht,2,0,H,0,0,D,13,11,4,4,10,11,3,8,1,2,1,0
N1,12/02/2023,15:45,Ajax,Waalwijk,3,1,H,0,1,A,17,6,5,3,11,11,10,2,2,2,0,0
N1,12/02/2023,15:45,Twente,Volendam,3,0,H,3,0,H,18,9,9,2,11,7,9,2,1,0,0,0
N1,11/02/2023,17:45,Nijmegen,Cambuur,0,0,D,0,0,D,16,13,6,4,14,15,14,4,2,4,0,0
N1,11/02/2023,19:00,PSV Eindhoven,Groningen,6,0,H,1,0,H,34,3,13,1,7,6,18,1,0,0,0,0
N1,11/02/2023,20:00,FC Emmen,For Sittard,0,1,A,0,0,D,10,14,2,4,7,7,3,6,1,1,0,0
N1,10/02/2023,19:00,AZ Alkmaar,Excelsior,5,0,H,5,0,H,21,3,11,1,9,9,10,0,0,1,0,0
N1,05/02/2023,11:15,Cambuur,Ajax,0,5,A,0,2,A,4,20,1,5,18,6,3,6,3,1,0,0
N1,05/02/2023,13:30,Feyenoord,PSV Eindhoven,2,2,D,0,1,A,35,7,7,4,7,14,12,1,2,7,0,1
N1,05/02/2023,13:30,Go Ahead Eagles,Nijmegen,1,0,H,1,0,H,11,7,2,0,13,16,2,6,0,4,0,0
N1,05/02/2023,15:45,Groningen,Twente,1,1,D,0,1,A,19,9,7,1,8,14,5,5,0,1,0,0
N1,04/02/2023,17:45,Volendam,AZ Alkmaar,1,1,D,0,0,D,9,13,2,3,12,10,2,6,1,3,1,0
N1,04/02/2023,19:00,FC Emmen,Vitesse,2,2,D,1,2,A,6,14,3,8,7,9,6,4,1,4,0,0
N1,04/02/2023,19:00,Utrecht,Heerenveen,1,0,H,0,0,D,12,9,7,5,10,10,4,3,1,2,0,0
N1,04/02/2023,20:00,Excelsior,Waalwijk,0,0,D,0,0,D,15,17,3,6,5,7,10,0,1,2,0,0
N1,03/02/2023,19:00,For Sittard,Sparta Rotterdam,0,0,D,0,0,D,14,8,7,2,6,7,3,3,0,0,0,0
N1,01/02/2023,19:00,Waalwijk,Go Ahead Eagles,3,1,H,1,1,D,6,11,4,2,14,9,1,4,2,2,0,0
N1,29/01/2023,11:15,Twente,Feyenoord,1,1,D,0,1,A,14,17,6,6,13,8,2,6,2,2,0,0
N1,29/01/2023,13:30,Excelsior,Ajax,1,4,A,1,2,A,12,19,4,9,9,5,6,7,1,1,0,0
N1,29/01/2023,13:30,Volendam,Groningen,3,2,H,1,0,H,12,13,5,3,10,7,5,3,0,1,0,0
N1,29/01/2023,15:45,Cambuur,For Sittard,1,2,A,1,0,H,9,18,1,6,13,8,6,4,2,4,0,0
N1,28/01/2023,15:30,PSV Eindhoven,Go Ahead Eagles,2,0,H,1,0,H,19,6,3,1,6,10,9,2,2,2,0,0
N1,28/01/2023,17:45,Waalwijk,FC Emmen,2,0,H,2,0,H,6,17,4,3,16,7,3,6,5,1,1,0
N1,28/01/2023,19:00,Heerenveen,Vitesse,1,3,A,1,2,A,10,22,2,8,10,9,6,6,1,0,0,0
N1,28/01/2023,19:00,Nijmegen,Sparta Rotterdam,1,1,D,0,0,D,26,9,4,4,9,18,11,3,1,2,0,0
N1,28/01/2023,20:00,AZ Alkmaar,Utrecht,5,5,D,3,3,D,15,24,9,9,5,5,3,7,0,1,0,0
N1,26/01/2023,17:45,Groningen,Cambuur,0,1,A,0,0,D,15,10,2,4,11,5,9,1,3,0,0,0
N1,26/01/2023,20:00,Ajax,Volendam,1,1,D,0,0,D,31,2,7,1,6,13,13,0,0,1,0,0
N1,25/01/2023,17:45,Go Ahead Eagles,AZ Alkmaar,1,4,A,0,1,A,13,16,1,9,9,18,6,7,1,1,0,0
N1,25/01/2023,17:45,Vitesse,Twente,2,2,D,1,1,D,17,10,6,4,14,7,6,8,2,0,0,0
N1,25/01/2023,19:00,For Sittard,Heerenveen,2,0,H,0,0,D,16,15,6,4,8,12,7,8,1,1,0,0
N1,25/01/2023,20:00,Feyenoord,Nijmegen,2,0,H,2,0,H,22,8,9,5,6,5,12,4,1,2,0,1
N1,25/01/2023,20:00,Utrecht,Excelsior,1,0,H,1,0,H,17,2,9,0,8,17,7,3,1,2,0,0
N1,24/01/2023,17:45,FC Emmen,PSV Eindhoven,1,0,H,1,0,H,11,12,2,4,9,16,5,6,3,4,0,1
N1,24/01/2023,20:00,Sparta Rotterdam,Waalwijk,0,0,D,0,0,D,9,12,4,3,7,12,2,3,0,0,0,0
N1,22/01/2023,11:15,Heerenveen,Groningen,3,1,H,1,1,D,18,10,9,3,6,15,7,5,0,3,0,0
N1,22/01/2023,13:30,Feyenoord,Ajax,1,1,D,1,0,H,11,11,4,3,19,14,7,6,4,4,0,0
N1,22/01/2023,13:30,Twente,Utrecht,2,0,H,1,0,H,15,7,6,1,9,7,4,4,1,1,0,0
N1,22/01/2023,15:45,AZ Alkmaar,For Sittard,3,1,H,2,1,H,16,8,5,1,10,8,6,2,1,0,0,0
N1,21/01/2023,17:45,Nijmegen,FC Emmen,3,1,H,2,1,H,20,10,5,4,11,21,9,5,0,1,0,0
N1,21/01/2023,19:00,Cambuur,Sparta Rotterdam,0,3,A,0,2,A,14,12,3,6,12,6,6,2,1,0,0,0
N1,21/01/2023,19:00,PSV Eindhoven,Vitesse,1,0,H,0,0,D,15,12,5,4,5,9,3,4,0,1,0,1
N1,20/01/2023,19:00,Excelsior,Volendam,2,0,H,1,0,H,17,9,4,0,7,9,7,4,1,1,0,0
N1,15/01/2023,11:15,Vitesse,Nijmegen,0,0,D,0,0,D,24,6,6,3,19,14,11,4,1,4,0,1
N1,15/01/2023,13:30,For Sittard,PSV Eindhoven,2,2,D,1,0,H,6,32,3,12,9,7,1,10,0,2,1,0
N1,15/01/2023,13:30,Go Ahead Eagles,Utrecht,2,2,D,1,2,A,13,11,4,6,10,8,5,7,3,0,0,0
N1,15/01/2023,15:45,FC Emmen,Cambuur,0,0,D,0,0,D,15,9,7,2,7,17,6,7,0,1,0,0
N1,15/01/2023,15:45,Groningen,Feyenoord,0,3,A,0,2,A,5,28,2,10,8,4,2,13,1,0,0,0
N1,14/01/2023,17:45,Heerenveen,AZ Alkmaar,0,2,A,0,1,A,21,13,2,6,12,12,3,1,0,3,0,0
N1,14/01/2023,17:45,Volendam,Waalwijk,2,1,H,0,0,D,14,8,5,4,13,9,9,4,1,0,0,0
N1,14/01/2023,20:00,Ajax,Twente,0,0,D,0,0,D,6,24,5,7,9,15,3,5,1,4,1,0
N1,14/01/2023,20:00,Sparta Rotterdam,Excelsior,1,0,H,0,0,D,15,11,4,4,9,9,6,3,1,1,0,0
N1,08/01/2023,11:15,Utrecht,Feyenoord,1,1,D,1,0,H,8,10,4,4,9,4,5,2,2,1,0,0
N1,08/01/2023,13:30,Cambuur,Volendam,0,3,A,0,2,A,9,9,4,5,13,9,7,4,3,1,0,0
N1,08/01/2023,13:30,Nijmegen,Ajax,1,1,D,0,1,A,6,21,1,7,9,14,1,9,1,3,0,0
N1,08/01/2023,15:45,Excelsior,Groningen,1,0,H,0,0,D,14,11,3,4,11,11,4,6,2,3,0,0
N1,07/01/2023,15:30,Waalwijk,Heerenveen,0,0,D,0,0,D,6,18,2,9,10,9,3,7,1,1,0,0
N1,07/01/2023,17:45,AZ Alkmaar,Vitesse,1,1,D,0,0,D,15,13,5,3,11,14,7,4,2,1,0,0
N1,07/01/2023,19:00,For Sittard,Go Ahead Eagles,0,2,A,0,2,A,9,20,2,6,14,10,4,10,4,2,0,0
N1,07/01/2023,20:00,PSV Eindhoven,Sparta Rotterdam,0,0,D,0,0,D,17,12,4,4,7,16,5,4,1,3,0,0
N1,06/01/2023,19:00,Twente,FC Emmen,2,0,H,1,0,H,20,5,3,1,9,10,11,3,1,2,0,0
N1,13/11/2022,11:15,Nijmegen,Waalwijk,6,1,H,1,1,D,27,6,12,3,7,14,7,3,1,2,0,1
N1,13/11/2022,13:30,Groningen,For Sittard,2,3,A,1,0,H,12,15,3,7,6,6,4,5,2,3,0,0
N1,13/11/2022,13:30,Heerenveen,Cambuur,2,1,H,1,1,D,15,7,4,2,7,9,7,2,3,2,0,0
N1,13/11/2022,15:45,Feyenoord,Excelsior,5,1,H,2,1,H,23,5,12,3,12,11,5,2,2,3,0,0
N1,13/11/2022,19:00,Go Ahead Eagles,Vitesse,2,2,D,2,0,H,10,24,3,7,7,10,3,11,1,6,0,0
N1,12/11/2022,15:30,Volendam,Utrecht,0,4,A,0,1,A,12,13,2,8,9,8,4,5,1,1,0,0
N1,12/11/2022,17:45,FC Emmen,Ajax,3,3,D,1,3,A,15,10,5,5,11,9,5,1,2,1,0,0
N1,12/11/2022,20:00,PSV Eindhoven,AZ Alkmaar,0,1,A,0,1,A,10,10,2,3,8,12,4,2,0,2,0,0
N1,11/11/2022,19:00,Sparta Rotterdam,Twente,1,1,D,0,0,D,11,17,2,5,11,10,3,7,2,0,0,0
N1,10/11/2022,19:00,Feyenoord,Cambuur,1,0,H,1,0,H,21,7,7,4,9,9,8,4,3,1,0,0
N1,09/11/2022,19:00,Ajax,Vitesse,2,2,D,1,1,D,34,10,8,8,10,13,8,7,1,1,0,0
N1,06/11/2022,11:15,Utrecht,Groningen,2,1,H,0,1,A,20,6,6,1,6,11,6,5,3,1,0,0
N1,06/11/2022,13:30,Twente,Go Ahead Eagles,1,1,D,1,0,H,27,13,6,2,12,10,6,5,4,2,0,0
N1,06/11/2022,13:30,Volendam,Feyenoord,0,2,A,0,2,A,7,23,2,12,9,7,6,8,2,2,0,0
N1,06/11/2022,15:45,Ajax,PSV Eindhoven,1,2,A,0,1,A,14,5,5,2,11,14,9,1,2,3,0,0
N1,06/11/2022,15:45,Waalwijk,AZ Alkmaar,3,1,H,1,1,D,17,12,7,6,7,8,8,5,1,3,0,0
N1,05/11/2022,15:30,Vitesse,Sparta Rotterdam,0,4,A,0,0,D,14,11,5,6,6,15,6,2,1,0,0,0
N1,05/11/2022,17:45,For Sittard,FC Emmen,0,1,A,0,0,D,14,15,1,6,10,8,8,3,2,1,0,0
N1,05/11/2022,20:00,Excelsior,Heerenveen,0,1,A,0,0,D,11,8,1,4,10,9,7,2,0,1,0,0
N1,04/11/2022,19:00,Cambuur,Nijmegen,0,1,A,0,1,A,16,23,6,11,12,9,5,6,1,0,0,0
N1,30/10/2022,11:15,FC Emmen,Groningen,0,0,D,0,0,D,15,13,4,1,8,6,9,5,1,1,0,0
N1,30/10/2022,13:30,PSV Eindhoven,Nijmegen,3,0,H,1,0,H,13,12,7,2,10,5,5,4,0,2,0,0
N1,30/10/2022,13:30,Twente,Waalwijk,3,0,H,2,0,H,19,9,6,0,10,9,6,4,1,2,0,0
N1,30/10/2022,15:45,AZ Alkmaar,Volendam,2,1,H,2,0,H,12,18,5,6,7,9,5,9,2,2,1,0
N1,29/10/2022,15:30,Heerenveen,Utrecht,1,2,A,1,1,D,17,5,8,2,8,10,4,2,2,4,0,0
N1,29/10/2022,17:45,Sparta Rotterdam,For Sittard,3,1,H,1,1,D,14,13,5,3,10,9,6,6,1,2,0,0
N1,29/10/2022,20:00,Go Ahead Eagles,Excelsior,3,1,H,2,0,H,15,9,8,4,12,10,6,3,0,4,0,0
N1,23/10/2022,11:15,Excelsior,AZ Alkmaar,2,1,H,2,0,H,8,17,2,8,9,11,3,9,2,1,0,0
N1,23/10/2022,13:30,Cambuur,Twente,0,1,A,0,0,D,8,15,3,4,11,17,7,5,3,2,0,0
N1,23/10/2022,13:30,Groningen,PSV Eindhoven,4,2,H,3,1,H,17,28,7,10,9,5,2,13,0,0,0,0
N1,23/10/2022,13:30,Nijmegen,Go Ahead Eagles,3,3,D,1,2,A,19,7,5,5,9,11,3,3,3,1,0,0
N1,23/10/2022,15:45,Utrecht,Sparta Rotterdam,3,1,H,1,0,H,15,21,9,3,7,11,8,5,0,2,0,0
N1,23/10/2022,19:00,Volendam,Heerenveen,1,3,A,1,1,D,12,9,5,4,7,8,8,5,2,3,0,0
N1,22/10/2022,15:30,Feyenoord,For Sittard,1,1,D,0,1,A,33,4,11,1,10,8,12,2,0,1,0,0
N1,22/10/2022,17:45,Waalwijk,Ajax,1,4,A,1,1,D,14,17,4,8,7,9,5,7,3,2,0,0
N1,22/10/2022,20:00,Vitesse,FC Emmen,2,1,H,2,0,H,16,4,4,2,9,14,4,3,1,2,0,0
N1,16/10/2022,11:15,Sparta Rotterdam,Nijmegen,2,0,H,2,0,H,14,15,4,4,13,10,4,3,2,3,0,0
N1,16/10/2022,13:30,PSV Eindhoven,Utrecht,6,1,H,3,1,H,12,8,9,2,8,11,5,3,0,3,0,0
N1,16/10/2022,13:30,Twente,Groningen,3,0,H,0,0,D,24,5,7,2,3,10,9,2,1,2,0,0
N1,16/10/2022,15:45,AZ Alkmaar,Feyenoord,1,3,A,1,1,D,5,13,2,5,10,5,1,2,2,1,0,0
N1,16/10/2022,19:00,Ajax,Excelsior,7,1,H,3,0,H,29,7,20,2,5,8,13,2,0,0,0,0
N1,15/10/2022,17:45,For Sittard,Waalwijk,0,0,D,0,0,D,9,11,3,3,9,10,8,5,3,2,0,0
N1,15/10/2022,19:00,Go Ahead Eagles,Heerenveen,1,1,D,0,0,D,13,16,3,3,6,11,2,3,2,1,0,0
N1,15/10/2022,20:00,Cambuur,Vitesse,0,3,A,0,1,A,10,19,2,6,11,9,4,7,0,1,0,0
N1,14/10/2022,19:00,FC Emmen,Volendam,1,1,D,0,0,D,18,12,4,4,10,10,7,5,0,1,0,0
N1,09/10/2022,11:15,Go Ahead Eagles,Cambuur,0,0,D,0,0,D,20,7,6,3,10,8,12,5,2,0,0,0
N1,09/10/2022,13:30,Feyenoord,Twente,2,0,H,1,0,H,20,5,7,2,8,11,10,3,2,1,0,1
N1,09/10/2022,13:30,Utrecht,AZ Alkmaar,1,2,A,0,1,A,11,14,4,6,13,10,6,7,3,0,0,0
N1,09/10/2022,15:45,Heerenveen,PSV Eindhoven,0,1,A,0,0,D,9,16,1,6,11,7,2,7,2,0,0,0
N1,09/10/2022,19:00,Vitesse,For Sittard,1,2,A,1,1,D,10,8,2,4,16,7,8,3,4,1,0,0
N1,08/10/2022,15:30,Volendam,Ajax,2,4,A,0,2,A,13,19,6,9,12,12,3,6,2,3,0,0
N1,08/10/2022,17:45,Sparta Rotterdam,FC Emmen,3,1,H,1,0,H,15,11,4,2,14,7,4,2,4,3,0,1
N1,08/10/2022,20:00,Nijmegen,Excelsior,1,1,D,0,0,D,15,9,6,4,9,15,8,4,2,3,0,0
N1,07/10/2022,19:00,Groningen,Waalwijk,2,3,A,1,1,D,15,13,8,5,5,10,8,9,1,2,1,0
N1,02/10/2022,11:15,For Sittard,Volendam,2,0,H,2,0,H,20,7,6,4,8,9,8,4,1,0,0,1
N1,02/10/2022,13:30,Excelsior,Utrecht,0,1,A,0,1,A,14,20,3,7,12,11,8,10,2,1,0,0
N1,02/10/2022,13:30,Nijmegen,Feyenoord,1,1,D,1,1,D,8,19,2,8,10,20,4,10,1,6,0,0
N1,02/10/2022,15:45,Waalwijk,Sparta Rotterdam,2,2,D,1,1,D,13,15,5,6,8,10,6,5,2,0,0,1
N1,02/10/2022,19:00,FC Emmen,Heerenveen,0,0,D,0,0,D,12,8,3,1,6,8,2,4,1,0,0,0
N1,01/10/2022,15:30,Cambuur,PSV Eindhoven,3,0,H,0,0,D,11,12,4,5,7,11,7,4,0,1,0,0
N1,01/10/2022,17:45,Groningen,AZ Alkmaar,1,4,A,1,2,A,14,13,2,7,7,11,1,1,1,1,0,0
N1,01/10/2022,19:00,Ajax,Go Ahead Eagles,1,1,D,1,0,H,23,3,7,1,6,14,7,0,1,1,0,0
N1,01/10/2022,20:00,Twente,Vitesse,3,0,H,1,0,H,18,8,6,1,15,7,5,2,1,1,0,0
N1,18/09/2022,11:15,Go Ahead Eagles,FC Emmen,2,0,H,1,0,H,16,13,7,6,15,12,3,5,2,2,0,0
N1,18/09/2022,13:30,Heerenveen,Twente,2,1,H,2,1,H,14,20,6,6,10,8,9,11,3,2,0,0
N1,18/09/2022,13:30,PSV Eindhoven,Feyenoord,4,3,H,2,2,D,27,13,10,6,10,10,13,1,2,1,0,0
N1,18/09/2022,15:45,AZ Alkmaar,Ajax,2,1,H,2,1,H,13,15,8,7,5,8,3,5,3,2,0,0
N1,17/09/2022,15:30,Sparta Rotterdam,Groningen,2,1,H,0,0,D,9,4,4,2,11,10,5,1,0,3,0,0
N1,17/09/2022,17:45,Vitesse,Volendam,1,1,D,0,1,A,17,11,9,6,12,10,11,3,2,1,0,0
N1,17/09/2022,19:00,Waalwijk,Cambuur,5,1,H,1,1,D,33,4,13,2,5,11,16,0,2,2,0,2
N1,17/09/2022,20:00,For Sittard,Excelsior,1,0,H,0,0,D,13,14,4,2,10,9,1,5,4,3,1,0
N1,16/09/2022,19:00,Utrecht,Nijmegen,0,0,D,0,0,D,17,12,7,3,8,8,6,5,3,1,0,0
N1,11/09/2022,11:15,Utrecht,Vitesse,1,0,H,0,0,D,12,12,5,5,6,3,10,10,0,1,0,0
N1,11/09/2022,13:30,Cambuur,Groningen,0,1,A,0,0,D,14,10,2,3,9,15,6,4,2,3,0,0
N1,11/09/2022,13:30,PSV Eindhoven,Waalwijk,1,0,H,0,0,D,31,9,5,3,5,14,12,3,1,5,0,0
N1,11/09/2022,15:45,AZ Alkmaar,Twente,1,1,D,0,0,D,12,10,3,2,9,8,6,5,1,2,0,0
N1,11/09/2022,19:00,Feyenoord,Sparta Rotterdam,3,0,H,2,0,H,23,8,9,2,13,4,8,3,0,0,0,0
N1,10/09/2022,15:30,Nijmegen,For Sittard,1,1,D,0,0,D,22,8,6,3,14,23,13,4,0,6,0,1
N1,10/09/2022,17:45,Ajax,Heerenveen,5,0,H,2,0,H,20,5,7,1,3,4,17,3,1,2,0,0
N1,10/09/2022,20:00,Excelsior,FC Emmen,2,1,H,0,1,A,13,11,4,4,10,8,6,8,1,2,0,0
N1,09/09/2022,19:00,Volendam,Go Ahead Eagles,2,3,A,1,1,D,18,11,6,4,10,16,8,10,3,2,0,0
N1,04/09/2022,11:15,Waalwijk,Excelsior,5,2,H,1,2,A,22,10,9,4,14,6,8,3,1,1,0,0
N1,04/09/2022,13:30,FC Emmen,AZ Alkmaar,0,3,A,0,3,A,11,15,2,7,5,10,7,1,0,2,0,0
N1,04/09/2022,13:30,Heerenveen,Nijmegen,0,0,D,0,0,D,11,12,2,2,8,18,1,5,1,1,1,0
N1,04/09/2022,15:45,Groningen,Vitesse,0,1,A,0,0,D,7,19,0,5,7,10,3,8,1,2,0,0
N1,03/09/2022,15:30,Ajax,Cambuur,4,0,H,2,0,H,22,5,8,3,7,7,9,1,1,2,0,0
N1,03/09/2022,17:45,Twente,PSV Eindhoven,2,1,H,2,0,H,18,13,5,6,8,17,4,6,1,2,0,0
N1,03/09/2022,19:00,Sparta Rotterdam,Volendam,4,0,H,1,0,H,15,18,9,6,5,0,5,11,0,0,0,0
N1,03/09/2022,20:00,Go Ahead Eagles,Feyenoord,3,4,A,2,2,D,10,23,4,11,11,9,6,12,0,0,0,0
N1,02/09/2022,19:00,For Sittard,Utrecht,3,4,A,0,0,D,16,26,8,11,8,6,6,8,1,2,0,0
N1,01/09/2022,19:00,AZ Alkmaar,Nijmegen,1,1,D,0,0,D,30,4,13,2,7,10,8,3,1,1,0,0
N1,31/08/2022,17:45,PSV Eindhoven,Volendam,7,1,H,3,1,H,25,9,16,4,2,8,10,3,0,3,0,0
N1,31/08/2022,20:00,Twente,Excelsior,4,0,H,2,0,H,11,9,6,2,7,8,1,4,0,0,0,0
N1,28/08/2022,11:15,Utrecht,Ajax,0,2,A,0,2,A,5,10,1,4,9,10,3,4,2,3,0,0
N1,28/08/2022,13:30,Excelsior,PSV Eindhoven,1,6,A,0,3,A,9,27,4,13,7,7,3,9,0,1,0,0
N1,28/08/2022,13:30,Volendam,Twente,1,0,H,0,0,D,11,20,5,6,12,9,4,10,2,0,0,0
N1,28/08/2022,15:45,Cambuur,AZ Alkmaar,0,1,A,0,0,D,9,16,4,3,7,11,5,5,1,1,1,0
N1,27/08/2022,15:30,Go Ahead Eagles,Sparta Rotterdam,0,1,A,0,1,A,11,17,6,7,13,3,6,7,1,1,1,0
N1,27/08/2022,17:45,Vitesse,Waalwijk,2,2,D,0,1,A,25,10,8,5,12,7,10,4,0,1,0,0
N1,27/08/2022,19:00,Feyenoord,FC Emmen,4,0,H,0,0,D,22,7,7,1,7,9,11,2,0,0,0,0
N1,27/08/2022,20:00,Heerenveen,For Sittard,2,1,H,2,0,H,23,8,9,3,8,9,8,6,1,1,0,0
N1,26/08/2022,19:00,Nijmegen,Groningen,1,1,D,0,0,D,16,15,7,6,11,9,7,6,2,2,0,0
N1,21/08/2022,11:15,Groningen,Go Ahead Eagles,1,0,H,1,0,H,9,8,2,3,11,15,5,4,2,2,0,0
N1,21/08/2022,13:30,Sparta Rotterdam,Ajax,0,1,A,0,1,A,9,14,5,3,10,9,2,7,1,1,0,0
N1,21/08/2022,15:45,Waalwijk,Feyenoord,0,1,A,0,0,D,10,18,4,8,13,5,6,8,2,0,0,0
N1,20/08/2022,15:30,Vitesse,Heerenveen,0,4,A,0,2,A,4,13,2,4,11,8,3,4,3,2,0,0
N1,20/08/2022,17:45,For Sittard,Cambuur,1,4,A,1,0,H,19,16,6,8,11,4,6,5,3,1,0,0
N1,20/08/2022,20:00,FC Emmen,Utrecht,3,2,H,1,2,A,13,9,7,4,8,6,6,6,0,0,0,0
N1,14/08/2022,11:15,Volendam,Nijmegen,1,4,A,1,2,A,16,13,6,8,15,13,6,6,2,0,0,0
N1,14/08/2022,13:30,Ajax,Groningen,6,1,H,3,1,H,24,4,11,2,4,6,7,3,1,0,0,0
N1,14/08/2022,13:30,Twente,For Sittard,3,0,H,2,0,H,19,5,8,1,13,12,10,1,1,3,0,0
N1,14/08/2022,15:45,Sparta Rotterdam,AZ Alkmaar,2,3,A,1,1,D,8,25,3,7,12,7,2,6,2,2,0,0
N1,13/08/2022,17:45,Go Ahead Eagles,PSV Eindhoven,2,5,A,1,3,A,11,23,4,11,13,8,6,6,1,0,1,0
N1,13/08/2022,19:00,FC Emmen,Waalwijk,1,1,D,0,0,D,11,12,5,2,15,15,3,4,3,1,0,0
N1,13/08/2022,19:00,Utrecht,Cambuur,0,0,D,0,0,D,15,21,6,10,11,14,7,4,3,1,0,0
N1,13/08/2022,20:00,Feyenoord,Heerenveen,0,0,D,0,0,D,19,8,11,3,8,6,7,2,1,2,0,0
N1,12/08/2022,19:00,Excelsior,Vitesse,3,1,H,2,1,H,11,22,6,6,10,18,1,8,0,0,0,1
N1,07/08/2022,11:15,Groningen,Volendam,2,2,D,2,1,H,18,11,6,3,7,11,7,4,0,1,0,0
N1,07/08/2022,13:30,Nijmegen,Twente,0,1,A,0,0,D,11,13,4,2,9,9,6,9,1,1,0,0
N1,07/08/2022,13:30,Vitesse,Feyenoord,2,5,A,1,2,A,9,16,3,8,9,12,5,6,2,1,0,0
N1,07/08/2022,15:45,AZ Alkmaar,Go Ahead Eagles,2,0,H,0,0,D,19,8,8,2,8,11,7,3,1,1,0,0
N1,06/08/2022,15:30,For Sittard,Ajax,2,3,A,1,0,H,13,15,2,4,15,12,3,10,3,0,0,0
N1,06/08/2022,17:45,Cambuur,Excelsior,0,2,A,0,2,A,27,7,8,4,9,5,10,2,1,2,0,0
N1,06/08/2022,19:00,PSV Eindhoven,FC Emmen,4,1,H,3,0,H,11,6,6,2,6,12,3,6,0,1,0,0
N1,06/08/2022,20:00,Waalwijk,Utrecht,2,2,D,2,0,H,11,11,3,3,8,10,3,7,1,0,0,0
N1,05/08/2022,19:00,Heerenveen,Sparta Rotterdam,0,0,D,0,0,D,11,13,2,1,5,8,3,6,1,1,0,30.12
N1,16/05/2021,13:30,AZ Alkmaar,Heracles,5,0,H,1,0,H,26,4,9,2,7,13,8,3,2,2,0,0
N1,16/05/2021,13:30,Feyenoord,Waalwijk,3,0,H,2,0,H,14,3,6,1,7,5,6,0,0,0,0,0
N1,16/05/2021,13:30,Heerenveen,Sparta Rotterdam,1,2,A,0,2,A,16,13,4,4,7,6,3,6,1,1,0,0
N1,16/05/2021,13:30,Twente,Den Haag,3,2,H,2,2,D,23,10,9,5,17,6,9,6,2,1,0,0
N1,16/05/2021,13:30,Utrecht,PSV Eindhoven,1,1,D,1,0,H,8,10,5,3,4,6,3,2,0,0,0,0
N1,16/05/2021,13:30,Vitesse,Ajax,1,3,A,1,2,A,11,18,2,8,9,10,4,10,1,2,0,0
N1,16/05/2021,13:30,VVV Venlo,FC Emmen,0,4,A,0,1,A,12,16,2,8,10,12,4,4,2,2,0,0
N1,16/05/2021,13:30,Willem II,For Sittard,2,1,H,1,0,H,18,10,7,2,8,12,6,5,2,1,0,0
N1,16/05/2021,13:30,Zwolle,Groningen,1,0,H,0,0,D,13,11,4,1,14,11,4,0,0,0,0,0
N1,16/05/2021,13:30,AZ Alkmaar,Heracles,5,0,H,1,0,H,26,4,9,2,7,13,8,3,2,2,0,0
N1,16/05/2021,13:30,Feyenoord,Waalwijk,3,0,H,2,0,H,14,3,6,1,7,5,6,0,0,0,0,0
N1,16/05/2021,13:30,Heerenveen,Sparta Rotterdam,1,2,A,0,2,A,16,13,4,4,7,6,3,6,1,1,0,0
N1,16/05/2021,13:30,Twente,Den Haag,3,2,H,2,2,D,23,10,9,5,17,6,9,6,2,1,0,0
N1,16/05/2021,13:30,Utrecht,PSV Eindhoven,1,1,D,1,0,H,8,10,5,3,4,6,3,2,0,0,0,0
N1,16/05/2021,13:30,Vitesse,Ajax,1,3,A,1,2,A,11,18,2,8,9,10,4,10,1,2,0,0
N1,16/05/2021,13:30,VVV Venlo,FC Emmen,0,4,A,0,1,A,12,16,2,8,10,12,4,4,2,2,0,0
N1,16/05/2021,13:30,Willem II,For Sittard,2,1,H,1,0,H,18,10,7,2,8,12,6,5,2,1,0,0
N1,16/05/2021,13:30,Zwolle,Groningen,1,0,H,0,0,D,13,11,4,1,14,11,4,0,0,0,0,0
N1,13/05/2021,13:30,Ajax,VVV Venlo,3,1,H,1,0,H,19,13,10,8,9,10,7,6,1,1,1,0
N1,13/05/2021,13:30,Den Haag,Willem II,1,4,A,0,3,A,14,16,7,9,13,11,5,2,2,2,0,0
N1,13/05/2021,13:30,FC Emmen,Heerenveen,3,1,H,1,0,H,25,5,7,4,6,10,9,1,0,2,0,2
N1,13/05/2021,13:30,For Sittard,Vitesse,3,3,D,2,2,D,10,19,4,9,20,7,1,11,1,1,0,0
N1,13/05/2021,13:30,Groningen,AZ Alkmaar,0,0,D,0,0,D,8,11,1,3,13,12,2,4,3,1,0,0
N1,13/05/2021,13:30,Heracles,Feyenoord,1,1,D,0,0,D,8,11,5,3,8,9,3,6,2,1,0,0
N1,13/05/2021,13:30,PSV Eindhoven,Zwolle,4,2,H,3,0,H,18,9,10,4,7,11,6,5,0,3,0,0
N1,13/05/2021,13:30,Sparta Rotterdam,Utrecht,0,0,D,0,0,D,11,17,2,6,12,9,3,8,3,2,0,0
N1,13/05/2021,13:30,Waalwijk,Twente,2,1,H,0,0,D,10,5,2,2,11,12,5,0,2,1,0,1
N1,13/05/2021,13:30,Ajax,VVV Venlo,3,1,H,1,0,H,19,13,10,8,9,10,7,6,1,1,1,0
N1,13/05/2021,13:30,Den Haag,Willem II,1,4,A,0,3,A,14,16,7,9,13,11,5,2,2,2,0,0
N1,13/05/2021,13:30,FC Emmen,Heerenveen,3,1,H,1,0,H,25,5,7,4,6,10,9,1,0,2,0,2
N1,13/05/2021,13:30,For Sittard,Vitesse,3,3,D,2,2,D,10,19,4,9,20,7,1,11,1,1,0,0
N1,13/05/2021,13:30,Groningen,AZ Alkmaar,0,0,D,0,0,D,8,11,1,3,13,12,2,4,3,1,0,0
N1,13/05/2021,13:30,Heracles,Feyenoord,1,1,D,0,0,D,8,11,5,3,8,9,3,6,2,1,0,0
N1,13/05/2021,13:30,PSV Eindhoven,Zwolle,4,2,H,3,0,H,18,9,10,4,7,11,6,5,0,3,0,0
N1,13/05/2021,13:30,Sparta Rotterdam,Utrecht,0,0,D,0,0,D,11,17,2,6,12,9,3,8,3,2,0,0
N1,13/05/2021,13:30,Waalwijk,Twente,2,1,H,0,0,D,10,5,2,2,11,12,5,0,2,1,0,1
N1,09/05/2021,11:15,FC Emmen,Groningen,0,4,A,0,1,A,5,15,2,6,18,17,5,6,2,2,0,0
N1,09/05/2021,13:30,Feyenoord,Ajax,0,3,A,0,1,A,15,7,4,4,15,17,3,3,3,2,1,1
N1,09/05/2021,13:30,Zwolle,Den Haag,0,1,A,0,1,A,11,7,3,4,8,14,7,4,2,2,0,0
N1,09/05/2021,15:45,Willem II,PSV Eindhoven,0,2,A,0,1,A,0,11,0,5,11,13,0,5,0,1,0,0
N1,09/05/2021,11:15,FC Emmen,Groningen,0,4,A,0,1,A,5,15,2,6,18,17,5,6,2,2,0,0
N1,09/05/2021,13:30,Feyenoord,Ajax,0,3,A,0,1,A,15,7,4,4,15,17,3,3,3,2,1,1
N1,09/05/2021,13:30,Zwolle,Den Haag,0,1,A,0,1,A,11,7,3,4,8,14,7,4,2,2,0,0
N1,09/05/2021,15:45,Willem II,PSV Eindhoven,0,2,A,0,1,A,0,11,0,5,11,13,0,5,0,1,0,0
N1,08/05/2021,15:30,Twente,Heracles,1,1,D,0,0,D,9,6,5,2,13,8,3,2,2,1,0,0
N1,08/05/2021,17:45,Heerenveen,Utrecht,0,0,D,0,0,D,9,10,2,2,11,10,6,3,1,0,0,0
N1,08/05/2021,19:00,AZ Alkmaar,For Sittard,1,0,H,1,0,H,8,9,5,5,8,14,6,4,3,1,1,0
N1,08/05/2021,20:00,VVV Venlo,Waalwijk,3,3,D,2,2,D,13,14,5,5,17,11,6,4,2,1,0,0
N1,08/05/2021,15:30,Twente,Heracles,1,1,D,0,0,D,9,6,5,2,13,8,3,2,2,1,0,0
N1,08/05/2021,17:45,Heerenveen,Utrecht,0,0,D,0,0,D,9,10,2,2,11,10,6,3,1,0,0,0
N1,08/05/2021,19:00,AZ Alkmaar,For Sittard,1,0,H,1,0,H,8,9,5,5,8,14,6,4,3,1,1,0
N1,08/05/2021,20:00,VVV Venlo,Waalwijk,3,3,D,2,2,D,13,14,5,5,17,11,6,4,2,1,0,0
N1,07/05/2021,19:00,Sparta Rotterdam,Vitesse,3,0,H,1,0,H,13,13,6,1,12,5,3,8,0,0,0,0
N1,07/05/2021,19:00,Sparta Rotterdam,Vitesse,3,0,H,1,0,H,13,13,6,1,12,5,3,8,0,0,0,0
N1,02/05/2021,11:15,Den Haag,Feyenoord,3,2,H,2,1,H,9,14,5,4,17,12,5,4,3,5,0,1
N1,02/05/2021,13:30,Ajax,FC Emmen,4,0,H,1,0,H,15,4,6,0,15,8,9,3,2,2,0,0
N1,02/05/2021,13:30,Groningen,Sparta Rotterdam,1,2,A,0,1,A,11,11,3,4,9,8,2,5,1,1,0,0
N1,02/05/2021,15:45,PSV Eindhoven,Heerenveen,2,2,D,0,1,A,16,9,7,5,11,8,9,3,2,3,0,0
N1,02/05/2021,11:15,Den Haag,Feyenoord,3,2,H,2,1,H,9,14,5,4,17,12,5,4,3,5,0,1
N1,02/05/2021,13:30,Ajax,FC Emmen,4,0,H,1,0,H,15,4,6,0,15,8,9,3,2,2,0,0
N1,02/05/2021,13:30,Groningen,Sparta Rotterdam,1,2,A,0,1,A,11,11,3,4,9,8,2,5,1,1,0,0
N1,02/05/2021,15:45,PSV Eindhoven,Heerenveen,2,2,D,0,1,A,16,9,7,5,11,8,9,3,2,3,0,0
N1,01/05/2021,15:30,Heracles,VVV Venlo,4,0,H,2,0,H,17,16,10,5,10,6,10,5,1,1,0,0
N1,01/05/2021,17:45,For Sittard,Twente,3,0,H,1,0,H,21,4,10,1,15,9,10,0,0,2,0,0
N1,01/05/2021,19:00,Vitesse,Zwolle,2,1,H,1,0,H,20,12,5,6,12,8,6,7,3,0,0,0
N1,01/05/2021,19:00,Waalwijk,AZ Alkmaar,1,3,A,1,1,D,5,20,2,7,10,11,1,8,0,2,1,0
N1,01/05/2021,20:00,Utrecht,Willem II,3,2,H,2,0,H,10,8,2,4,7,10,2,3,2,2,0,0
N1,01/05/2021,15:30,Heracles,VVV Venlo,4,0,H,2,0,H,17,16,10,5,10,6,10,5,1,1,0,0
N1,01/05/2021,17:45,For Sittard,Twente,3,0,H,1,0,H,21,4,10,1,15,9,10,0,0,2,0,0
N1,01/05/2021,19:00,Vitesse,Zwolle,2,1,H,1,0,H,20,12,5,6,12,8,6,7,3,0,0,0
N1,01/05/2021,19:00,Waalwijk,AZ Alkmaar,1,3,A,1,1,D,5,20,2,7,10,11,1,8,0,2,1,0
N1,01/05/2021,20:00,Utrecht,Willem II,3,2,H,2,0,H,10,8,2,4,7,10,2,3,2,2,0,0
N1,25/04/2021,11:15,FC Emmen,Heracles,3,1,H,0,0,D,15,8,5,4,9,7,7,5,1,1,0,0
N1,25/04/2021,13:30,Ajax,AZ Alkmaar,2,0,H,0,0,D,21,8,10,3,10,8,9,3,0,1,0,0
N1,25/04/2021,13:30,Den Haag,For Sittard,0,3,A,0,1,A,18,19,3,6,6,6,8,4,1,1,0,0
N1,25/04/2021,15:45,Feyenoord,Vitesse,0,0,D,0,0,D,14,19,2,7,21,14,6,3,2,4,1,0
N1,25/04/2021,15:45,Twente,Utrecht,1,2,A,1,0,H,9,12,4,5,12,8,5,5,3,3,0,0
N1,25/04/2021,11:15,FC Emmen,Heracles,3,1,H,0,0,D,15,8,5,4,9,7,7,5,1,1,0,0
N1,25/04/2021,13:30,Ajax,AZ Alkmaar,2,0,H,0,0,D,21,8,10,3,10,8,9,3,0,1,0,0
N1,25/04/2021,13:30,Den Haag,For Sittard,0,3,A,0,1,A,18,19,3,6,6,6,8,4,1,1,0,0
N1,25/04/2021,15:45,Feyenoord,Vitesse,0,0,D,0,0,D,14,19,2,7,21,14,6,3,2,4,1,0
N1,25/04/2021,15:45,Twente,Utrecht,1,2,A,1,0,H,9,12,4,5,12,8,5,5,3,3,0,0
N1,24/04/2021,15:30,Heerenveen,Zwolle,0,2,A,0,1,A,11,4,3,3,14,11,5,1,1,2,0,0
N1,24/04/2021,17:45,PSV Eindhoven,Groningen,1,0,H,0,0,D,13,8,5,1,15,12,4,4,1,3,0,0
N1,24/04/2021,17:45,Sparta Rotterdam,VVV Venlo,2,0,H,1,0,H,19,10,7,3,11,9,5,3,2,4,0,0
N1,24/04/2021,15:30,Heerenveen,Zwolle,0,2,A,0,1,A,11,4,3,3,14,11,5,1,1,2,0,0
N1,24/04/2021,17:45,PSV Eindhoven,Groningen,1,0,H,0,0,D,13,8,5,1,15,12,4,4,1,3,0,0
N1,24/04/2021,17:45,Sparta Rotterdam,VVV Venlo,2,0,H,1,0,H,19,10,7,3,11,9,5,3,2,4,0,0
N1,23/04/2021,17:45,Willem II,Waalwijk,1,0,H,0,0,D,20,6,9,3,10,12,6,5,1,1,0,0
N1,23/04/2021,17:45,Willem II,Waalwijk,1,0,H,0,0,D,20,6,9,3,10,12,6,5,1,1,0,0
N1,22/04/2021,17:45,Ajax,Utrecht,1,1,D,0,1,A,21,6,8,1,12,11,9,2,2,0,0,0
N1,22/04/2021,17:45,Ajax,Utrecht,1,1,D,0,1,A,21,6,8,1,12,11,9,2,2,0,0,0
N1,11/04/2021,11:15,Utrecht,Feyenoord,1,2,A,1,1,D,12,7,7,2,9,11,7,2,0,1,0,0
N1,11/04/2021,13:30,Groningen,Heerenveen,0,2,A,0,0,D,11,15,3,10,12,8,5,3,1,0,0,0
N1,11/04/2021,13:30,VVV Venlo,PSV Eindhoven,0,2,A,0,1,A,4,14,1,5,8,8,5,4,1,0,0,0
N1,11/04/2021,15:45,Waalwijk,Ajax,0,1,A,0,1,A,3,13,0,4,8,10,4,7,0,2,0,0
N1,11/04/2021,11:15,Utrecht,Feyenoord,1,2,A,1,1,D,12,7,7,2,9,11,7,2,0,1,0,0
N1,11/04/2021,13:30,Groningen,Heerenveen,0,2,A,0,0,D,11,15,3,10,12,8,5,3,1,0,0,0
N1,11/04/2021,13:30,VVV Venlo,PSV Eindhoven,0,2,A,0,1,A,4,14,1,5,8,8,5,4,1,0,0,0
N1,11/04/2021,15:45,Waalwijk,Ajax,0,1,A,0,1,A,3,13,0,4,8,10,4,7,0,2,0,0
N1,10/04/2021,17:45,Heracles,Willem II,4,0,H,2,0,H,10,9,5,1,8,5,3,4,0,1,0,0
N1,10/04/2021,19:00,AZ Alkmaar,Sparta Rotterdam,2,0,H,1,0,H,20,5,10,3,6,6,9,2,0,1,0,0
N1,10/04/2021,19:00,For Sittard,FC Emmen,1,3,A,0,0,D,6,18,4,9,18,15,0,6,2,0,1,0
N1,10/04/2021,20:00,Zwolle,Twente,1,0,H,1,0,H,7,18,5,4,10,9,2,10,0,0,0,0
N1,10/04/2021,17:45,Heracles,Willem II,4,0,H,2,0,H,10,9,5,1,8,5,3,4,0,1,0,0
N1,10/04/2021,19:00,AZ Alkmaar,Sparta Rotterdam,2,0,H,1,0,H,20,5,10,3,6,6,9,2,0,1,0,0
N1,10/04/2021,19:00,For Sittard,FC Emmen,1,3,A,0,0,D,6,18,4,9,18,15,0,6,2,0,1,0
N1,10/04/2021,20:00,Zwolle,Twente,1,0,H,1,0,H,7,18,5,4,10,9,2,10,0,0,0,0
N1,09/04/2021,19:00,Vitesse,Den Haag,0,0,D,0,0,D,21,6,4,2,12,22,15,2,2,6,0,0
N1,09/04/2021,19:00,Vitesse,Den Haag,0,0,D,0,0,D,21,6,4,2,12,22,15,2,2,6,0,0
N1,04/04/2021,11:15,Feyenoord,For Sittard,2,0,H,0,0,D,18,8,7,3,10,9,4,2,0,0,0,0
N1,04/04/2021,13:30,Den Haag,Utrecht,1,4,A,0,3,A,8,22,1,8,14,14,4,2,2,0,0,0
N1,04/04/2021,13:30,PSV Eindhoven,Heracles,3,0,H,2,0,H,15,5,7,2,6,16,3,3,1,2,0,0
N1,04/04/2021,15:45,FC Emmen,Waalwijk,3,1,H,3,0,H,18,7,11,2,11,18,3,6,1,2,0,0
N1,04/04/2021,15:45,Heerenveen,Ajax,1,2,A,1,1,D,8,18,1,6,13,14,2,9,0,1,0,0
N1,04/04/2021,11:15,Feyenoord,For Sittard,2,0,H,0,0,D,18,8,7,3,10,9,4,2,0,0,0,0
N1,04/04/2021,13:30,Den Haag,Utrecht,1,4,A,0,3,A,8,22,1,8,14,14,4,2,2,0,0,0
N1,04/04/2021,13:30,PSV Eindhoven,Heracles,3,0,H,2,0,H,15,5,7,2,6,16,3,3,1,2,0,0
N1,04/04/2021,15:45,FC Emmen,Waalwijk,3,1,H,3,0,H,18,7,11,2,11,18,3,6,1,2,0,0
N1,04/04/2021,15:45,Heerenveen,Ajax,1,2,A,1,1,D,8,18,1,6,13,14,2,9,0,1,0,0
N1,03/04/2021,17:45,VVV Venlo,Groningen,0,1,A,0,0,D,9,8,2,3,11,10,3,0,0,3,0,1
N1,03/04/2021,19:00,Twente,Vitesse,1,2,A,1,1,D,2,20,1,6,26,12,1,5,2,1,0,0
N1,03/04/2021,19:00,Willem II,AZ Alkmaar,0,1,A,0,0,D,12,5,2,2,11,6,6,2,2,1,0,1
N1,03/04/2021,20:00,Sparta Rotterdam,Zwolle,3,2,H,1,0,H,18,18,5,6,12,12,4,11,1,1,0,0
N1,03/04/2021,17:45,VVV Venlo,Groningen,0,1,A,0,0,D,9,8,2,3,11,10,3,0,0,3,0,1
N1,03/04/2021,19:00,Twente,Vitesse,1,2,A,1,1,D,2,20,1,6,26,12,1,5,2,1,0,0
N1,03/04/2021,19:00,Willem II,AZ Alkmaar,0,1,A,0,0,D,12,5,2,2,11,6,6,2,2,1,0,1
N1,03/04/2021,20:00,Sparta Rotterdam,Zwolle,3,2,H,1,0,H,18,18,5,6,12,12,4,11,1,1,0,0
N1,21/03/2021,11:15,Zwolle,VVV Venlo,2,1,H,0,0,D,19,12,5,4,8,14,11,5,1,1,0,0
N1,21/03/2021,13:30,AZ Alkmaar,PSV Eindhoven,2,0,H,1,0,H,9,15,5,4,11,12,2,10,0,1,0,0
N1,21/03/2021,13:30,Vitesse,Willem II,0,0,D,0,0,D,12,10,4,4,11,15,5,2,2,1,0,0
N1,21/03/2021,15:45,Heracles,Sparta Rotterdam,1,1,D,0,0,D,7,13,1,4,10,10,2,6,1,1,0,0
N1,21/03/2021,19:00,Ajax,Den Haag,5,0,H,4,0,H,18,2,10,0,7,9,6,3,0,0,0,0
N1,21/03/2021,11:15,Zwolle,VVV Venlo,2,1,H,0,0,D,19,12,5,4,8,14,11,5,1,1,0,0
N1,21/03/2021,13:30,AZ Alkmaar,PSV Eindhoven,2,0,H,1,0,H,9,15,5,4,11,12,2,10,0,1,0,0
N1,21/03/2021,13:30,Vitesse,Willem II,0,0,D,0,0,D,12,10,4,4,11,15,5,2,2,1,0,0
N1,21/03/2021,15:45,Heracles,Sparta Rotterdam,1,1,D,0,0,D,7,13,1,4,10,10,2,6,1,1,0,0
N1,21/03/2021,19:00,Ajax,Den Haag,5,0,H,4,0,H,18,2,10,0,7,9,6,3,0,0,0,0
N1,20/03/2021,15:30,For Sittard,Utrecht,0,1,A,0,0,D,9,16,1,7,6,10,5,5,0,0,0,0
N1,20/03/2021,19:00,Feyenoord,FC Emmen,1,1,D,1,0,H,19,10,6,5,8,8,6,3,1,1,0,0
N1,20/03/2021,20:00,Waalwijk,Groningen,3,1,H,2,1,H,17,19,10,6,14,10,3,5,1,2,0,0
N1,20/03/2021,15:30,For Sittard,Utrecht,0,1,A,0,0,D,9,16,1,7,6,10,5,5,0,0,0,0
N1,20/03/2021,19:00,Feyenoord,FC Emmen,1,1,D,1,0,H,19,10,6,5,8,8,6,3,1,1,0,0
N1,20/03/2021,20:00,Waalwijk,Groningen,3,1,H,2,1,H,17,19,10,6,14,10,3,5,1,2,0,0
N1,19/03/2021,19:00,Heerenveen,Twente,0,0,D,0,0,D,11,13,4,1,9,2,1,3,1,1,0,0
N1,19/03/2021,19:00,Heerenveen,Twente,0,0,D,0,0,D,11,13,4,1,9,2,1,3,1,1,0,0
N1,14/03/2021,11:15,VVV Venlo,For Sittard,1,3,A,0,1,A,9,10,3,5,13,12,0,0,3,1,0,0
N1,14/03/2021,13:30,PSV Eindhoven,Feyenoord,1,1,D,1,1,D,12,10,7,3,7,13,5,2,1,3,0,0
N1,14/03/2021,13:30,Utrecht,Vitesse,1,3,A,1,1,D,15,10,3,5,15,11,9,2,4,6,0,1
N1,14/03/2021,15:45,Zwolle,Ajax,0,2,A,0,2,A,1,21,1,6,9,12,2,7,1,1,0,0
N1,14/03/2021,11:15,VVV Venlo,For Sittard,1,3,A,0,1,A,9,10,3,5,13,12,0,0,3,1,0,0
N1,14/03/2021,13:30,PSV Eindhoven,Feyenoord,1,1,D,1,1,D,12,10,7,3,7,13,5,2,1,3,0,0
N1,14/03/2021,13:30,Utrecht,Vitesse,1,3,A,1,1,D,15,10,3,5,15,11,9,2,4,6,0,1
N1,14/03/2021,15:45,Zwolle,Ajax,0,2,A,0,2,A,1,21,1,6,9,12,2,7,1,1,0,0
N1,13/03/2021,15:30,Willem II,Heerenveen,3,1,H,1,0,H,17,14,8,4,5,3,5,6,0,1,0,0
N1,13/03/2021,17:45,Den Haag,Heracles,1,2,A,0,0,D,9,10,2,4,17,11,5,4,6,1,0,0
N1,13/03/2021,19:00,AZ Alkmaar,Twente,4,1,H,3,1,H,11,11,4,4,8,11,2,3,1,2,0,0
N1,13/03/2021,19:00,Groningen,FC Emmen,1,1,D,0,1,A,8,15,3,4,10,11,3,4,1,1,0,0
N1,13/03/2021,20:00,Sparta Rotterdam,Waalwijk,2,0,H,0,0,D,16,4,3,0,12,8,5,1,0,0,0,0
N1,13/03/2021,15:30,Willem II,Heerenveen,3,1,H,1,0,H,17,14,8,4,5,3,5,6,0,1,0,0
N1,13/03/2021,17:45,Den Haag,Heracles,1,2,A,0,0,D,9,10,2,4,17,11,5,4,6,1,0,0
N1,13/03/2021,19:00,AZ Alkmaar,Twente,4,1,H,3,1,H,11,11,4,4,8,11,2,3,1,2,0,0
N1,13/03/2021,19:00,Groningen,FC Emmen,1,1,D,0,1,A,8,15,3,4,10,11,3,4,1,1,0,0
N1,13/03/2021,20:00,Sparta Rotterdam,Waalwijk,2,0,H,0,0,D,16,4,3,0,12,8,5,1,0,0,0,0
N1,09/03/2021,17:45,VVV Venlo,Sparta Rotterdam,0,1,A,0,0,D,8,12,3,5,13,16,3,9,0,1,0,0
N1,09/03/2021,17:45,VVV Venlo,Sparta Rotterdam,0,1,A,0,0,D,8,12,3,5,13,16,3,9,0,1,0,0
N1,07/03/2021,11:15,Ajax,Groningen,3,1,H,1,0,H,21,9,8,4,10,8,5,3,2,1,0,0
N1,07/03/2021,13:30,For Sittard,PSV Eindhoven,1,3,A,0,2,A,11,12,4,6,12,10,9,1,0,2,0,0
N1,07/03/2021,13:30,Heracles,Zwolle,2,1,H,0,0,D,18,8,8,3,5,7,6,6,0,0,0,0
N1,07/03/2021,15:45,Vitesse,AZ Alkmaar,2,1,H,1,0,H,10,13,4,4,14,14,4,6,3,1,1,0
N1,07/03/2021,11:15,Ajax,Groningen,3,1,H,1,0,H,21,9,8,4,10,8,5,3,2,1,0,0
N1,07/03/2021,13:30,For Sittard,PSV Eindhoven,1,3,A,0,2,A,11,12,4,6,12,10,9,1,0,2,0,0
N1,07/03/2021,13:30,Heracles,Zwolle,2,1,H,0,0,D,18,8,8,3,5,7,6,6,0,0,0,0
N1,07/03/2021,15:45,Vitesse,AZ Alkmaar,2,1,H,1,0,H,10,13,4,4,14,14,4,6,3,1,1,0
N1,06/03/2021,15:30,Feyenoord,VVV Venlo,6,0,H,3,0,H,21,5,10,0,9,3,11,1,0,0,0,0
N1,06/03/2021,17:45,Twente,Willem II,1,1,D,0,0,D,12,9,5,2,6,3,3,1,2,0,0,0
N1,06/03/2021,19:00,Heerenveen,Den Haag,3,0,H,1,0,H,18,12,7,3,12,7,5,2,2,1,0,0
N1,06/03/2021,20:00,Waalwijk,Utrecht,1,2,A,0,1,A,13,17,6,5,10,10,4,11,2,1,0,0
N1,06/03/2021,15:30,Feyenoord,VVV Venlo,6,0,H,3,0,H,21,5,10,0,9,3,11,1,0,0,0,0
N1,06/03/2021,17:45,Twente,Willem II,1,1,D,0,0,D,12,9,5,2,6,3,3,1,2,0,0,0
N1,06/03/2021,19:00,Heerenveen,Den Haag,3,0,H,1,0,H,18,12,7,3,12,7,5,2,2,1,0,0
N1,06/03/2021,20:00,Waalwijk,Utrecht,1,2,A,0,1,A,13,17,6,5,10,10,4,11,2,1,0,0
N1,05/03/2021,19:00,FC Emmen,Sparta Rotterdam,1,1,D,0,1,A,15,14,5,5,7,15,7,2,2,1,0,0
N1,05/03/2021,19:00,FC Emmen,Sparta Rotterdam,1,1,D,0,1,A,15,14,5,5,7,15,7,2,2,1,0,0
N1,28/02/2021,11:15,Sparta Rotterdam,Willem II,0,2,A,0,0,D,13,13,2,4,12,11,3,1,1,0,1,0
N1,28/02/2021,13:30,Groningen,For Sittard,1,0,H,0,0,D,4,5,1,1,12,12,4,6,3,0,0,0
N1,28/02/2021,13:30,PSV Eindhoven,Ajax,1,1,D,1,0,H,9,17,5,3,18,10,5,2,5,1,0,0
N1,28/02/2021,15:45,AZ Alkmaar,Feyenoord,4,2,H,2,2,D,9,9,7,5,16,10,3,5,1,4,0,0
N1,28/02/2021,11:15,Sparta Rotterdam,Willem II,0,2,A,0,0,D,13,13,2,4,12,11,3,1,1,0,1,0
N1,28/02/2021,13:30,Groningen,For Sittard,1,0,H,0,0,D,4,5,1,1,12,12,4,6,3,0,0,0
N1,28/02/2021,13:30,PSV Eindhoven,Ajax,1,1,D,1,0,H,9,17,5,3,18,10,5,2,5,1,0,0
N1,28/02/2021,15:45,AZ Alkmaar,Feyenoord,4,2,H,2,2,D,9,9,7,5,16,10,3,5,1,4,0,0
N1,27/02/2021,15:30,Utrecht,FC Emmen,0,1,A,0,1,A,12,13,5,4,16,14,8,4,5,4,0,0
N1,27/02/2021,17:45,Den Haag,Waalwijk,0,0,D,0,0,D,10,4,2,0,11,13,6,3,2,1,0,0
N1,27/02/2021,19:00,Vitesse,VVV Venlo,4,1,H,1,1,D,23,5,8,2,12,14,3,2,0,0,0,0
N1,27/02/2021,20:00,Heracles,Twente,2,2,D,1,1,D,9,7,6,3,9,13,3,1,0,0,0,0
N1,27/02/2021,15:30,Utrecht,FC Emmen,0,1,A,0,1,A,12,13,5,4,16,14,8,4,5,4,0,0
N1,27/02/2021,17:45,Den Haag,Waalwijk,0,0,D,0,0,D,10,4,2,0,11,13,6,3,2,1,0,0
N1,27/02/2021,19:00,Vitesse,VVV Venlo,4,1,H,1,1,D,23,5,8,2,12,14,3,2,0,0,0,0
N1,27/02/2021,20:00,Heracles,Twente,2,2,D,1,1,D,9,7,6,3,9,13,3,1,0,0,0,0
N1,26/02/2021,19:00,Zwolle,Heerenveen,4,1,H,0,1,A,21,10,10,4,9,18,4,4,1,2,0,0
N1,26/02/2021,19:00,Zwolle,Heerenveen,4,1,H,0,1,A,21,10,10,4,9,18,4,4,1,2,0,0
N1,24/02/2021,15:30,Willem II,Den Haag,1,1,D,0,0,D,13,8,3,3,14,7,9,1,4,0,1,1
N1,24/02/2021,17:45,Groningen,Feyenoord,0,0,D,0,0,D,8,19,3,4,13,9,3,7,0,0,0,0
N1,24/02/2021,15:30,Willem II,Den Haag,1,1,D,0,0,D,13,8,3,3,14,7,9,1,4,0,1,1
N1,24/02/2021,17:45,Groningen,Feyenoord,0,0,D,0,0,D,8,19,3,4,13,9,3,7,0,0,0,0
N1,21/02/2021,11:15,Twente,Feyenoord,2,2,D,2,1,H,9,10,6,2,9,9,4,3,1,2,0,0
N1,21/02/2021,13:30,Heerenveen,Groningen,1,1,D,1,0,H,8,16,2,2,12,7,6,4,0,0,0,0
N1,21/02/2021,13:30,Waalwijk,Heracles,3,0,H,2,0,H,8,7,5,0,7,8,5,3,1,2,0,0
N1,21/02/2021,15:45,PSV Eindhoven,Vitesse,3,1,H,0,1,A,22,10,15,3,19,8,1,1,2,0,0,0
N1,21/02/2021,19:00,Ajax,Sparta Rotterdam,4,2,H,3,0,H,16,12,7,4,4,9,3,3,0,1,0,0
N1,21/02/2021,11:15,Twente,Feyenoord,2,2,D,2,1,H,9,10,6,2,9,9,4,3,1,2,0,0
N1,21/02/2021,13:30,Heerenveen,Groningen,1,1,D,1,0,H,8,16,2,2,12,7,6,4,0,0,0,0
N1,21/02/2021,13:30,Waalwijk,Heracles,3,0,H,2,0,H,8,7,5,0,7,8,5,3,1,2,0,0
N1,21/02/2021,15:45,PSV Eindhoven,Vitesse,3,1,H,0,1,A,22,10,15,3,19,8,1,1,2,0,0,0
N1,21/02/2021,19:00,Ajax,Sparta Rotterdam,4,2,H,3,0,H,16,12,7,4,4,9,3,3,0,1,0,0
N1,20/02/2021,17:45,FC Emmen,Zwolle,3,2,H,2,1,H,14,10,5,2,18,8,7,3,2,1,0,0
N1,20/02/2021,19:00,VVV Venlo,AZ Alkmaar,1,4,A,1,1,D,5,20,1,10,13,9,2,12,0,1,1,0
N1,20/02/2021,20:00,For Sittard,Den Haag,2,0,H,1,0,H,13,4,5,1,6,6,5,3,0,1,0,0
N1,20/02/2021,17:45,FC Emmen,Zwolle,3,2,H,2,1,H,14,10,5,2,18,8,7,3,2,1,0,0
N1,20/02/2021,19:00,VVV Venlo,AZ Alkmaar,1,4,A,1,1,D,5,20,1,10,13,9,2,12,0,1,1,0
N1,20/02/2021,20:00,For Sittard,Den Haag,2,0,H,1,0,H,13,4,5,1,6,6,5,3,0,1,0,0
N1,19/02/2021,19:00,Willem II,Utrecht,0,6,A,0,3,A,7,20,1,8,6,8,3,1,1,0,0,0
N1,19/02/2021,19:00,Willem II,Utrecht,0,6,A,0,3,A,7,20,1,8,6,8,3,1,1,0,0,0
N1,14/02/2021,11:15,AZ Alkmaar,Heerenveen,3,1,H,1,0,H,15,5,9,4,10,8,8,2,1,2,0,0
N1,14/02/2021,13:30,Feyenoord,Willem II,5,0,H,1,0,H,23,6,12,3,12,8,9,4,1,1,0,0
N1,14/02/2021,13:30,Utrecht,VVV Venlo,3,1,H,0,0,D,24,11,11,3,16,7,6,3,0,0,0,0
N1,14/02/2021,15:45,Vitesse,Twente,0,2,A,0,1,A,10,6,1,3,10,11,4,2,1,1,0,0
N1,14/02/2021,11:15,AZ Alkmaar,Heerenveen,3,1,H,1,0,H,15,5,9,4,10,8,8,2,1,2,0,0
N1,14/02/2021,13:30,Feyenoord,Willem II,5,0,H,1,0,H,23,6,12,3,12,8,9,4,1,1,0,0
N1,14/02/2021,13:30,Utrecht,VVV Venlo,3,1,H,0,0,D,24,11,11,3,16,7,6,3,0,0,0,0
N1,14/02/2021,15:45,Vitesse,Twente,0,2,A,0,1,A,10,6,1,3,10,11,4,2,1,1,0,0
N1,13/02/2021,11:00,Groningen,Zwolle,1,0,H,1,0,H,14,12,7,4,11,15,6,3,1,1,0,1
N1,13/02/2021,13:15,Sparta Rotterdam,For Sittard,1,2,A,1,1,D,16,8,6,3,9,13,3,4,2,2,0,0
N1,13/02/2021,15:30,Den Haag,PSV Eindhoven,2,2,D,1,0,H,5,35,2,15,5,11,1,17,0,1,0,0
N1,13/02/2021,17:45,Heracles,Ajax,0,2,A,0,1,A,14,7,2,3,11,13,5,2,1,1,0,0
N1,13/02/2021,11:00,Groningen,Zwolle,1,0,H,1,0,H,14,12,7,4,11,15,6,3,1,1,0,1
N1,13/02/2021,13:15,Sparta Rotterdam,For Sittard,1,2,A,1,1,D,16,8,6,3,9,13,3,4,2,2,0,0
N1,13/02/2021,15:30,Den Haag,PSV Eindhoven,2,2,D,1,0,H,5,35,2,15,5,11,1,17,0,1,0,0
N1,13/02/2021,17:45,Heracles,Ajax,0,2,A,0,1,A,14,7,2,3,11,13,5,2,1,1,0,0
N1,12/02/2021,17:45,Waalwijk,FC Emmen,1,0,H,0,0,D,19,5,6,2,9,8,8,2,0,0,0,0
N1,12/02/2021,17:45,Waalwijk,FC Emmen,1,0,H,0,0,D,19,5,6,2,9,8,8,2,0,0,0,0
N1,06/02/2021,13:00,FC Emmen,AZ Alkmaar,0,1,A,0,0,D,6,16,1,5,10,8,2,8,0,1,0,0
N1,06/02/2021,13:00,Zwolle,Waalwijk,1,1,D,0,1,A,19,7,8,3,7,11,6,1,0,0,0,0
N1,06/02/2021,15:30,Heerenveen,Vitesse,1,0,H,0,0,D,11,11,3,3,9,8,3,4,0,1,0,0
N1,06/02/2021,15:30,PSV Eindhoven,Twente,3,0,H,2,0,H,25,5,8,2,6,7,7,4,0,0,0,1
N1,06/02/2021,13:00,FC Emmen,AZ Alkmaar,0,1,A,0,0,D,6,16,1,5,10,8,2,8,0,1,0,0
N1,06/02/2021,13:00,Zwolle,Waalwijk,1,1,D,0,1,A,19,7,8,3,7,11,6,1,0,0,0,0
N1,06/02/2021,15:30,Heerenveen,Vitesse,1,0,H,0,0,D,11,11,3,3,9,8,3,4,0,1,0,0
N1,06/02/2021,15:30,PSV Eindhoven,Twente,3,0,H,2,0,H,25,5,8,2,6,7,7,4,0,0,0,1
N1,05/02/2021,19:00,For Sittard,Heracles,0,1,A,0,1,A,15,10,3,5,9,12,7,6,2,2,0,0
N1,05/02/2021,19:00,For Sittard,Heracles,0,1,A,0,1,A,15,10,3,5,9,12,7,6,2,2,0,0
N1,31/01/2021,11:15,Twente,Heerenveen,0,0,D,0,0,D,19,4,4,1,10,7,8,5,2,1,0,0
N1,31/01/2021,13:30,Feyenoord,PSV Eindhoven,3,1,H,3,0,H,6,17,5,6,12,10,0,13,1,2,0,0
N1,31/01/2021,13:30,Willem II,FC Emmen,2,0,H,1,0,H,12,18,4,2,14,12,1,5,0,1,0,0
N1,31/01/2021,15:45,AZ Alkmaar,Ajax,0,3,A,0,1,A,8,13,3,7,7,13,2,3,0,0,0,0
N1,31/01/2021,15:45,Den Haag,Sparta Rotterdam,1,1,D,1,0,H,8,12,5,4,11,17,4,3,4,1,0,0
N1,31/01/2021,11:15,Twente,Heerenveen,0,0,D,0,0,D,19,4,4,1,10,7,8,5,2,1,0,0
N1,31/01/2021,13:30,Feyenoord,PSV Eindhoven,3,1,H,3,0,H,6,17,5,6,12,10,0,13,1,2,0,0
N1,31/01/2021,13:30,Willem II,FC Emmen,2,0,H,1,0,H,12,18,4,2,14,12,1,5,0,1,0,0
N1,31/01/2021,15:45,AZ Alkmaar,Ajax,0,3,A,0,1,A,8,13,3,7,7,13,2,3,0,0,0,0
N1,31/01/2021,15:45,Den Haag,Sparta Rotterdam,1,1,D,1,0,H,8,12,5,4,11,17,4,3,4,1,0,0
N1,30/01/2021,15:30,Heracles,Groningen,1,0,H,1,0,H,8,13,3,3,14,15,5,4,0,1,0,0
N1,30/01/2021,17:45,Utrecht,Zwolle,3,3,D,1,2,A,19,10,8,4,13,13,16,3,2,1,0,1
N1,30/01/2021,19:00,For Sittard,VVV Venlo,3,2,H,1,0,H,9,12,7,3,16,10,2,4,2,3,0,0
N1,30/01/2021,20:00,Vitesse,Waalwijk,1,1,D,0,0,D,11,11,6,5,11,11,11,5,1,2,0,0
N1,30/01/2021,15:30,Heracles,Groningen,1,0,H,1,0,H,8,13,3,3,14,15,5,4,0,1,0,0
N1,30/01/2021,17:45,Utrecht,Zwolle,3,3,D,1,2,A,19,10,8,4,13,13,16,3,2,1,0,1
N1,30/01/2021,19:00,For Sittard,VVV Venlo,3,2,H,1,0,H,9,12,7,3,16,10,2,4,2,3,0,0
N1,30/01/2021,20:00,Vitesse,Waalwijk,1,1,D,0,0,D,11,11,6,5,11,11,11,5,1,2,0,0
N1,28/01/2021,20:00,Ajax,Willem II,3,1,H,0,0,D,27,7,9,4,14,6,7,1,2,0,0,0
N1,28/01/2021,17:45,Sparta Rotterdam,Twente,0,0,D,0,0,D,12,6,5,2,4,7,1,5,1,0,0,0
N1,28/01/2021,20:00,Ajax,Willem II,3,1,H,0,0,D,27,7,9,4,14,6,7,1,2,0,0,0
N1,28/01/2021,17:45,Sparta Rotterdam,Twente,0,0,D,0,0,D,12,6,5,2,4,7,1,5,1,0,0,0
N1,27/01/2021,17:45,AZ Alkmaar,Utrecht,0,1,A,0,0,D,11,12,3,5,12,14,5,2,1,2,0,0
N1,27/01/2021,19:00,VVV Venlo,Vitesse,4,1,H,3,0,H,11,24,6,5,15,14,5,4,1,1,0,0
N1,27/01/2021,19:00,Waalwijk,For Sittard,1,2,A,0,0,D,14,15,7,9,13,8,8,5,1,1,0,0
N1,27/01/2021,20:00,Heerenveen,Feyenoord,3,0,H,2,0,H,15,15,6,1,11,5,6,9,1,1,0,0
N1,27/01/2021,17:45,AZ Alkmaar,Utrecht,0,1,A,0,0,D,11,12,3,5,12,14,5,2,1,2,0,0
N1,27/01/2021,19:00,VVV Venlo,Vitesse,4,1,H,3,0,H,11,24,6,5,15,14,5,4,1,1,0,0
N1,27/01/2021,19:00,Waalwijk,For Sittard,1,2,A,0,0,D,14,15,7,9,13,8,8,5,1,1,0,0
N1,27/01/2021,20:00,Heerenveen,Feyenoord,3,0,H,2,0,H,15,15,6,1,11,5,6,9,1,1,0,0
N1,26/01/2021,17:45,Zwolle,Heracles,2,2,D,0,2,A,10,7,4,4,13,3,6,2,1,2,0,0
N1,26/01/2021,19:00,FC Emmen,PSV Eindhoven,0,2,A,0,0,D,5,20,2,9,9,5,4,11,0,0,0,0
N1,26/01/2021,20:00,Groningen,Den Haag,3,0,H,2,0,H,14,7,6,1,13,14,4,5,0,2,0,0
N1,26/01/2021,17:45,Zwolle,Heracles,2,2,D,0,2,A,10,7,4,4,13,3,6,2,1,2,0,0
N1,26/01/2021,19:00,FC Emmen,PSV Eindhoven,0,2,A,0,0,D,5,20,2,9,9,5,4,11,0,0,0,0
N1,26/01/2021,20:00,Groningen,Den Haag,3,0,H,2,0,H,14,7,6,1,13,14,4,5,0,2,0,0
N1,24/01/2021,11:15,For Sittard,Ajax,1,2,A,0,1,A,8,19,5,8,10,17,4,10,1,2,1,0
N1,24/01/2021,13:30,Twente,VVV Venlo,0,1,A,0,0,D,21,7,5,6,15,14,8,1,2,1,0,0
N1,24/01/2021,13:30,Utrecht,Sparta Rotterdam,1,0,H,0,0,D,11,11,2,1,10,8,6,5,1,1,0,0
N1,24/01/2021,15:45,Feyenoord,AZ Alkmaar,2,3,A,1,1,D,13,13,6,8,17,8,4,4,1,0,0,0
N1,24/01/2021,11:15,For Sittard,Ajax,1,2,A,0,1,A,8,19,5,8,10,17,4,10,1,2,1,0
N1,24/01/2021,13:30,Twente,VVV Venlo,0,1,A,0,0,D,21,7,5,6,15,14,8,1,2,1,0,0
N1,24/01/2021,13:30,Utrecht,Sparta Rotterdam,1,0,H,0,0,D,11,11,2,1,10,8,6,5,1,1,0,0
N1,24/01/2021,15:45,Feyenoord,AZ Alkmaar,2,3,A,1,1,D,13,13,6,8,17,8,4,4,1,0,0,0
N1,23/01/2021,15:30,Den Haag,FC Emmen,0,0,D,0,0,D,13,13,4,4,4,6,7,4,2,0,0,0
N1,23/01/2021,17:45,Vitesse,Groningen,1,0,H,1,0,H,15,4,4,1,17,19,6,3,2,2,0,0
N1,23/01/2021,19:00,PSV Eindhoven,Waalwijk,2,0,H,1,0,H,12,7,5,3,13,4,3,4,1,1,0,0
N1,23/01/2021,20:00,Heracles,Heerenveen,1,0,H,0,0,D,9,6,3,2,9,11,6,4,1,1,0,0
N1,23/01/2021,15:30,Den Haag,FC Emmen,0,0,D,0,0,D,13,13,4,4,4,6,7,4,2,0,0,0
N1,23/01/2021,17:45,Vitesse,Groningen,1,0,H,1,0,H,15,4,4,1,17,19,6,3,2,2,0,0
N1,23/01/2021,19:00,PSV Eindhoven,Waalwijk,2,0,H,1,0,H,12,7,5,3,13,4,3,4,1,1,0,0
N1,23/01/2021,20:00,Heracles,Heerenveen,1,0,H,0,0,D,9,6,3,2,9,11,6,4,1,1,0,0
N1,22/01/2021,19:00,Willem II,Zwolle,1,3,A,1,0,H,9,21,4,6,11,12,5,4,1,1,1,0
N1,22/01/2021,19:00,Willem II,Zwolle,1,3,A,1,0,H,9,21,4,6,11,12,5,4,1,1,1,0
N1,17/01/2021,11:15,Waalwijk,Willem II,1,1,D,1,0,H,17,13,7,6,12,21,2,1,1,2,0,0
N1,17/01/2021,13:30,Groningen,Twente,2,2,D,0,2,A,17,10,6,5,8,9,6,6,1,2,0,0
N1,17/01/2021,13:30,VVV Venlo,Heerenveen,1,1,D,0,0,D,7,20,2,7,9,8,1,8,2,1,0,0
N1,17/01/2021,15:45,Ajax,Feyenoord,1,0,H,1,0,H,12,9,2,4,17,13,6,3,0,0,0,0
N1,17/01/2021,11:15,Waalwijk,Willem II,1,1,D,1,0,H,17,13,7,6,12,21,2,1,1,2,0,0
N1,17/01/2021,13:30,Groningen,Twente,2,2,D,0,2,A,17,10,6,5,8,9,6,6,1,2,0,0
N1,17/01/2021,13:30,VVV Venlo,Heerenveen,1,1,D,0,0,D,7,20,2,7,9,8,1,8,2,1,0,0
N1,17/01/2021,15:45,Ajax,Feyenoord,1,0,H,1,0,H,12,9,2,4,17,13,6,3,0,0,0,0
N1,16/01/2021,15:30,FC Emmen,Vitesse,1,4,A,0,2,A,6,15,4,10,14,11,0,1,3,3,0,0
N1,16/01/2021,17:45,Sparta Rotterdam,PSV Eindhoven,3,5,A,1,1,D,12,11,5,7,12,7,5,3,1,0,0,0
N1,16/01/2021,19:00,Utrecht,Heracles,2,0,H,1,0,H,16,3,8,0,13,12,8,1,2,1,0,0
N1,16/01/2021,19:00,Zwolle,For Sittard,0,2,A,0,0,D,8,13,2,7,12,13,5,7,0,0,0,0
N1,16/01/2021,20:00,AZ Alkmaar,Den Haag,2,1,H,0,0,D,19,3,5,2,5,6,17,0,0,0,0,0
N1,16/01/2021,15:30,FC Emmen,Vitesse,1,4,A,0,2,A,6,15,4,10,14,11,0,1,3,3,0,0
N1,16/01/2021,17:45,Sparta Rotterdam,PSV Eindhoven,3,5,A,1,1,D,12,11,5,7,12,7,5,3,1,0,0,0
N1,16/01/2021,19:00,Utrecht,Heracles,2,0,H,1,0,H,16,3,8,0,13,12,8,1,2,1,0,0
N1,16/01/2021,19:00,Zwolle,For Sittard,0,2,A,0,0,D,8,13,2,7,12,13,5,7,0,0,0,0
N1,16/01/2021,20:00,AZ Alkmaar,Den Haag,2,1,H,0,0,D,19,3,5,2,5,6,17,0,0,0,0,0
N1,14/01/2021,17:45,Heerenveen,Waalwijk,1,1,D,1,0,H,10,15,6,4,8,6,3,9,1,1,0,0
N1,14/01/2021,19:00,Twente,Ajax,1,3,A,0,1,A,12,21,5,12,8,11,5,6,1,0,0,0
N1,14/01/2021,20:00,Willem II,Groningen,2,3,A,0,0,D,16,11,6,4,5,10,5,5,0,1,0,0
N1,14/01/2021,17:45,Heerenveen,Waalwijk,1,1,D,1,0,H,10,15,6,4,8,6,3,9,1,1,0,0
N1,14/01/2021,19:00,Twente,Ajax,1,3,A,0,1,A,12,21,5,12,8,11,5,6,1,0,0,0
N1,14/01/2021,20:00,Willem II,Groningen,2,3,A,0,0,D,16,11,6,4,5,10,5,5,0,1,0,0
N1,13/01/2021,17:45,PSV Eindhoven,AZ Alkmaar,1,3,A,0,2,A,14,6,3,4,12,12,7,3,3,3,0,0
N1,13/01/2021,19:00,Den Haag,VVV Venlo,1,4,A,0,1,A,14,15,4,8,12,12,6,1,3,3,0,0
N1,13/01/2021,19:00,For Sittard,Sparta Rotterdam,0,1,A,0,0,D,9,19,4,5,14,12,4,5,3,0,0,0
N1,13/01/2021,20:00,Feyenoord,Zwolle,1,0,H,0,0,D,21,8,4,2,6,5,10,5,0,0,0,0
N1,13/01/2021,17:45,PSV Eindhoven,AZ Alkmaar,1,3,A,0,2,A,14,6,3,4,12,12,7,3,3,3,0,0
N1,13/01/2021,19:00,Den Haag,VVV Venlo,1,4,A,0,1,A,14,15,4,8,12,12,6,1,3,3,0,0
N1,13/01/2021,19:00,For Sittard,Sparta Rotterdam,0,1,A,0,0,D,9,19,4,5,14,12,4,5,3,0,0,0
N1,13/01/2021,20:00,Feyenoord,Zwolle,1,0,H,0,0,D,21,8,4,2,6,5,10,5,0,0,0,0
N1,12/01/2021,17:45,Vitesse,Utrecht,1,0,H,1,0,H,16,8,4,5,12,21,8,7,1,1,0,0
N1,12/01/2021,20:00,Heracles,FC Emmen,4,0,H,2,0,H,20,8,11,1,8,13,12,4,0,2,0,0
N1,12/01/2021,17:45,Vitesse,Utrecht,1,0,H,1,0,H,16,8,4,5,12,21,8,7,1,1,0,0
N1,12/01/2021,20:00,Heracles,FC Emmen,4,0,H,2,0,H,20,8,11,1,8,13,12,4,0,2,0,0
N1,10/01/2021,11:15,Sparta Rotterdam,Feyenoord,0,2,A,0,1,A,11,13,1,3,10,10,6,4,2,0,0,0
N1,10/01/2021,13:30,Heerenveen,For Sittard,1,3,A,0,3,A,10,9,2,4,16,12,5,4,0,0,0,0
N1,10/01/2021,13:30,VVV Venlo,Willem II,2,1,H,0,1,A,12,17,4,6,18,10,5,1,1,2,0,0
N1,10/01/2021,15:45,Ajax,PSV Eindhoven,2,2,D,1,2,A,11,7,4,7,8,8,6,6,1,1,0,0
N1,10/01/2021,11:15,Sparta Rotterdam,Feyenoord,0,2,A,0,1,A,11,13,1,3,10,10,6,4,2,0,0,0
N1,10/01/2021,13:30,Heerenveen,For Sittard,1,3,A,0,3,A,10,9,2,4,16,12,5,4,0,0,0,0
N1,10/01/2021,13:30,VVV Venlo,Willem II,2,1,H,0,1,A,12,17,4,6,18,10,5,1,1,2,0,0
N1,10/01/2021,15:45,Ajax,PSV Eindhoven,2,2,D,1,2,A,11,7,4,7,8,8,6,6,1,1,0,0
N1,09/01/2021,15:30,Waalwijk,Den Haag,0,1,A,0,1,A,17,11,5,5,19,14,2,5,1,2,0,0
N1,09/01/2021,17:45,FC Emmen,Twente,1,4,A,0,3,A,8,10,1,6,13,12,2,2,0,1,0,0
N1,09/01/2021,19:00,Heracles,Vitesse,0,2,A,0,1,A,12,12,5,3,7,13,3,7,3,1,0,0
N1,09/01/2021,19:00,Zwolle,AZ Alkmaar,1,1,D,1,0,H,5,15,2,4,8,10,3,11,1,0,0,0
N1,09/01/2021,20:00,Utrecht,Groningen,2,2,D,1,2,A,19,7,6,2,11,6,9,2,2,1,0,0
N1,09/01/2021,15:30,Waalwijk,Den Haag,0,1,A,0,1,A,17,11,5,5,19,14,2,5,1,2,0,0
N1,09/01/2021,17:45,FC Emmen,Twente,1,4,A,0,3,A,8,10,1,6,13,12,2,2,0,1,0,0
N1,09/01/2021,19:00,Heracles,Vitesse,0,2,A,0,1,A,12,12,5,3,7,13,3,7,3,1,0,0
N1,09/01/2021,19:00,Zwolle,AZ Alkmaar,1,1,D,1,0,H,5,15,2,4,8,10,3,11,1,0,0,0
N1,09/01/2021,20:00,Utrecht,Groningen,2,2,D,1,2,A,19,7,6,2,11,6,9,2,2,1,0,0
N1,27/12/2020,13:30,Utrecht,AZ Alkmaar,2,2,D,1,0,H,14,12,6,6,13,4,8,4,3,0,0,0
N1,27/12/2020,13:30,Utrecht,AZ Alkmaar,2,2,D,1,0,H,14,12,6,6,13,4,8,4,3,0,0,0
N1,23/12/2020,15:30,AZ Alkmaar,Vitesse,3,1,H,2,0,H,11,16,4,5,11,11,4,3,0,0,0,0
N1,23/12/2020,17:45,Willem II,Ajax,1,1,D,0,1,A,10,32,5,8,6,7,0,12,0,1,0,0
N1,23/12/2020,19:00,Den Haag,Zwolle,0,2,A,0,0,D,8,20,1,6,10,9,4,4,1,1,0,0
N1,23/12/2020,19:00,Groningen,Heracles,0,1,A,0,0,D,13,8,5,2,15,10,5,1,1,0,0,0
N1,23/12/2020,20:00,Feyenoord,Heerenveen,3,0,H,0,0,D,28,11,9,4,9,9,6,1,0,1,0,0
N1,23/12/2020,15:30,AZ Alkmaar,Vitesse,3,1,H,2,0,H,11,16,4,5,11,11,4,3,0,0,0,0
N1,23/12/2020,17:45,Willem II,Ajax,1,1,D,0,1,A,10,32,5,8,6,7,0,12,0,1,0,0
N1,23/12/2020,19:00,Den Haag,Zwolle,0,2,A,0,0,D,8,20,1,6,10,9,4,4,1,1,0,0
N1,23/12/2020,19:00,Groningen,Heracles,0,1,A,0,0,D,13,8,5,2,15,10,5,1,1,0,0,0
N1,23/12/2020,20:00,Feyenoord,Heerenveen,3,0,H,0,0,D,28,11,9,4,9,9,6,1,0,1,0,0
N1,22/12/2020,15:30,For Sittard,Waalwijk,2,1,H,1,1,D,18,10,7,4,10,11,8,5,3,1,0,0
N1,22/12/2020,17:45,FC Emmen,Utrecht,2,3,A,2,1,H,15,16,4,6,10,12,4,3,0,0,0,0
N1,22/12/2020,19:00,PSV Eindhoven,VVV Venlo,4,1,H,1,1,D,29,4,9,1,6,9,10,3,0,0,0,0
N1,22/12/2020,20:00,Twente,Sparta Rotterdam,0,2,A,0,1,A,10,12,1,6,8,13,5,3,1,0,0,0
N1,22/12/2020,15:30,For Sittard,Waalwijk,2,1,H,1,1,D,18,10,7,4,10,11,8,5,3,1,0,0
N1,22/12/2020,17:45,FC Emmen,Utrecht,2,3,A,2,1,H,15,16,4,6,10,12,4,3,0,0,0,0
N1,22/12/2020,19:00,PSV Eindhoven,VVV Venlo,4,1,H,1,1,D,29,4,9,1,6,9,10,3,0,0,0,0
N1,22/12/2020,20:00,Twente,Sparta Rotterdam,0,2,A,0,1,A,10,12,1,6,8,13,5,3,1,0,0,0
N1,20/12/2020,11:15,Vitesse,Feyenoord,1,0,H,1,0,H,12,24,4,4,22,14,4,8,4,1,0,0
N1,20/12/2020,13:30,Den Haag,Ajax,2,4,A,0,4,A,5,30,3,12,6,3,2,11,0,0,0,0
N1,20/12/2020,13:30,Heerenveen,Heracles,1,2,A,0,1,A,16,8,2,2,10,12,6,3,1,2,1,0
N1,20/12/2020,15:45,AZ Alkmaar,Willem II,5,3,H,2,2,D,19,11,8,5,9,10,3,3,0,1,0,0
N1,20/12/2020,11:15,Vitesse,Feyenoord,1,0,H,1,0,H,12,24,4,4,22,14,4,8,4,1,0,0
N1,20/12/2020,13:30,Den Haag,Ajax,2,4,A,0,4,A,5,30,3,12,6,3,2,11,0,0,0,0
N1,20/12/2020,13:30,Heerenveen,Heracles,1,2,A,0,1,A,16,8,2,2,10,12,6,3,1,2,1,0
N1,20/12/2020,15:45,AZ Alkmaar,Willem II,5,3,H,2,2,D,19,11,8,5,9,10,3,3,0,1,0,0
N1,19/12/2020,15:30,Sparta Rotterdam,Groningen,2,3,A,1,1,D,15,12,4,6,7,8,8,6,1,0,0,0
N1,19/12/2020,17:45,VVV Venlo,Twente,1,2,A,0,1,A,6,18,1,9,12,15,3,8,2,2,0,0
N1,19/12/2020,19:00,Waalwijk,PSV Eindhoven,1,4,A,0,2,A,15,17,4,10,12,8,7,4,1,2,0,0
N1,19/12/2020,20:00,Utrecht,For Sittard,1,1,D,0,0,D,21,14,5,7,7,9,12,2,1,2,0,0
N1,19/12/2020,15:30,Sparta Rotterdam,Groningen,2,3,A,1,1,D,15,12,4,6,7,8,8,6,1,0,0,0
N1,19/12/2020,17:45,VVV Venlo,Twente,1,2,A,0,1,A,6,18,1,9,12,15,3,8,2,2,0,0
N1,19/12/2020,19:00,Waalwijk,PSV Eindhoven,1,4,A,0,2,A,15,17,4,10,12,8,7,4,1,2,0,0
N1,19/12/2020,20:00,Utrecht,For Sittard,1,1,D,0,0,D,21,14,5,7,7,9,12,2,1,2,0,0
N1,18/12/2020,19:00,Zwolle,FC Emmen,0,0,D,0,0,D,16,5,5,3,5,12,7,8,0,0,0,0
N1,18/12/2020,19:00,Zwolle,FC Emmen,0,0,D,0,0,D,16,5,5,3,5,12,7,8,0,0,0,0
N1,13/12/2020,11:15,Vitesse,Heerenveen,1,1,D,1,0,H,16,14,7,6,21,22,6,1,2,2,0,0
N1,13/12/2020,13:30,VVV Venlo,Feyenoord,0,3,A,0,0,D,8,21,3,8,12,14,5,6,0,0,0,0
N1,13/12/2020,13:30,Willem II,Sparta Rotterdam,1,3,A,0,2,A,8,18,3,9,7,14,6,5,3,1,0,0
N1,13/12/2020,15:45,PSV Eindhoven,Utrecht,2,1,H,2,0,H,6,15,3,8,10,15,3,9,1,1,0,0
N1,13/12/2020,19:00,Twente,AZ Alkmaar,1,3,A,0,2,A,13,13,5,7,13,8,6,4,2,0,1,0
N1,13/12/2020,11:15,Vitesse,Heerenveen,1,1,D,1,0,H,16,14,7,6,21,22,6,1,2,2,0,0
N1,13/12/2020,13:30,VVV Venlo,Feyenoord,0,3,A,0,0,D,8,21,3,8,12,14,5,6,0,0,0,0
N1,13/12/2020,13:30,Willem II,Sparta Rotterdam,1,3,A,0,2,A,8,18,3,9,7,14,6,5,3,1,0,0
N1,13/12/2020,15:45,PSV Eindhoven,Utrecht,2,1,H,2,0,H,6,15,3,8,10,15,3,9,1,1,0,0
N1,13/12/2020,19:00,Twente,AZ Alkmaar,1,3,A,0,2,A,13,13,5,7,13,8,6,4,2,0,1,0
N1,12/12/2020,15:30,Groningen,Waalwijk,2,0,H,0,0,D,8,11,4,3,7,17,2,6,2,2,0,0
N1,12/12/2020,17:45,FC Emmen,Den Haag,1,1,D,0,1,A,27,7,7,2,10,5,7,2,1,1,0,0
N1,12/12/2020,19:00,Ajax,Zwolle,4,0,H,3,0,H,22,6,13,3,15,8,14,1,0,0,0,0
N1,12/12/2020,15:30,Groningen,Waalwijk,2,0,H,0,0,D,8,11,4,3,7,17,2,6,2,2,0,0
N1,12/12/2020,17:45,FC Emmen,Den Haag,1,1,D,0,1,A,27,7,7,2,10,5,7,2,1,1,0,0
N1,12/12/2020,19:00,Ajax,Zwolle,4,0,H,3,0,H,22,6,13,3,15,8,14,1,0,0,0,0
N1,11/12/2020,19:00,Heracles,For Sittard,1,2,A,0,1,A,14,5,4,1,11,15,7,2,1,4,0,0
N1,11/12/2020,19:00,Heracles,For Sittard,1,2,A,0,1,A,14,5,4,1,11,15,7,2,1,4,0,0
N1,06/12/2020,11:15,Feyenoord,Heracles,0,0,D,0,0,D,20,4,7,3,12,10,8,2,0,5,0,1
N1,06/12/2020,13:30,AZ Alkmaar,Groningen,1,2,A,1,0,H,5,16,2,3,10,16,7,10,7,1,2,1
N1,06/12/2020,13:30,Utrecht,Den Haag,1,1,D,0,0,D,20,9,6,2,16,9,6,3,3,4,1,0
N1,06/12/2020,15:45,Heerenveen,PSV Eindhoven,2,2,D,0,1,A,12,12,7,4,1,4,6,10,0,2,0,0
N1,06/12/2020,11:15,Feyenoord,Heracles,0,0,D,0,0,D,20,4,7,3,12,10,8,2,0,5,0,1
N1,06/12/2020,13:30,AZ Alkmaar,Groningen,1,2,A,1,0,H,5,16,2,3,10,16,7,10,7,1,2,1
N1,06/12/2020,13:30,Utrecht,Den Haag,1,1,D,0,0,D,20,9,6,2,16,9,6,3,3,4,1,0
N1,06/12/2020,15:45,Heerenveen,PSV Eindhoven,2,2,D,0,1,A,12,12,7,4,1,4,6,10,0,2,0,0
N1,05/12/2020,15:30,Waalwijk,VVV Venlo,3,2,H,1,1,D,25,10,10,6,14,11,6,0,3,4,0,1
N1,05/12/2020,17:45,For Sittard,Willem II,3,2,H,3,0,H,7,11,4,3,14,14,2,8,1,5,0,1
N1,05/12/2020,19:00,Ajax,Twente,1,2,A,0,1,A,19,13,5,5,6,11,9,6,1,0,0,0
N1,05/12/2020,20:00,Zwolle,Vitesse,2,1,H,0,1,A,16,12,5,4,14,14,4,2,2,2,0,1
N1,05/12/2020,15:30,Waalwijk,VVV Venlo,3,2,H,1,1,D,25,10,10,6,14,11,6,0,3,4,0,1
N1,05/12/2020,17:45,For Sittard,Willem II,3,2,H,3,0,H,7,11,4,3,14,14,2,8,1,5,0,1
N1,05/12/2020,19:00,Ajax,Twente,1,2,A,0,1,A,19,13,5,5,6,11,9,6,1,0,0,0
N1,05/12/2020,20:00,Zwolle,Vitesse,2,1,H,0,1,A,16,12,5,4,14,14,4,2,2,2,0,1
N1,04/12/2020,19:00,Sparta Rotterdam,FC Emmen,2,1,H,1,0,H,7,12,2,3,14,14,1,5,1,3,0,0
N1,04/12/2020,19:00,Sparta Rotterdam,FC Emmen,2,1,H,1,0,H,7,12,2,3,14,14,1,5,1,3,0,0
N1,29/11/2020,11:15,Vitesse,For Sittard,2,0,H,0,0,D,20,11,4,2,8,18,7,1,0,3,0,0
N1,29/11/2020,13:30,Feyenoord,Utrecht,1,1,D,0,0,D,9,16,2,7,7,13,4,8,1,1,0,0
N1,29/11/2020,13:30,Groningen,Willem II,1,0,H,0,0,D,18,4,3,1,12,12,6,4,0,1,0,0
N1,29/11/2020,15:45,Heracles,AZ Alkmaar,1,2,A,0,2,A,3,13,1,7,12,16,1,3,2,1,0,0
N1,29/11/2020,19:00,PSV Eindhoven,Sparta Rotterdam,1,0,H,0,0,D,11,4,5,0,9,10,7,1,1,3,0,0
N1,29/11/2020,11:15,Vitesse,For Sittard,2,0,H,0,0,D,20,11,4,2,8,18,7,1,0,3,0,0
N1,29/11/2020,13:30,Feyenoord,Utrecht,1,1,D,0,0,D,9,16,2,7,7,13,4,8,1,1,0,0
N1,29/11/2020,13:30,Groningen,Willem II,1,0,H,0,0,D,18,4,3,1,12,12,6,4,0,1,0,0
N1,29/11/2020,15:45,Heracles,AZ Alkmaar,1,2,A,0,2,A,3,13,1,7,12,16,1,3,2,1,0,0
N1,29/11/2020,19:00,PSV Eindhoven,Sparta Rotterdam,1,0,H,0,0,D,11,4,5,0,9,10,7,1,1,3,0,0
N1,28/11/2020,17:45,FC Emmen,Ajax,0,5,A,0,3,A,3,27,1,12,12,10,0,12,0,1,0,0
N1,28/11/2020,19:00,Den Haag,Heerenveen,1,1,D,1,1,D,5,22,2,4,6,14,4,10,0,1,0,0
N1,28/11/2020,20:00,VVV Venlo,Zwolle,2,2,D,1,1,D,11,13,2,6,10,13,4,4,0,1,0,1
N1,28/11/2020,17:45,FC Emmen,Ajax,0,5,A,0,3,A,3,27,1,12,12,10,0,12,0,1,0,0
N1,28/11/2020,19:00,Den Haag,Heerenveen,1,1,D,1,1,D,5,22,2,4,6,14,4,10,0,1,0,0
N1,28/11/2020,20:00,VVV Venlo,Zwolle,2,2,D,1,1,D,11,13,2,6,10,13,4,4,0,1,0,1
N1,27/11/2020,19:00,Twente,Waalwijk,0,2,A,0,2,A,14,10,6,7,17,11,4,8,4,0,0,0
N1,27/11/2020,19:00,Twente,Waalwijk,0,2,A,0,2,A,14,10,6,7,17,11,4,8,4,0,0,0
N1,22/11/2020,11:15,Ajax,Heracles,5,0,H,3,0,H,18,8,13,2,12,13,14,5,0,3,0,0
N1,22/11/2020,13:30,For Sittard,Feyenoord,1,3,A,1,2,A,14,16,7,8,15,8,5,5,2,0,0,1
N1,22/11/2020,13:30,Sparta Rotterdam,Den Haag,6,0,H,1,0,H,22,2,13,1,7,10,7,0,1,2,0,0
N1,22/11/2020,15:45,Twente,PSV Eindhoven,1,1,D,0,1,A,11,16,4,5,16,8,2,9,1,2,0,0
N1,22/11/2020,15:45,Waalwijk,Heerenveen,1,1,D,0,1,A,22,12,10,5,6,8,16,5,1,5,0,1
N1,22/11/2020,19:00,AZ Alkmaar,FC Emmen,1,0,H,1,0,H,24,5,8,3,8,8,15,3,2,1,0,1
N1,22/11/2020,11:15,Ajax,Heracles,5,0,H,3,0,H,18,8,13,2,12,13,14,5,0,3,0,0
N1,22/11/2020,13:30,For Sittard,Feyenoord,1,3,A,1,2,A,14,16,7,8,15,8,5,5,2,0,0,1
N1,22/11/2020,13:30,Sparta Rotterdam,Den Haag,6,0,H,1,0,H,22,2,13,1,7,10,7,0,1,2,0,0
N1,22/11/2020,15:45,Twente,PSV Eindhoven,1,1,D,0,1,A,11,16,4,5,16,8,2,9,1,2,0,0
N1,22/11/2020,15:45,Waalwijk,Heerenveen,1,1,D,0,1,A,22,12,10,5,6,8,16,5,1,5,0,1
N1,22/11/2020,19:00,AZ Alkmaar,FC Emmen,1,0,H,1,0,H,24,5,8,3,8,8,15,3,2,1,0,1
N1,21/11/2020,17:45,Willem II,VVV Venlo,2,1,H,2,1,H,8,13,5,2,14,17,3,5,2,1,0,0
N1,21/11/2020,19:00,Groningen,Vitesse,1,1,D,1,1,D,7,9,3,1,16,10,5,1,2,1,0,0
N1,21/11/2020,20:00,Zwolle,Utrecht,1,1,D,1,0,H,10,2,4,2,17,6,3,3,3,3,0,0
N1,21/11/2020,17:45,Willem II,VVV Venlo,2,1,H,2,1,H,8,13,5,2,14,17,3,5,2,1,0,0
N1,21/11/2020,19:00,Groningen,Vitesse,1,1,D,1,1,D,7,9,3,1,16,10,5,1,2,1,0,0
N1,21/11/2020,20:00,Zwolle,Utrecht,1,1,D,1,0,H,10,2,4,2,17,6,3,3,3,3,0,0
N1,08/11/2020,11:15,Utrecht,Ajax,0,3,A,0,0,D,5,19,2,6,14,13,0,8,0,1,0,0
N1,08/11/2020,13:30,Feyenoord,Groningen,2,0,H,0,0,D,9,8,6,1,10,10,6,3,1,3,0,1
N1,08/11/2020,13:30,Vitesse,FC Emmen,3,1,H,3,0,H,9,15,6,5,8,8,3,3,0,5,1,0
N1,08/11/2020,15:45,Heerenveen,AZ Alkmaar,0,3,A,0,2,A,9,15,1,6,8,9,3,10,1,0,0,0
N1,08/11/2020,19:00,PSV Eindhoven,Willem II,3,0,H,2,0,H,16,6,8,2,13,10,6,4,1,0,0,1
N1,08/11/2020,11:15,Utrecht,Ajax,0,3,A,0,0,D,5,19,2,6,14,13,0,8,0,1,0,0
N1,08/11/2020,13:30,Feyenoord,Groningen,2,0,H,0,0,D,9,8,6,1,10,10,6,3,1,3,0,1
N1,08/11/2020,13:30,Vitesse,FC Emmen,3,1,H,3,0,H,9,15,6,5,8,8,3,3,0,5,1,0
N1,08/11/2020,15:45,Heerenveen,AZ Alkmaar,0,3,A,0,2,A,9,15,1,6,8,9,3,10,1,0,0,0
N1,08/11/2020,19:00,PSV Eindhoven,Willem II,3,0,H,2,0,H,16,6,8,2,13,10,6,4,1,0,0,1
N1,07/11/2020,15:30,Den Haag,Twente,2,4,A,0,1,A,10,23,4,9,11,8,3,10,0,1,0,0
N1,07/11/2020,17:45,VVV Venlo,Heracles,3,2,H,0,1,A,9,7,4,2,22,7,1,6,2,0,0,1
N1,07/11/2020,20:00,Waalwijk,Sparta Rotterdam,0,2,A,0,0,D,7,20,4,7,9,10,6,8,0,2,0,0
N1,07/11/2020,15:30,Den Haag,Twente,2,4,A,0,1,A,10,23,4,9,11,8,3,10,0,1,0,0
N1,07/11/2020,17:45,VVV Venlo,Heracles,3,2,H,0,1,A,9,7,4,2,22,7,1,6,2,0,0,1
N1,07/11/2020,20:00,Waalwijk,Sparta Rotterdam,0,2,A,0,0,D,7,20,4,7,9,10,6,8,0,2,0,0
N1,06/11/2020,19:00,For Sittard,Zwolle,2,2,D,2,1,H,10,12,6,1,8,9,2,5,2,0,0,0
N1,06/11/2020,19:00,For Sittard,Zwolle,2,2,D,2,1,H,10,12,6,1,8,9,2,5,2,0,0,0
N1,01/11/2020,11:15,Heracles,Utrecht,4,1,H,2,0,H,15,10,7,5,12,8,4,6,2,1,0,0
N1,01/11/2020,13:30,FC Emmen,Feyenoord,2,3,A,2,2,D,9,24,3,7,12,13,6,9,4,2,1,0
N1,01/11/2020,13:30,Sparta Rotterdam,Heerenveen,1,4,A,0,3,A,15,12,6,6,8,8,4,3,1,0,0,0
N1,01/11/2020,15:45,PSV Eindhoven,Den Haag,4,0,H,1,0,H,22,5,9,3,11,11,4,2,1,1,0,0
N1,01/11/2020,19:00,AZ Alkmaar,Waalwijk,3,0,H,1,0,H,19,3,11,1,8,13,6,1,1,2,0,0
N1,01/11/2020,11:15,Heracles,Utrecht,4,1,H,2,0,H,15,10,7,5,12,8,4,6,2,1,0,0
N1,01/11/2020,13:30,FC Emmen,Feyenoord,2,3,A,2,2,D,9,24,3,7,12,13,6,9,4,2,1,0
N1,01/11/2020,13:30,Sparta Rotterdam,Heerenveen,1,4,A,0,3,A,15,12,6,6,8,8,4,3,1,0,0,0
N1,01/11/2020,15:45,PSV Eindhoven,Den Haag,4,0,H,1,0,H,22,5,9,3,11,11,4,2,1,1,0,0
N1,01/11/2020,19:00,AZ Alkmaar,Waalwijk,3,0,H,1,0,H,19,3,11,1,8,13,6,1,1,2,0,0
N1,31/10/2020,17:45,Twente,Zwolle,5,1,H,3,0,H,8,10,5,5,14,11,5,4,1,0,0,0
N1,31/10/2020,19:00,Ajax,For Sittard,5,2,H,2,1,H,30,11,9,7,12,11,7,0,0,1,0,0
N1,31/10/2020,19:00,Groningen,VVV Venlo,2,1,H,1,0,H,14,8,6,2,8,13,5,5,1,0,0,0
N1,31/10/2020,20:00,Willem II,Vitesse,1,3,A,1,0,H,12,17,7,4,9,15,6,5,3,2,0,0
N1,31/10/2020,17:45,Twente,Zwolle,5,1,H,3,0,H,8,10,5,5,14,11,5,4,1,0,0,0
N1,31/10/2020,19:00,Ajax,For Sittard,5,2,H,2,1,H,30,11,9,7,12,11,7,0,0,1,0,0
N1,31/10/2020,19:00,Groningen,VVV Venlo,2,1,H,1,0,H,14,8,6,2,8,13,5,5,1,0,0,0
N1,31/10/2020,20:00,Willem II,Vitesse,1,3,A,1,0,H,12,17,7,4,9,15,6,5,3,2,0,0
N1,25/10/2020,11:15,For Sittard,Groningen,1,3,A,0,2,A,5,17,2,10,12,8,1,6,1,1,0,0
N1,25/10/2020,13:30,Sparta Rotterdam,Heracles,1,1,D,0,0,D,10,19,5,2,13,12,4,9,2,3,1,0
N1,25/10/2020,13:30,Vitesse,PSV Eindhoven,2,1,H,1,0,H,7,12,5,4,13,13,4,5,3,0,0,0
N1,25/10/2020,15:45,Waalwijk,Feyenoord,2,2,D,0,0,D,8,18,6,8,19,8,2,3,2,2,0,0
N1,25/10/2020,19:00,Den Haag,AZ Alkmaar,2,2,D,0,1,A,9,23,3,7,8,6,3,8,2,1,0,0
N1,25/10/2020,11:15,For Sittard,Groningen,1,3,A,0,2,A,5,17,2,10,12,8,1,6,1,1,0,0
N1,25/10/2020,13:30,Sparta Rotterdam,Heracles,1,1,D,0,0,D,10,19,5,2,13,12,4,9,2,3,1,0
N1,25/10/2020,13:30,Vitesse,PSV Eindhoven,2,1,H,1,0,H,7,12,5,4,13,13,4,5,3,0,0,0
N1,25/10/2020,15:45,Waalwijk,Feyenoord,2,2,D,0,0,D,8,18,6,8,19,8,2,3,2,2,0,0
N1,25/10/2020,19:00,Den Haag,AZ Alkmaar,2,2,D,0,1,A,9,23,3,7,8,6,3,8,2,1,0,0
N1,24/10/2020,15:30,VVV Venlo,Ajax,0,13,A,0,4,A,3,45,0,23,12,9,3,12,1,0,1,0
N1,24/10/2020,17:45,Utrecht,Twente,2,1,H,1,1,D,12,9,5,3,7,13,7,4,1,4,0,0
N1,24/10/2020,19:00,Zwolle,Willem II,0,0,D,0,0,D,20,12,4,3,12,10,9,3,3,1,1,0
N1,24/10/2020,20:00,Heerenveen,FC Emmen,4,0,H,2,0,H,14,9,5,2,6,7,5,8,2,3,0,2
N1,24/10/2020,15:30,VVV Venlo,Ajax,0,13,A,0,4,A,3,45,0,23,12,9,3,12,1,0,1,0
N1,24/10/2020,17:45,Utrecht,Twente,2,1,H,1,1,D,12,9,5,3,7,13,7,4,1,4,0,0
N1,24/10/2020,19:00,Zwolle,Willem II,0,0,D,0,0,D,20,12,4,3,12,10,9,3,3,1,1,0
N1,24/10/2020,20:00,Heerenveen,FC Emmen,4,0,H,2,0,H,14,9,5,2,6,7,5,8,2,3,0,2
N1,21/10/2020,16:30,Waalwijk,Zwolle,1,1,D,0,0,D,11,21,3,6,12,13,9,5,2,2,0,0
N1,21/10/2020,16:30,Waalwijk,Zwolle,1,1,D,0,0,D,11,21,3,6,12,13,9,5,2,2,0,0
N1,18/10/2020,11:15,Feyenoord,Sparta Rotterdam,1,1,D,1,0,H,11,11,1,5,10,18,8,4,3,1,0,0
N1,18/10/2020,13:30,Ajax,Heerenveen,5,1,H,3,0,H,16,9,5,5,10,14,5,9,1,2,0,0
N1,18/10/2020,13:30,Den Haag,Vitesse,0,2,A,0,1,A,11,20,4,8,15,7,3,3,2,3,0,1
N1,18/10/2020,15:45,Groningen,Utrecht,0,0,D,0,0,D,16,14,1,6,15,6,4,4,5,0,0,0
N1,18/10/2020,15:45,Zwolle,PSV Eindhoven,0,3,A,0,3,A,12,12,3,5,11,17,4,3,2,2,0,0
N1,18/10/2020,19:00,FC Emmen,For Sittard,2,2,D,0,2,A,17,15,8,5,8,15,5,3,2,1,0,0
N1,18/10/2020,11:15,Feyenoord,Sparta Rotterdam,1,1,D,1,0,H,11,11,1,5,10,18,8,4,3,1,0,0
N1,18/10/2020,13:30,Ajax,Heerenveen,5,1,H,3,0,H,16,9,5,5,10,14,5,9,1,2,0,0
N1,18/10/2020,13:30,Den Haag,Vitesse,0,2,A,0,1,A,11,20,4,8,15,7,3,3,2,3,0,1
N1,18/10/2020,15:45,Groningen,Utrecht,0,0,D,0,0,D,16,14,1,6,15,6,4,4,5,0,0,0
N1,18/10/2020,15:45,Zwolle,PSV Eindhoven,0,3,A,0,3,A,12,12,3,5,11,17,4,3,2,2,0,0
N1,18/10/2020,19:00,FC Emmen,For Sittard,2,2,D,0,2,A,17,15,8,5,8,15,5,3,2,1,0,0
N1,17/10/2020,17:45,Heracles,Waalwijk,0,1,A,0,1,A,24,5,6,1,20,15,6,2,1,1,0,0
N1,17/10/2020,19:00,AZ Alkmaar,VVV Venlo,2,2,D,2,0,H,20,11,7,4,11,20,6,2,1,3,1,0
N1,17/10/2020,20:00,Willem II,Twente,0,3,A,0,1,A,18,16,9,8,10,7,12,3,3,1,0,0
N1,17/10/2020,17:45,Heracles,Waalwijk,0,1,A,0,1,A,24,5,6,1,20,15,6,2,1,1,0,0
N1,17/10/2020,19:00,AZ Alkmaar,VVV Venlo,2,2,D,2,0,H,20,11,7,4,11,20,6,2,1,3,1,0
N1,17/10/2020,20:00,Willem II,Twente,0,3,A,0,1,A,18,16,9,8,10,7,12,3,3,1,0,0
N1,04/10/2020,11:15,Groningen,Ajax,1,0,H,0,0,D,11,19,3,3,10,9,1,11,0,1,0,0
N1,04/10/2020,13:30,Sparta Rotterdam,AZ Alkmaar,4,4,D,0,4,A,17,15,7,6,17,14,5,6,1,4,0,1
N1,04/10/2020,13:30,Willem II,Feyenoord,1,4,A,1,1,D,6,16,3,8,15,20,1,4,1,1,0,0
N1,04/10/2020,15:45,PSV Eindhoven,For Sittard,2,0,H,1,0,H,9,16,5,5,12,10,6,3,0,1,0,0
N1,04/10/2020,11:15,Groningen,Ajax,1,0,H,0,0,D,11,19,3,3,10,9,1,11,0,1,0,0
N1,04/10/2020,13:30,Sparta Rotterdam,AZ Alkmaar,4,4,D,0,4,A,17,15,7,6,17,14,5,6,1,4,0,1
N1,04/10/2020,13:30,Willem II,Feyenoord,1,4,A,1,1,D,6,16,3,8,15,20,1,4,1,1,0,0
N1,04/10/2020,15:45,PSV Eindhoven,For Sittard,2,0,H,1,0,H,9,16,5,5,12,10,6,3,0,1,0,0
N1,03/10/2020,15:30,Vitesse,Heracles,3,0,H,2,0,H,15,3,7,0,9,9,7,4,2,1,0,0
N1,03/10/2020,19:00,VVV Venlo,Den Haag,1,2,A,1,1,D,10,15,3,5,12,7,4,1,2,1,0,0
N1,03/10/2020,20:00,Twente,FC Emmen,1,1,D,0,0,D,17,7,7,2,10,10,2,1,1,1,0,0
N1,03/10/2020,15:30,Vitesse,Heracles,3,0,H,2,0,H,15,3,7,0,9,9,7,4,2,1,0,0
N1,03/10/2020,19:00,VVV Venlo,Den Haag,1,2,A,1,1,D,10,15,3,5,12,7,4,1,2,1,0,0
N1,03/10/2020,20:00,Twente,FC Emmen,1,1,D,0,0,D,17,7,7,2,10,10,2,1,1,1,0,0
N1,02/10/2020,19:00,Utrecht,Heerenveen,1,1,D,1,1,D,38,10,6,3,7,14,16,2,1,2,0,1
N1,02/10/2020,19:00,Utrecht,Heerenveen,1,1,D,1,1,D,38,10,6,3,7,14,16,2,1,2,0,1
N1,27/09/2020,11:15,Feyenoord,Den Haag,4,2,H,1,1,D,24,11,12,5,10,11,10,4,2,1,0,0
N1,27/09/2020,13:30,Utrecht,Waalwijk,3,1,H,1,0,H,12,12,7,4,7,14,6,1,0,0,0,0
N1,27/09/2020,15:45,FC Emmen,Willem II,1,1,D,1,1,D,10,14,2,2,14,7,2,8,1,1,1,0
N1,27/09/2020,15:45,Heracles,PSV Eindhoven,1,1,D,1,0,H,9,9,2,2,16,11,4,2,4,2,0,0
N1,27/09/2020,11:15,Feyenoord,Den Haag,4,2,H,1,1,D,24,11,12,5,10,11,10,4,2,1,0,0
N1,27/09/2020,13:30,Utrecht,Waalwijk,3,1,H,1,0,H,12,12,7,4,7,14,6,1,0,0,0,0
N1,27/09/2020,15:45,FC Emmen,Willem II,1,1,D,1,1,D,10,14,2,2,14,7,2,8,1,1,1,0
N1,27/09/2020,15:45,Heracles,PSV Eindhoven,1,1,D,1,0,H,9,9,2,2,16,11,4,2,4,2,0,0
N1,26/09/2020,15:30,Zwolle,Sparta Rotterdam,4,0,H,1,0,H,20,9,8,2,12,10,9,5,1,1,0,1
N1,26/09/2020,17:45,For Sittard,AZ Alkmaar,3,3,D,1,1,D,13,12,5,4,9,13,5,8,2,1,0,0
N1,26/09/2020,19:00,Heerenveen,VVV Venlo,1,0,H,1,0,H,16,13,8,2,12,10,8,5,1,1,0,2
N1,26/09/2020,20:00,Ajax,Vitesse,2,1,H,1,0,H,18,24,4,5,13,15,7,4,3,4,1,0
N1,26/09/2020,15:30,Zwolle,Sparta Rotterdam,4,0,H,1,0,H,20,9,8,2,12,10,9,5,1,1,0,1
N1,26/09/2020,17:45,For Sittard,AZ Alkmaar,3,3,D,1,1,D,13,12,5,4,9,13,5,8,2,1,0,0
N1,26/09/2020,19:00,Heerenveen,VVV Venlo,1,0,H,1,0,H,16,13,8,2,12,10,8,5,1,1,0,2
N1,26/09/2020,20:00,Ajax,Vitesse,2,1,H,1,0,H,18,24,4,5,13,15,7,4,3,4,1,0
N1,25/09/2020,19:00,Twente,Groningen,3,1,H,2,0,H,7,11,7,5,11,4,1,3,0,1,0,0
N1,25/09/2020,19:00,Twente,Groningen,3,1,H,2,0,H,7,11,7,5,11,4,1,3,0,1,0,0
N1,20/09/2020,11:15,Den Haag,Groningen,0,1,A,0,1,A,6,13,0,6,12,11,3,8,1,1,0,0
N1,20/09/2020,13:30,Feyenoord,Twente,1,1,D,1,1,D,18,10,5,3,7,20,8,4,2,2,0,0
N1,20/09/2020,13:30,Willem II,Heracles,4,0,H,0,0,D,19,7,5,2,10,8,8,5,1,0,0,0
N1,20/09/2020,15:45,Ajax,Waalwijk,3,0,H,2,0,H,23,6,10,3,8,6,4,3,1,0,0,1
N1,20/09/2020,11:15,Den Haag,Groningen,0,1,A,0,1,A,6,13,0,6,12,11,3,8,1,1,0,0
N1,20/09/2020,13:30,Feyenoord,Twente,1,1,D,1,1,D,18,10,5,3,7,20,8,4,2,2,0,0
N1,20/09/2020,13:30,Willem II,Heracles,4,0,H,0,0,D,19,7,5,2,10,8,8,5,1,0,0,0
N1,20/09/2020,15:45,Ajax,Waalwijk,3,0,H,2,0,H,23,6,10,3,8,6,4,3,1,0,0,1
N1,19/09/2020,15:30,AZ Alkmaar,Zwolle,1,1,D,0,1,A,13,14,3,4,7,22,6,2,0,5,1,1
N1,19/09/2020,17:45,Vitesse,Sparta Rotterdam,2,0,H,1,0,H,26,2,9,1,4,15,6,7,2,4,0,1
N1,19/09/2020,19:00,PSV Eindhoven,FC Emmen,2,1,H,1,0,H,21,7,5,2,8,12,7,5,0,3,0,0
N1,19/09/2020,20:00,For Sittard,Heerenveen,1,3,A,0,3,A,25,10,7,5,9,11,14,2,4,0,0,0
N1,19/09/2020,15:30,AZ Alkmaar,Zwolle,1,1,D,0,1,A,13,14,3,4,7,22,6,2,0,5,1,1
N1,19/09/2020,17:45,Vitesse,Sparta Rotterdam,2,0,H,1,0,H,26,2,9,1,4,15,6,7,2,4,0,1
N1,19/09/2020,19:00,PSV Eindhoven,FC Emmen,2,1,H,1,0,H,21,7,5,2,8,12,7,5,0,3,0,0
N1,19/09/2020,20:00,For Sittard,Heerenveen,1,3,A,0,3,A,25,10,7,5,9,11,14,2,4,0,0,0
N1,18/09/2020,19:00,VVV Venlo,Utrecht,1,1,D,1,0,H,9,26,3,8,15,7,5,12,2,1,0,0
N1,18/09/2020,19:00,VVV Venlo,Utrecht,1,1,D,1,0,H,9,26,3,8,15,7,5,12,2,1,0,0
N1,13/09/2020,11:15,FC Emmen,VVV Venlo,3,5,A,1,0,H,15,14,5,7,10,13,7,3,2,3,0,0
N1,13/09/2020,13:30,Heracles,Den Haag,2,0,H,0,0,D,22,8,5,1,5,15,7,2,1,3,0,1
N1,13/09/2020,13:30,Sparta Rotterdam,Ajax,0,1,A,0,1,A,14,9,3,4,13,13,2,1,2,3,0,1
N1,13/09/2020,15:45,Groningen,PSV Eindhoven,1,3,A,0,1,A,14,16,2,6,12,10,3,1,4,2,0,0
N1,13/09/2020,15:45,Waalwijk,Vitesse,0,1,A,0,1,A,7,17,3,6,11,17,0,6,1,1,0,0
N1,13/09/2020,11:15,FC Emmen,VVV Venlo,3,5,A,1,0,H,15,14,5,7,10,13,7,3,2,3,0,0
N1,13/09/2020,13:30,Heracles,Den Haag,2,0,H,0,0,D,22,8,5,1,5,15,7,2,1,3,0,1
N1,13/09/2020,13:30,Sparta Rotterdam,Ajax,0,1,A,0,1,A,14,9,3,4,13,13,2,1,2,3,0,1
N1,13/09/2020,15:45,Groningen,PSV Eindhoven,1,3,A,0,1,A,14,16,2,6,12,10,3,1,4,2,0,0
N1,13/09/2020,15:45,Waalwijk,Vitesse,0,1,A,0,1,A,7,17,3,6,11,17,0,6,1,1,0,0
N1,12/09/2020,17:45,Heerenveen,Willem II,2,0,H,1,0,H,13,10,7,5,12,13,3,10,2,3,0,0
N1,12/09/2020,19:00,Zwolle,Feyenoord,0,2,A,0,1,A,17,13,5,6,15,11,3,3,3,1,0,0
N1,12/09/2020,20:00,Twente,For Sittard,2,0,H,1,0,H,14,2,5,0,9,13,7,2,1,0,0,0
N1,12/09/2020,17:45,Heerenveen,Willem II,2,0,H,1,0,H,13,10,7,5,12,13,3,10,2,3,0,0
N1,12/09/2020,19:00,Zwolle,Feyenoord,0,2,A,0,1,A,17,13,5,6,15,11,3,3,3,1,0,0
N1,12/09/2020,20:00,Twente,For Sittard,2,0,H,1,0,H,14,2,5,0,9,13,7,2,1,0,0,0