Country,League,Season,Date,Time,HomeTeam,AwayTeam,FTHG,FTAG,Res,PH,PD,PA,MaxH,MaxD,MaxA,AvgH,AvgD,AvgA
Poland,Ekstraklasa,2021/2022,7/23/2021,17:00,Termalica B-B.,Stal Mielec,1,1,D,"2,39","3,35","3,22","2,42","3,43","3,29","2,32","3,21","3,08"
Poland,Ekstraklasa,2021/2022,7/23/2021,19:30,Lech Poznan,Radomiak Radom,0,0,D,"1,66","3,83","6,03","1,7","3,87","6,03","1,65","3,62","5,41"
Poland,Ekstraklasa,2021/2022,7/24/2021,14:00,Leczna,Cracovia,1,1,D,"3,64","3,3","2,22","3,67","3,4","2,29","3,39","3,18","2,19"
Poland,Ekstraklasa,2021/2022,7/24/2021,16:30,Jagiellonia,Lechia Gdansk,1,1,D,"2,53","3,46","2,91","2,6","3,46","2,99","2,47","3,29","2,8"
Poland,Ekstraklasa,2021/2022,7/24/2021,19:00,Legia,Wisla Plock,1,0,H,"2,27","3,44","3,36","2,34","3,44","3,4","2,23","3,26","3,22"
Poland,Ekstraklasa,2021/2022,7/25/2021,14:00,Piast Gliwice,Rakow,2,3,A,"2,99","3,21","2,62","3,04","3,27","2,91","2,74","3,12","2,63"
Poland,Ekstraklasa,2021/2022,7/25/2021,16:30,Slask Wroclaw,Warta Poznan,2,2,D,"2,32","3,28","3,43","2,36","3,31","3,64","2,25","3,16","3,26"
Poland,Ekstraklasa,2021/2022,7/25/2021,19:00,Pogon Szczecin,Gornik Z.,2,0,H,"2,04","3,37","4,15","2,06","3,45","4,25","1,98","3,28","3,9"
Poland,Ekstraklasa,2021/2022,7/26/2021,17:00,Wisla,Zaglebie,3,0,H,"1,99","3,77","3,82","2,1","3,77","3,86","1,99","3,58","3,49"
Poland,Ekstraklasa,2021/2022,7/30/2021,17:00,Zaglebie,Leczna,3,1,H,"1,65","4,08","5,56","1,83","4,08","5,61","1,67","3,75","4,99"
Poland,Ekstraklasa,2021/2022,7/30/2021,19:30,Gornik Z.,Lech Poznan,1,3,A,"3,9","3,54","2,04","3,92","3,54","2,15","3,6","3,35","2,03"
Poland,Ekstraklasa,2021/2022,7/31/2021,14:00,Stal Mielec,Piast Gliwice,0,2,A,"3,7","3,38","2,17","3,73","3,4","2,29","3,49","3,21","2,13"
Poland,Ekstraklasa,2021/2022,7/31/2021,16:30,Termalica B-B.,Wisla,2,2,D,"2,56","3,41","2,91","2,87","3,46","2,96","2,51","3,27","2,76"
Poland,Ekstraklasa,2021/2022,7/31/2021,19:00,Radomiak Radom,Legia,3,1,H,"3,14","3,29","2,47","3,17","3,4","2,51","3,02","3,17","2,37"
Poland,Ekstraklasa,2021/2022,8/1/2021,14:00,Warta Poznan,Pogon Szczecin,1,1,D,"3,82","3,12","2,24","3,93","3,14","2,35","3,57",3,"2,21"
Poland,Ekstraklasa,2021/2022,8/1/2021,16:30,Cracovia,Slask Wroclaw,1,2,A,"2,17","3,33","3,74","2,25","3,4","3,75","2,13","3,2","3,5"
Poland,Ekstraklasa,2021/2022,8/1/2021,19:00,Jagiellonia,Rakow,3,0,H,"2,35","3,62","3,07","2,48","3,66","3,13","2,3","3,41","2,97"
Poland,Ekstraklasa,2021/2022,8/2/2021,17:00,Lechia Gdansk,Wisla Plock,1,0,H,"2,28","3,43","3,35","2,35","3,52","3,35","2,27","3,26","3,11"
Poland,Ekstraklasa,2021/2022,8/6/2021,17:00,Leczna,Warta Poznan,0,4,A,"2,79","3,22","2,79","2,85","3,25","2,84","2,72","3,05","2,68"
Poland,Ekstraklasa,2021/2022,8/6/2021,19:30,Lech Poznan,Cracovia,2,0,H,"1,61","4,03","6,14","1,68","4,03","6,15","1,6","3,78","5,51"
Poland,Ekstraklasa,2021/2022,8/7/2021,14:00,Jagiellonia,Termalica B-B.,1,0,H,"2,34","3,4","3,26","2,38","3,5","3,4","2,24","3,31","3,12"
Poland,Ekstraklasa,2021/2022,8/7/2021,16:30,Gornik Z.,Stal Mielec,1,0,H,"2,11","3,49","3,73","2,23","3,52","3,74","2,08","3,38","3,44"
Poland,Ekstraklasa,2021/2022,8/8/2021,14:00,Pogon Szczecin,Piast Gliwice,1,0,H,"2,03","3,39","4,16","2,19","3,42","4,16","2,01","3,23","3,82"
Poland,Ekstraklasa,2021/2022,8/8/2021,16:30,Wisla,Rakow,1,2,A,"2,91","3,5","2,51","2,99","3,63","2,76","2,74","3,35","2,47"
Poland,Ekstraklasa,2021/2022,8/8/2021,19:00,Slask Wroclaw,Lechia Gdansk,1,1,D,"2,48","3,49","2,96","2,55","3,54","3,02","2,41","3,35","2,82"
Poland,Ekstraklasa,2021/2022,8/9/2021,17:00,Wisla Plock,Radomiak Radom,1,0,H,"2,69","3,16","2,94","2,71","3,28","3,04","2,56","3,03","2,88"
Poland,Ekstraklasa,2021/2022,8/13/2021,17:00,Termalica B-B.,Lech Poznan,1,3,A,"5,22","3,68","1,76","5,35","3,88","1,9","4,8","3,59","1,72"
Poland,Ekstraklasa,2021/2022,8/13/2021,19:30,Stal Mielec,Wisla,2,1,H,"3,21","3,49","2,33","3,3","3,57","2,35","3,06","3,38","2,24"
Poland,Ekstraklasa,2021/2022,8/14/2021,14:00,Piast Gliwice,Wisla Plock,4,3,H,"2,15","3,32","3,8","2,27","3,38","4,2","2,08","3,17","3,67"
Poland,Ekstraklasa,2021/2022,8/14/2021,16:30,Lechia Gdansk,Cracovia,3,0,H,"2,28","3,37","3,42","2,28","3,57","3,6","2,16","3,27","3,32"
Poland,Ekstraklasa,2021/2022,8/14/2021,19:00,Warta Poznan,Legia,0,2,A,"3,56","3,3","2,25","3,6","3,45","2,35","3,28","3,2","2,21"
Poland,Ekstraklasa,2021/2022,8/15/2021,16:30,Slask Wroclaw,Leczna,0,0,D,"1,72","3,98","5,03","1,81","3,98","5,15","1,7","3,73","4,68"
Poland,Ekstraklasa,2021/2022,8/15/2021,19:00,Zaglebie,Pogon Szczecin,2,0,H,"3,3","3,22","2,41","3,31","3,4","2,43","3,13","3,11","2,34"
Poland,Ekstraklasa,2021/2022,8/16/2021,17:00,Jagiellonia,Gornik Z.,1,3,A,"2,29","3,43","3,35","2,32","3,48","3,35","2,24","3,3","3,1"
Poland,Ekstraklasa,2021/2022,8/20/2021,17:00,Wisla Plock,Zaglebie,4,0,H,"2,42","3,38","3,15","2,59","3,42","3,19","2,44","3,19","2,89"
Poland,Ekstraklasa,2021/2022,8/20/2021,19:30,Radomiak Radom,Warta Poznan,1,0,H,"2,15","3,33","3,8","2,23","3,35","3,9","2,12","3,18","3,57"
Poland,Ekstraklasa,2021/2022,8/21/2021,14:00,Pogon Szczecin,Stal Mielec,4,1,H,"1,5","4,19","7,82","1,6","4,19","7,82","1,51","3,93","6,64"
Poland,Ekstraklasa,2021/2022,8/21/2021,16:30,Cracovia,Jagiellonia,2,1,H,"2,08","3,38","3,98","2,31","3,46","4,09","2,11","3,23","3,54"
Poland,Ekstraklasa,2021/2022,8/21/2021,19:00,Leczna,Wisla,1,3,A,"3,36","3,51","2,24","3,5","3,6","2,27","3,24","3,36","2,16"
Poland,Ekstraklasa,2021/2022,8/22/2021,14:00,Piast Gliwice,Slask Wroclaw,1,1,D,"1,87","3,82","4,31","1,96","3,82","4,75","1,88","3,55","3,96"
Poland,Ekstraklasa,2021/2022,8/22/2021,16:30,Lech Poznan,Lechia Gdansk,2,0,H,"1,5","4,44","7,08","1,55","4,7","7,5","1,47","4,25","6,64"
Poland,Ekstraklasa,2021/2022,8/27/2021,17:00,Stal Mielec,Leczna,2,0,H,"2,05","3,43","4,01","2,07","3,6","4,3","1,98","3,33","3,8"
Poland,Ekstraklasa,2021/2022,8/27/2021,19:30,Warta Poznan,Jagiellonia,1,1,D,"2,62","3,2",3,"2,7","3,22","3,1","2,55","3,07","2,86"
Poland,Ekstraklasa,2021/2022,8/28/2021,11:30,Termalica B-B.,Cracovia,1,2,A,"2,78","3,11","2,9","2,79","3,2","3,2","2,65","3,01","2,79"
Poland,Ekstraklasa,2021/2022,8/28/2021,14:00,Lechia Gdansk,Radomiak Radom,2,2,D,"2,31","3,41","3,31","2,51","3,42","3,33","2,33","3,19","3,09"
Poland,Ekstraklasa,2021/2022,8/28/2021,16:30,Lech Poznan,Pogon Szczecin,1,1,D,"1,92","3,46","4,58","1,95","3,6","4,6","1,88","3,32","4,29"
Poland,Ekstraklasa,2021/2022,8/28/2021,19:00,Gornik Z.,Piast Gliwice,0,1,A,"2,88","3,22","2,71","2,88","3,32","2,8","2,75","3,08","2,63"
Poland,Ekstraklasa,2021/2022,8/29/2021,11:30,Wisla Plock,Rakow,1,1,D,"3,36","3,24","2,37","3,38","3,26","2,65","3,17","3,12","2,32"
Poland,Ekstraklasa,2021/2022,8/29/2021,14:00,Zaglebie,Slask Wroclaw,1,3,A,"2,33","3,67","3,06","2,4","3,67","3,25","2,26","3,42","3,02"
Poland,Ekstraklasa,2021/2022,8/29/2021,16:30,Wisla,Legia,1,0,H,"3,21","3,44","2,35","3,23","3,45","2,4","3,08","3,3","2,28"
Poland,Ekstraklasa,2021/2022,9/11/2021,11:30,Warta Poznan,Termalica B-B.,0,0,D,"2,36","3,3","3,32","2,61","3,33","3,39","2,34","3,13","3,12"
Poland,Ekstraklasa,2021/2022,9/11/2021,14:00,Cracovia,Gornik Z.,2,2,D,"2,47","3,13","3,3","2,47","3,38","3,4","2,34","3,12","3,14"
Poland,Ekstraklasa,2021/2022,9/11/2021,16:30,Jagiellonia,Stal Mielec,1,1,D,"1,67","4,02","5,43","1,95","4,08","5,75","1,66","3,84","4,93"
Poland,Ekstraklasa,2021/2022,9/11/2021,19:00,Slask Wroclaw,Legia,1,0,H,"3,52","3,44","2,21","4,1","3,6","2,39","3,4","3,36","2,11"
Poland,Ekstraklasa,2021/2022,9/12/2021,11:30,Piast Gliwice,Zaglebie,0,1,A,"1,95","3,7","4,07","2,02","3,7","4,15","1,94","3,5","3,76"
Poland,Ekstraklasa,2021/2022,9/12/2021,14:00,Wisla,Lechia Gdansk,2,2,D,"2,06","3,7","3,65","2,1","3,81","3,65","2,03","3,55","3,43"
Poland,Ekstraklasa,2021/2022,9/12/2021,16:30,Rakow,Lech Poznan,2,2,D,"2,86","3,28","2,69","2,87","3,4","2,71","2,74","3,18","2,57"
Poland,Ekstraklasa,2021/2022,9/13/2021,17:00,Leczna,Wisla Plock,3,2,H,"3,54","3,49","2,18","3,63","3,49","2,28","3,28","3,29","2,18"
Poland,Ekstraklasa,2021/2022,9/13/2021,19:30,Radomiak Radom,Pogon Szczecin,1,1,D,"3,2","3,28","2,44","3,25","3,28","2,46","3,08","3,09","2,39"
Poland,Ekstraklasa,2021/2022,9/17/2021,17:00,Zaglebie,Termalica B-B.,2,1,H,"2,02","3,53","3,97","2,07","3,62","4,1","2,01","3,38","3,68"
Poland,Ekstraklasa,2021/2022,9/17/2021,19:30,Lech Poznan,Wisla,5,0,H,"1,57","4,14","6,51","1,6","4,36",7,"1,52","4,1","6,07"
Poland,Ekstraklasa,2021/2022,9/18/2021,11:30,Wisla Plock,Jagiellonia,3,0,H,"2,3","3,38","3,37","2,5","3,44","3,42","2,25","3,25","3,18"
Poland,Ekstraklasa,2021/2022,9/18/2021,14:00,Pogon Szczecin,Cracovia,1,1,D,"1,84","3,37","5,25","1,94","3,5","5,25","1,83","3,26","4,66"
Poland,Ekstraklasa,2021/2022,9/18/2021,16:30,Radomiak Radom,Slask Wroclaw,1,1,D,"2,24","3,37","3,52","2,45","3,42","3,52","2,24","3,23","3,22"
Poland,Ekstraklasa,2021/2022,9/18/2021,19:00,Lechia Gdansk,Piast Gliwice,1,0,H,"2,23","3,48","3,43","2,59","3,49","3,43","2,22","3,29","3,21"
Poland,Ekstraklasa,2021/2022,9/19/2021,11:30,Stal Mielec,Rakow,0,3,A,"4,85","3,51","1,85","4,9","3,65","2,04","4,39","3,4","1,83"
Poland,Ekstraklasa,2021/2022,9/19/2021,14:00,Gornik Z.,Warta Poznan,1,0,H,"2,07","3,26","4,2","2,1","3,38","4,21","2,02","3,19","3,89"
Poland,Ekstraklasa,2021/2022,9/19/2021,16:30,Legia,Leczna,3,1,H,"1,31","5,52","11,35","1,36","5,76",12,"1,3","5,13","10,01"
Poland,Ekstraklasa,2021/2022,9/24/2021,17:00,Leczna,Lechia Gdansk,0,4,A,"3,92","3,52","2,04","3,95","3,53","2,2","3,62","3,36","2,02"
Poland,Ekstraklasa,2021/2022,9/24/2021,19:30,Jagiellonia,Lech Poznan,1,0,H,"4,57","3,63","1,87","4,75","3,88","1,87","4,28","3,58","1,81"
Poland,Ekstraklasa,2021/2022,9/25/2021,14:00,Stal Mielec,Radomiak Radom,1,0,H,"3,32","3,42","2,3","3,4","3,46","2,35","3,17","3,26","2,24"
Poland,Ekstraklasa,2021/2022,9/25/2021,16:30,Warta Poznan,Zaglebie,0,2,A,"2,77","3,25","2,78","2,8","3,38","2,8","2,68","3,14","2,66"
Poland,Ekstraklasa,2021/2022,9/25/2021,19:00,Legia,Rakow,2,3,A,"2,09","3,53","3,74","2,25","3,59","3,75","2,09","3,33","3,45"
Poland,Ekstraklasa,2021/2022,9/26/2021,11:30,Termalica B-B.,Gornik Z.,3,1,H,"3,18","3,28","2,45","3,3","3,39","2,47","3,02","3,18","2,37"
Poland,Ekstraklasa,2021/2022,9/26/2021,14:00,Slask Wroclaw,Wisla Plock,3,1,H,"1,9","3,84","4,11","2,2","3,84","4,24","1,91","3,54","3,83"
Poland,Ekstraklasa,2021/2022,9/26/2021,16:30,Wisla,Pogon Szczecin,0,1,A,"2,98","3,41","2,51","3,1","3,58","2,53","2,86","3,32","2,4"
Poland,Ekstraklasa,2021/2022,9/27/2021,17:00,Piast Gliwice,Cracovia,2,4,A,"2,35","3,12","3,54","2,4","3,2","3,58","2,32","3,03","3,28"
Poland,Ekstraklasa,2021/2022,9/29/2021,16:00,Rakow,Radomiak Radom,2,2,D,"1,81","3,59","5,08","1,81","3,64","5,11","1,77","3,49","4,6"
Poland,Ekstraklasa,2021/2022,10/1/2021,17:00,Zaglebie,Jagiellonia,0,1,A,"2,26","3,49","3,35","2,34","3,65","3,41","2,22","3,37","3,13"
Poland,Ekstraklasa,2021/2022,10/1/2021,19:30,Piast Gliwice,Wisla,1,0,H,"2,57","3,4","2,9","2,61","3,5","2,95","2,52","3,29","2,73"
Poland,Ekstraklasa,2021/2022,10/2/2021,11:30,Radomiak Radom,Termalica B-B.,1,1,D,"2,15","3,5","3,6","2,5","3,51","3,93","2,12","3,27","3,46"
Poland,Ekstraklasa,2021/2022,10/2/2021,14:00,Cracovia,Stal Mielec,3,3,D,"1,79","3,71","4,94","1,9","3,71","4,97","1,79","3,49","4,47"
Poland,Ekstraklasa,2021/2022,10/2/2021,16:30,Lech Poznan,Slask Wroclaw,4,0,H,"1,51","4,63","6,62","1,58","4,63","6,8","1,48","4,36","6,1"
Poland,Ekstraklasa,2021/2022,10/2/2021,19:00,Gornik Z.,Wisla Plock,4,2,H,"1,86","3,79","4,36","2,12","3,79","4,54","1,88","3,53","3,99"
Poland,Ekstraklasa,2021/2022,10/3/2021,11:30,Rakow,Warta Poznan,3,0,H,"1,58","3,94","6,88","1,65",4,"7,5","1,57","3,78","6,12"
Poland,Ekstraklasa,2021/2022,10/3/2021,14:00,Pogon Szczecin,Leczna,4,1,H,"1,33","5,44","10,16","1,37","5,5",11,"1,31","5,02","9,58"
Poland,Ekstraklasa,2021/2022,10/3/2021,16:30,Lechia Gdansk,Legia,3,1,H,"2,75","3,36","2,73","3,05","3,49","2,76","2,69","3,24","2,58"
Poland,Ekstraklasa,2021/2022,10/16/2021,11:30,Leczna,Piast Gliwice,1,1,D,"3,88","3,34","2,12","3,91","3,42","2,15","3,62","3,23","2,07"
Poland,Ekstraklasa,2021/2022,10/16/2021,14:00,Termalica B-B.,Lechia Gdansk,0,2,A,"3,51","3,64","2,13","3,8","3,65","2,2","3,35","3,35","2,11"
Poland,Ekstraklasa,2021/2022,10/16/2021,16:30,Gornik Z.,Wisla,0,1,A,"1,79","3,91","4,67","2,2","3,92","4,68","1,83","3,57","4,13"
Poland,Ekstraklasa,2021/2022,10/16/2021,19:00,Slask Wroclaw,Rakow,1,2,A,"3,38","3,53","2,23","3,4","3,58","2,28","3,19","3,37","2,17"
Poland,Ekstraklasa,2021/2022,10/17/2021,11:30,Wisla Plock,Pogon Szczecin,1,0,H,"3,65","3,23","2,25","3,75","3,25","2,32","3,44","3,12","2,17"
Poland,Ekstraklasa,2021/2022,10/17/2021,14:00,Cracovia,Warta Poznan,2,0,H,"1,96","3,35","4,53",2,"3,38","4,56","1,93","3,19","4,17"
Poland,Ekstraklasa,2021/2022,10/17/2021,16:30,Legia,Lech Poznan,0,1,A,"3,21","3,64","2,27","3,25","3,64","2,43","3,07","3,38","2,22"
Poland,Ekstraklasa,2021/2022,10/18/2021,17:00,Stal Mielec,Zaglebie,4,2,H,"2,82","3,37","2,66","2,83","3,42","2,71","2,72","3,23","2,53"
Poland,Ekstraklasa,2021/2022,10/18/2021,19:30,Jagiellonia,Radomiak Radom,1,1,D,"2,25","3,43","3,42","2,5","3,43","3,47","2,19","3,27","3,23"
Poland,Ekstraklasa,2021/2022,10/22/2021,17:00,Radomiak Radom,Leczna,3,1,H,"1,62","4,04","6,01","1,66","4,05","6,01","1,61","3,74","5,46"
Poland,Ekstraklasa,2021/2022,10/22/2021,19:30,Lech Poznan,Wisla Plock,4,1,H,"1,34","5,37","9,91","1,37","5,56","9,91","1,33","5,01","8,64"
Poland,Ekstraklasa,2021/2022,10/23/2021,11:30,Rakow,Termalica B-B.,3,2,H,"1,39","4,95","9,13","1,52",5,"9,13","1,38","4,56","7,8"
Poland,Ekstraklasa,2021/2022,10/23/2021,14:00,Lechia Gdansk,Gornik Z.,1,1,D,"2,13","3,52","3,66","2,19","3,68","3,66","2,08","3,4","3,39"
Poland,Ekstraklasa,2021/2022,10/23/2021,16:30,Pogon Szczecin,Jagiellonia,4,1,H,"1,68","3,92","5,53","1,82","3,94","5,7","1,65","3,71","5,19"
Poland,Ekstraklasa,2021/2022,10/23/2021,19:00,Wisla,Slask Wroclaw,0,5,A,"2,14","3,52","3,6","2,35","3,59","3,8","2,09","3,4","3,37"
Poland,Ekstraklasa,2021/2022,10/24/2021,14:00,Zaglebie,Cracovia,1,1,D,"2,69","3,15","2,95","2,73","3,21","2,97","2,61","3,04","2,78"
Poland,Ekstraklasa,2021/2022,10/24/2021,16:30,Warta Poznan,Stal Mielec,0,0,D,"2,29","3,35","3,41","2,3","3,41","3,5","2,21","3,21","3,28"
Poland,Ekstraklasa,2021/2022,10/24/2021,19:00,Piast Gliwice,Legia,4,1,H,"3,19","3,41","2,38","3,35","3,41","2,4","3,07","3,19","2,31"
Poland,Ekstraklasa,2021/2022,10/29/2021,17:00,Cracovia,Radomiak Radom,1,2,A,"2,4","3,11","3,47","2,42","3,24","3,6","2,3","3,04","3,28"
Poland,Ekstraklasa,2021/2022,10/29/2021,19:30,Stal Mielec,Lech Poznan,0,0,D,"7,76","4,73","1,45",8,"4,88","1,5","7,06","4,55","1,41"
Poland,Ekstraklasa,2021/2022,10/30/2021,11:30,Termalica B-B.,Slask Wroclaw,4,3,H,"3,58","3,54","2,14","3,58","3,66","2,19","3,31","3,41","2,11"
Poland,Ekstraklasa,2021/2022,10/30/2021,14:00,Warta Poznan,Lechia Gdansk,0,2,A,"3,46","3,47","2,22","3,9","3,48","2,23","3,36","3,31","2,13"
Poland,Ekstraklasa,2021/2022,10/30/2021,16:30,Gornik Z.,Zaglebie,0,0,D,"1,81","3,91","4,49","1,95","3,91","4,75","1,82","3,62","4,13"
Poland,Ekstraklasa,2021/2022,10/30/2021,19:00,Jagiellonia,Piast Gliwice,3,3,D,"2,49","3,39","3,02","2,52","3,42","3,3","2,4","3,18","2,97"
Poland,Ekstraklasa,2021/2022,10/31/2021,11:30,Wisla Plock,Wisla,2,0,H,"2,22","3,59","3,35","2,27","3,63","3,4","2,17","3,38","3,18"
Poland,Ekstraklasa,2021/2022,10/31/2021,14:00,Leczna,Rakow,0,0,D,"7,32","4,22","1,52","7,32","4,41","1,52","6,65","4,1","1,48"
Poland,Ekstraklasa,2021/2022,10/31/2021,16:30,Legia,Pogon Szczecin,0,2,A,"2,37","3,36","3,25","2,42","3,36","3,32","2,27","3,22","3,13"
Poland,Ekstraklasa,2021/2022,11/5/2021,17:00,Wisla Plock,Termalica B-B.,1,1,D,"1,84","3,78","4,52","1,91","3,81","4,52","1,84","3,53","4,12"
Poland,Ekstraklasa,2021/2022,11/5/2021,19:30,Slask Wroclaw,Jagiellonia,2,2,D,"2,07","3,55","3,79","2,09","3,68","3,79","2,02","3,45","3,54"
Poland,Ekstraklasa,2021/2022,11/6/2021,11:30,Piast Gliwice,Warta Poznan,0,1,A,"1,77","3,63","5,26","1,78","3,74","5,5","1,71","3,52","4,97"
Poland,Ekstraklasa,2021/2022,11/6/2021,14:00,Radomiak Radom,Gornik Z.,1,0,H,"2,44","3,28","3,2","2,45","3,47","3,21","2,33","3,21","3,05"
Poland,Ekstraklasa,2021/2022,11/6/2021,16:30,Lechia Gdansk,Zaglebie,2,1,H,"1,68","4,13","5,12","1,75","4,13","5,26","1,66","3,86","4,8"
Poland,Ekstraklasa,2021/2022,11/6/2021,19:00,Leczna,Lech Poznan,1,1,D,"12,81","5,98","1,26","13,44","6,16","1,3","11,26","5,55","1,25"
Poland,Ekstraklasa,2021/2022,11/7/2021,14:00,Rakow,Pogon Szczecin,0,0,D,"2,15","3,38","3,74","2,3","3,38","3,94","2,14","3,2","3,49"
Poland,Ekstraklasa,2021/2022,11/7/2021,16:30,Legia,Stal Mielec,1,3,A,"1,33","5,51","10,23","1,4",6,"10,23","1,34","5,07","8,35"
Poland,Ekstraklasa,2021/2022,11/7/2021,19:00,Wisla,Cracovia,1,0,H,"2,62","3,34","2,89","2,77","3,4","2,94","2,58","3,17","2,73"
Poland,Ekstraklasa,2021/2022,11/20/2021,11:30,Warta Poznan,Wisla Plock,1,2,A,"2,68","3,15","2,97","2,69","3,26",3,"2,56","3,04","2,86"
Poland,Ekstraklasa,2021/2022,11/20/2021,14:00,Jagiellonia,Wisla,3,1,H,"2,43","3,55",3,"2,5","3,59","3,04","2,4","3,35","2,84"
Poland,Ekstraklasa,2021/2022,11/20/2021,16:30,Stal Mielec,Lechia Gdansk,3,3,D,"3,29","3,49","2,29","3,4","3,55","2,34","3,14","3,38","2,2"
Poland,Ekstraklasa,2021/2022,11/20/2021,19:00,Lech Poznan,Piast Gliwice,1,0,H,"1,43","4,64","8,7","1,43",5,"9,56","1,38","4,57","8,01"
Poland,Ekstraklasa,2021/2022,11/21/2021,11:30,Termalica B-B.,Leczna,1,1,D,"1,7","3,85","5,44","1,74","3,92","5,5","1,67","3,75","4,96"
Poland,Ekstraklasa,2021/2022,11/21/2021,14:00,Pogon Szczecin,Slask Wroclaw,2,1,H,"1,67","3,9","5,66","1,83","3,91","5,8","1,65","3,7","5,19"
Poland,Ekstraklasa,2021/2022,11/21/2021,16:30,Gornik Z.,Legia,3,2,H,"2,79","3,3","2,73","3,05","3,44","2,73","2,73","3,22","2,55"
Poland,Ekstraklasa,2021/2022,11/22/2021,17:00,Zaglebie,Radomiak Radom,0,2,A,"2,73","3,34","2,77","2,73","3,36","2,84","2,62","3,16","2,68"
Poland,Ekstraklasa,2021/2022,11/22/2021,19:30,Cracovia,Rakow,1,0,H,"3,35","3,52","2,24","3,4","3,52","2,3","3,16","3,33","2,2"
Poland,Ekstraklasa,2021/2022,11/26/2021,17:00,Piast Gliwice,Termalica B-B.,2,1,H,2,"3,56","4,05","2,04","3,64","4,2","1,95","3,43","3,81"
Poland,Ekstraklasa,2021/2022,11/26/2021,19:30,Wisla,Radomiak Radom,0,1,A,"2,4","3,51","3,06","2,45","3,61","3,1","2,36","3,36","2,87"
Poland,Ekstraklasa,2021/2022,11/27/2021,11:30,Leczna,Gornik Z.,1,2,A,"4,39","3,75","1,85","4,91","3,92","1,95","4,23","3,54","1,82"
Poland,Ekstraklasa,2021/2022,11/27/2021,14:00,Slask Wroclaw,Stal Mielec,2,1,H,"1,66","4,09","5,45","1,73","4,1","5,62","1,64","3,87","4,98"
Poland,Ekstraklasa,2021/2022,11/27/2021,16:30,Pogon Szczecin,Lechia Gdansk,5,1,H,"1,7","3,91","5,32","1,8","3,91","5,32","1,69","3,69","4,89"
Poland,Ekstraklasa,2021/2022,11/27/2021,19:00,Rakow,Zaglebie,4,0,H,"1,6","4,17","5,96","1,61","4,25","6,01","1,57",4,"5,48"
Poland,Ekstraklasa,2021/2022,11/28/2021,11:30,Wisla Plock,Cracovia,2,1,H,"2,42","3,17","3,34","2,45","3,28","3,36","2,34","3,08","3,15"
Poland,Ekstraklasa,2021/2022,11/28/2021,14:00,Lech Poznan,Warta Poznan,2,0,H,"1,32","5,26","11,69","1,34",6,12,"1,3","5,13","9,84"
Poland,Ekstraklasa,2021/2022,11/28/2021,16:30,Legia,Jagiellonia,1,0,H,"1,88","3,57","4,6","1,88","3,88","4,65","1,81","3,56","4,25"
Poland,Ekstraklasa,2021/2022,12/3/2021,17:00,Stal Mielec,Wisla Plock,2,1,H,"2,74","3,32","2,77","2,78","3,4","2,8","2,63","3,17","2,68"
Poland,Ekstraklasa,2021/2022,12/3/2021,19:30,Gornik Z.,Slask Wroclaw,3,1,H,"2,02","3,56","3,94","2,05","3,65","3,94","1,98","3,45","3,67"
Poland,Ekstraklasa,2021/2022,12/4/2021,14:00,Termalica B-B.,Pogon Szczecin,1,3,A,"5,92","3,86","1,66","6,2","4,13","1,7","5,51","3,84","1,6"
Poland,Ekstraklasa,2021/2022,12/4/2021,16:30,Jagiellonia,Leczna,1,2,A,"1,59","4,1","6,3","1,6","4,2","6,8","1,54",4,"5,88"
Poland,Ekstraklasa,2021/2022,12/4/2021,19:00,Lechia Gdansk,Rakow,3,1,H,"3,3","3,29","2,38","3,31","3,42","2,4","3,11","3,23","2,29"
Poland,Ekstraklasa,2021/2022,12/5/2021,16:30,Zaglebie,Lech Poznan,2,3,A,"7,38","4,77","1,46","8,2","4,77","1,52","7,02","4,47","1,43"
Poland,Ekstraklasa,2021/2022,12/5/2021,19:00,Cracovia,Legia,1,0,H,"3,23","3,33","2,39","3,23","3,46","2,5","2,92","3,22","2,41"
Poland,Ekstraklasa,2021/2022,12/6/2021,17:00,Warta Poznan,Wisla,1,1,D,"2,98","3,17","2,66","2,98","3,25","2,9","2,75","3,09","2,62"
Poland,Ekstraklasa,2021/2022,12/10/2021,17:00,Stal Mielec,Termalica B-B.,1,0,H,"2,65","3,36","2,84","2,65","3,46","2,95","2,5","3,24","2,78"
Poland,Ekstraklasa,2021/2022,12/10/2021,19:30,Rakow,Piast Gliwice,1,0,H,"1,8","3,57","5,16","1,8","3,95","5,4","1,73","3,59","4,76"
Poland,Ekstraklasa,2021/2022,12/11/2021,14:00,Radomiak Radom,Lech Poznan,2,1,H,"4,5","3,8","1,84","4,5","3,8","1,9","4,19","3,57","1,82"
Poland,Ekstraklasa,2021/2022,12/11/2021,16:30,Zaglebie,Wisla,2,1,H,"2,67","3,6","2,66","2,75","3,66","2,78","2,61","3,34","2,59"
Poland,Ekstraklasa,2021/2022,12/11/2021,19:00,Lechia Gdansk,Jagiellonia,1,2,A,"2,01","3,73","3,79","2,26","3,73","3,79","2,08","3,43","3,41"
Poland,Ekstraklasa,2021/2022,12/12/2021,11:30,Cracovia,Leczna,0,2,A,"1,68","3,91","5,63","1,69","3,92","5,75","1,64","3,72","5,25"
Poland,Ekstraklasa,2021/2022,12/12/2021,14:00,Wisla Plock,Legia,1,0,H,"3,04","3,32","2,52","3,04","3,47","2,6","2,9","3,18","2,44"
Poland,Ekstraklasa,2021/2022,12/12/2021,16:30,Gornik Z.,Pogon Szczecin,2,2,D,"3,25","3,34","2,38","3,3","3,47","2,39","3,08","3,23","2,3"
Poland,Ekstraklasa,2021/2022,12/13/2021,17:00,Warta Poznan,Slask Wroclaw,2,1,H,"2,73","3,13","2,93","2,75","3,36","2,98","2,61","3,07","2,79"
Poland,Ekstraklasa,2021/2022,12/14/2021,17:45,Radomiak Radom,Piast Gliwice,2,2,D,"2,39","3,06","3,54","2,39","3,29","3,75","2,28","3,03","3,33"
Poland,Ekstraklasa,2021/2022,12/15/2021,17:00,Rakow,Gornik Z.,1,2,A,"1,85","3,71","4,53","1,95","3,74","4,57","1,83","3,55","4,18"
Poland,Ekstraklasa,2021/2022,12/15/2021,19:30,Legia,Zaglebie,4,0,H,"1,74","3,9","5,03","1,75","4,12","5,08","1,7","3,78","4,62"
Poland,Ekstraklasa,2021/2022,12/17/2021,17:00,Wisla,Termalica B-B.,3,0,H,"1,8",4,"4,48","1,95",4,"4,48","1,84","3,64","4,03"
Poland,Ekstraklasa,2021/2022,12/17/2021,19:30,Wisla Plock,Lechia Gdansk,1,0,H,"2,95","3,45","2,51",3,"3,58","2,51","2,83","3,36","2,39"
Poland,Ekstraklasa,2021/2022,12/18/2021,11:30,Piast Gliwice,Stal Mielec,1,1,D,"1,64","4,17","5,49","1,75","4,18","5,79","1,65","3,81","5,04"
Poland,Ekstraklasa,2021/2022,12/18/2021,14:00,Pogon Szczecin,Warta Poznan,1,1,D,"1,43","4,68","8,59","1,49","4,75",9,"1,42","4,34","7,69"
Poland,Ekstraklasa,2021/2022,12/18/2021,16:30,Slask Wroclaw,Cracovia,0,2,A,"2,21","3,35","3,61","2,25","3,44","3,61","2,15","3,28","3,35"
Poland,Ekstraklasa,2021/2022,12/18/2021,19:00,Rakow,Jagiellonia,5,0,H,"1,58","4,4","5,89","1,68","4,4",6,"1,57","4,05","5,45"
Poland,Ekstraklasa,2021/2022,12/19/2021,11:30,Leczna,Zaglebie,2,1,H,"2,62","3,41","2,84","2,7","3,52","2,86","2,55","3,27","2,69"
Poland,Ekstraklasa,2021/2022,12/19/2021,14:00,Lech Poznan,Gornik Z.,2,1,H,"1,47","4,64","7,46","1,55","4,79","7,51","1,46","4,33","6,62"
Poland,Ekstraklasa,2021/2022,12/19/2021,16:30,Legia,Radomiak Radom,0,3,A,"2,14","3,33","3,82","2,16","3,45","3,98","2,08","3,23","3,59"
Poland,Ekstraklasa,2021/2022,2/4/2022,17:00,Termalica B-B.,Jagiellonia,2,1,H,"2,58","3,38","2,91","2,58","3,46","3,1","2,43","3,28","2,83"
Poland,Ekstraklasa,2021/2022,2/4/2022,19:30,Zaglebie,Legia,1,3,A,"3,14","3,15","2,56","3,3","3,32","2,56","3,02","3,09","2,41"
Poland,Ekstraklasa,2021/2022,2/5/2022,14:00,Stal Mielec,Gornik Z.,1,2,A,"3,54","3,36","2,23","3,54","3,48","2,25","3,31","3,27","2,17"
Poland,Ekstraklasa,2021/2022,2/5/2022,16:30,Piast Gliwice,Pogon Szczecin,0,2,A,"3,58","2,94","2,45","3,65","3,11","2,45","3,36","2,92","2,32"
Poland,Ekstraklasa,2021/2022,2/5/2022,19:00,Lechia Gdansk,Slask Wroclaw,2,0,H,"1,85","3,68","4,6","1,9","3,8","4,67","1,79","3,58","4,28"
Poland,Ekstraklasa,2021/2022,2/6/2022,11:30,Warta Poznan,Leczna,1,1,D,"2,14","3,18","4,06","2,2","3,3","4,2","2,07","3,1","3,79"
Poland,Ekstraklasa,2021/2022,2/6/2022,14:00,Rakow,Wisla,2,0,H,"1,55","4,4","6,32","1,6","4,44","6,32","1,52","4,21","5,84"
Poland,Ekstraklasa,2021/2022,2/6/2022,16:30,Cracovia,Lech Poznan,3,3,D,"4,53","3,43","1,93","4,6","3,62","1,95","4,25","3,39","1,85"
Poland,Ekstraklasa,2021/2022,2/7/2022,17:00,Radomiak Radom,Wisla Plock,1,1,D,"2,01","3,4","4,23","2,1","3,5","4,23","1,96","3,29","3,91"
Poland,Ekstraklasa,2021/2022,2/11/2022,17:00,Leczna,Slask Wroclaw,1,1,D,"3,48","3,37","2,25","3,48","3,38","2,4","3,28","3,16","2,24"
Poland,Ekstraklasa,2021/2022,2/11/2022,19:30,Cracovia,Lechia Gdansk,2,0,H,"2,83","3,13","2,82","2,85","3,25","2,85","2,72","3,07","2,68"
Poland,Ekstraklasa,2021/2022,2/12/2022,14:00,Wisla,Stal Mielec,0,1,A,"1,89","3,74","4,65","2,04","3,8","4,65","1,85","3,58","4,05"
Poland,Ekstraklasa,2021/2022,2/12/2022,16:30,Radomiak Radom,Rakow,0,1,A,"3,62","3,07","2,33","3,65","3,3","2,35","3,4","3,03","2,24"
Poland,Ekstraklasa,2021/2022,2/12/2022,19:00,Lech Poznan,Termalica B-B.,5,0,H,"1,28","5,95","11,89","1,3",6,12,"1,27","5,58","10,05"
Poland,Ekstraklasa,2021/2022,2/13/2022,11:30,Wisla Plock,Piast Gliwice,0,2,A,"2,71","3,09","2,99","2,71","3,25","2,99","2,6","3,02","2,83"
Poland,Ekstraklasa,2021/2022,2/13/2022,14:00,Pogon Szczecin,Zaglebie,2,1,H,"1,45","4,43","8,65","1,5","4,5","8,66","1,45","4,17","7,29"
Poland,Ekstraklasa,2021/2022,2/13/2022,16:30,Legia,Warta Poznan,0,1,A,"1,73","3,37","6,37","1,75","3,6","6,37","1,7","3,31","5,55"
Poland,Ekstraklasa,2021/2022,2/14/2022,17:00,Gornik Z.,Jagiellonia,1,2,A,"1,63","4,2","5,59","1,73","4,3","5,7","1,6","4,03","5,1"
Poland,Ekstraklasa,2021/2022,2/18/2022,17:00,Zaglebie,Wisla Plock,3,1,H,"2,32","3,42","3,29","2,64","3,42","3,35","2,28","3,23","3,16"
Poland,Ekstraklasa,2021/2022,2/18/2022,19:30,Stal Mielec,Pogon Szczecin,0,1,A,"6,09","3,72","1,67","6,25","3,75","1,72","5,5","3,51","1,67"
Poland,Ekstraklasa,2021/2022,2/19/2022,14:00,Jagiellonia,Cracovia,0,0,D,3,"3,18","2,64",3,"3,45","2,75","2,83","3,14","2,53"
Poland,Ekstraklasa,2021/2022,2/19/2022,16:30,Slask Wroclaw,Piast Gliwice,1,3,A,"2,78","3,13","2,87","2,9","3,33","2,9","2,68","3,04","2,73"
Poland,Ekstraklasa,2021/2022,2/19/2022,19:00,Termalica B-B.,Legia,0,0,D,"4,31","3,37",2,"4,35","3,63",2,"3,88","3,35","1,95"
Poland,Ekstraklasa,2021/2022,2/20/2022,11:30,Warta Poznan,Radomiak Radom,3,1,H,"2,72","3,02","3,04","2,9","3,31","3,06","2,65","2,94","2,85"
Poland,Ekstraklasa,2021/2022,2/20/2022,14:00,Gornik Z.,Rakow,1,1,D,"3,28","3,47","2,3","3,28","3,57","2,58","2,97","3,24","2,37"
Poland,Ekstraklasa,2021/2022,2/20/2022,16:30,Lechia Gdansk,Lech Poznan,1,0,H,"4,08","3,44","2,03","4,12","3,84","2,03","3,78","3,46","1,95"
Poland,Ekstraklasa,2021/2022,2/21/2022,17:00,Wisla,Leczna,0,0,D,2,"3,51","4,1","2,01","3,8","4,5","1,91","3,46","3,91"
Poland,Ekstraklasa,2021/2022,2/25/2022,17:00,Rakow,Wisla Plock,2,0,H,"1,35","5,59","8,76","1,45","5,68",10,"1,32","5,05","8,99"
Poland,Ekstraklasa,2021/2022,2/25/2022,19:30,Legia,Wisla,2,1,H,"1,85","3,75","4,5","1,91","3,75","4,55","1,82","3,48","4,33"
Poland,Ekstraklasa,2021/2022,2/26/2022,14:00,Pogon Szczecin,Lech Poznan,0,3,A,"2,9","3,3","2,63",3,"3,34","2,78","2,82","3,15","2,53"
Poland,Ekstraklasa,2021/2022,2/26/2022,16:30,Leczna,Stal Mielec,2,0,H,"2,32","3,23","3,48","2,4","3,25","3,48","2,29","3,06","3,26"
Poland,Ekstraklasa,2021/2022,2/26/2022,19:00,Piast Gliwice,Gornik Z.,0,0,D,"2,46","3,11","3,34","2,5","3,18","3,35","2,38","3,02","3,15"
Poland,Ekstraklasa,2021/2022,2/27/2022,11:30,Jagiellonia,Warta Poznan,1,1,D,"2,54","3,04","3,29","2,55","3,24","3,37","2,4",3,"3,12"
Poland,Ekstraklasa,2021/2022,2/27/2022,14:00,Radomiak Radom,Lechia Gdansk,2,0,H,"2,51","3,37","3,01","2,6","3,37","3,01","2,47","3,15","2,88"
Poland,Ekstraklasa,2021/2022,2/27/2022,16:30,Slask Wroclaw,Zaglebie,0,0,D,"2,24","3,44","3,43","2,27","3,58","3,6","2,11","3,37","3,36"
Poland,Ekstraklasa,2021/2022,2/28/2022,17:00,Cracovia,Termalica B-B.,1,2,A,"1,88","3,49","4,74","1,88","3,66",5,"1,83","3,37","4,49"
Poland,Ekstraklasa,2021/2022,3/4/2022,17:00,Stal Mielec,Jagiellonia,1,1,D,"2,68","3,18","2,95","2,8","3,34","2,95","2,59","3,12","2,77"
Poland,Ekstraklasa,2021/2022,3/4/2022,19:30,Pogon Szczecin,Radomiak Radom,4,0,H,"1,88","3,41","4,86","1,95","3,5","4,86","1,87","3,29","4,38"
Poland,Ekstraklasa,2021/2022,3/5/2022,14:00,Termalica B-B.,Warta Poznan,1,0,H,"3,04","3,09","2,67","3,04","3,2","2,72","2,86","3,03","2,57"
Poland,Ekstraklasa,2021/2022,3/5/2022,16:30,Zaglebie,Piast Gliwice,0,0,D,"2,89","3,33","2,62","2,91","3,33","2,65","2,78","3,14","2,57"
Poland,Ekstraklasa,2021/2022,3/5/2022,19:00,Lechia Gdansk,Wisla,1,1,D,"1,88","3,71","4,35","1,88","3,95","4,75","1,78","3,65","4,36"
Poland,Ekstraklasa,2021/2022,3/6/2022,11:30,Wisla Plock,Leczna,3,1,H,"1,87","3,51","4,75","1,98","3,6","4,98","1,83","3,38","4,48"
Poland,Ekstraklasa,2021/2022,3/6/2022,14:00,Gornik Z.,Cracovia,3,0,H,"2,35","3,13","3,54","2,35","3,4","3,6","2,25","3,1","3,34"
Poland,Ekstraklasa,2021/2022,3/6/2022,16:30,Lech Poznan,Rakow,0,1,A,"1,91","3,51","4,53","1,91","3,58","4,53","1,88","3,39","4,16"
Poland,Ekstraklasa,2021/2022,3/7/2022,18:00,Legia,Slask Wroclaw,1,0,H,"1,87","3,52","4,77","1,9","3,52","4,77","1,83","3,37","4,42"
Poland,Ekstraklasa,2021/2022,3/11/2022,17:00,Termalica B-B.,Zaglebie,0,2,A,"2,87","3,18","2,74","2,88","3,27","2,74","2,78","3,07","2,61"
Poland,Ekstraklasa,2021/2022,3/11/2022,19:30,Leczna,Legia,0,1,A,"5,57","3,71","1,72","5,9","3,71","1,82","5,19","3,42","1,72"
Poland,Ekstraklasa,2021/2022,3/12/2022,14:00,Warta Poznan,Gornik Z.,2,1,H,"2,84","3,04","2,88","2,95","3,11","2,96","2,73","2,95","2,75"
Poland,Ekstraklasa,2021/2022,3/12/2022,16:30,Piast Gliwice,Lechia Gdansk,1,0,H,"2,2","3,36","3,63","2,27","3,4","3,63","2,15","3,21","3,43"
Poland,Ekstraklasa,2021/2022,3/12/2022,19:00,Cracovia,Pogon Szczecin,1,1,D,"3,73","3,09","2,29","3,9","3,3","2,29","3,55","3,04","2,19"
Poland,Ekstraklasa,2021/2022,3/13/2022,11:30,Jagiellonia,Wisla Plock,0,1,A,"2,2","3,46","3,53","2,23","3,48","3,56","2,15","3,32","3,31"
Poland,Ekstraklasa,2021/2022,3/13/2022,14:00,Slask Wroclaw,Radomiak Radom,0,0,D,"2,34","3,17","3,51","2,37","3,31","3,59","2,27","3,05","3,33"
Poland,Ekstraklasa,2021/2022,3/13/2022,16:30,Wisla,Lech Poznan,1,1,D,"7,23","4,22","1,52","7,42","4,37","1,53","6,77","4,17","1,47"
Poland,Ekstraklasa,2021/2022,3/14/2022,17:00,Rakow,Stal Mielec,2,1,H,"1,32","5,52",11,"1,34","5,54","11,05","1,31","5,14","9,4"
Poland,Ekstraklasa,2021/2022,3/15/2022,17:45,Legia,Termalica B-B.,4,1,H,"1,56","4,27","7,41","1,56","4,27","7,41","1,52","3,91","6,47"
Poland,Ekstraklasa,2021/2022,3/18/2022,17:00,Zaglebie,Warta Poznan,0,4,A,"2,53",3,"3,35","2,65","3,13","3,35","2,52","2,92","3,03"
Poland,Ekstraklasa,2021/2022,3/18/2022,19:30,Pogon Szczecin,Wisla,4,1,H,"1,55","4,26","6,64","1,6","4,26","6,67","1,53","4,02","5,99"
Poland,Ekstraklasa,2021/2022,3/19/2022,11:30,Wisla Plock,Slask Wroclaw,1,2,A,"2,39","3,43","3,14","2,46","3,43","3,14","2,38","3,22","2,96"
Poland,Ekstraklasa,2021/2022,3/19/2022,14:00,Rakow,Legia,1,1,D,"1,68","3,91","5,56","1,83","3,95","5,56","1,69","3,62","4,94"
Poland,Ekstraklasa,2021/2022,3/19/2022,16:30,Lechia Gdansk,Leczna,2,0,H,"1,62","3,94","6,29","1,62","4,1","6,5","1,58","3,87","5,62"
Poland,Ekstraklasa,2021/2022,3/19/2022,19:00,Lech Poznan,Jagiellonia,3,0,H,"1,2","7,22","15,11","1,24","7,3",16,"1,18","6,78","13,94"
Poland,Ekstraklasa,2021/2022,3/20/2022,11:30,Radomiak Radom,Stal Mielec,1,1,D,"1,83","3,36","5,42","1,83","3,65","5,42","1,78","3,34","4,78"
Poland,Ekstraklasa,2021/2022,3/20/2022,14:00,Cracovia,Piast Gliwice,0,1,A,"2,7","2,84","3,28","2,71",3,"3,28","2,6","2,79","3,05"
Poland,Ekstraklasa,2021/2022,3/20/2022,16:30,Gornik Z.,Termalica B-B.,1,1,D,"1,67","3,86","5,84","1,7","3,94","5,84","1,65","3,71","5,16"
Poland,Ekstraklasa,2021/2022,4/1/2022,17:00,Stal Mielec,Cracovia,1,2,A,"3,32","3,04","2,51","3,4","3,13","2,52","3,16","2,97","2,4"
Poland,Ekstraklasa,2021/2022,4/1/2022,19:30,Slask Wroclaw,Lech Poznan,0,1,A,"6,15","4,07","1,62","6,25","4,2","1,62","5,58","3,86","1,58"
Poland,Ekstraklasa,2021/2022,4/2/2022,14:00,Warta Poznan,Rakow,0,2,A,"4,23","2,99","2,19","4,5","3,3","2,19","3,85","3,03","2,1"
Poland,Ekstraklasa,2021/2022,4/2/2022,16:30,Leczna,Pogon Szczecin,0,4,A,"6,39","3,5","1,7","6,5","3,85","1,7","5,56","3,54","1,65"
Poland,Ekstraklasa,2021/2022,4/2/2022,19:00,Legia,Lechia Gdansk,2,1,H,"1,92","3,55","4,44","2,06","3,64","4,6","1,87","3,38","4,26"
Poland,Ekstraklasa,2021/2022,4/3/2022,11:30,Termalica B-B.,Radomiak Radom,1,1,D,"3,14","3,29","2,47","3,17","3,36","2,47","3,02","3,16","2,38"
Poland,Ekstraklasa,2021/2022,4/3/2022,14:00,Jagiellonia,Zaglebie,2,1,H,"2,43","3,44","3,08","2,51","3,5","3,1","2,4","3,29","2,89"
Poland,Ekstraklasa,2021/2022,4/3/2022,16:30,Wisla,Piast Gliwice,2,2,D,"2,71","3,27","2,84","2,88","3,27","2,85","2,73","3,04","2,68"
Poland,Ekstraklasa,2021/2022,4/4/2022,17:00,Wisla Plock,Gornik Z.,3,2,H,"2,83","3,58","2,54","2,83","3,58","2,65","2,67","3,33","2,55"
Poland,Ekstraklasa,2021/2022,4/8/2022,17:00,Zaglebie,Stal Mielec,3,1,H,"1,71","3,73","5,64","1,78","3,81","5,64","1,7","3,6","4,87"
Poland,Ekstraklasa,2021/2022,4/8/2022,19:30,Pogon Szczecin,Wisla Plock,1,2,A,"1,32","5,82","9,86","1,4","5,82","10,5","1,31","5,09","9,27"
Poland,Ekstraklasa,2021/2022,4/9/2022,14:00,Piast Gliwice,Leczna,1,0,H,"1,55",4,"7,42","1,55",4,"7,42","1,52","3,83","6,55"
Poland,Ekstraklasa,2021/2022,4/9/2022,16:30,Lech Poznan,Legia,1,1,D,"1,44","4,57","8,54","1,53","4,57","8,54","1,45","4,14","7,38"
Poland,Ekstraklasa,2021/2022,4/9/2022,19:00,Lechia Gdansk,Termalica B-B.,2,0,H,"1,79","3,87","4,69","1,85","3,87","4,69","1,79","3,67","4,2"
Poland,Ekstraklasa,2021/2022,4/10/2022,11:30,Warta Poznan,Cracovia,1,0,H,"2,1","3,08","4,38","2,25","3,18","4,38","2,05","3,01","3,99"
Poland,Ekstraklasa,2021/2022,4/10/2022,14:00,Wisla,Gornik Z.,4,1,H,"2,64","3,59","2,7","2,78","3,62","2,75","2,61","3,38","2,55"
Poland,Ekstraklasa,2021/2022,4/10/2022,16:30,Rakow,Slask Wroclaw,1,1,D,"1,49","4,36","7,59","1,5","4,7","8,5","1,44","4,21","7,05"
Poland,Ekstraklasa,2021/2022,4/11/2022,17:00,Radomiak Radom,Jagiellonia,2,2,D,"1,87","3,64","4,57",2,"3,65","4,57","1,87","3,41","4,1"
Poland,Ekstraklasa,2021/2022,4/16/2022,11:30,Leczna,Radomiak Radom,1,0,H,"3,36","3,32","2,33","3,5","3,42","2,33","3,24","3,18","2,24"
Poland,Ekstraklasa,2021/2022,4/16/2022,11:30,Stal Mielec,Warta Poznan,0,1,A,"3,74","2,94","2,37","3,85","3,09","2,49","3,52","2,92","2,26"
Poland,Ekstraklasa,2021/2022,4/16/2022,14:00,Termalica B-B.,Rakow,0,3,A,"5,55","3,74","1,71","5,75","4,08","1,71","5,17","3,78","1,64"
Poland,Ekstraklasa,2021/2022,4/16/2022,16:30,Jagiellonia,Pogon Szczecin,1,2,A,"5,2","3,95","1,71","5,45","3,95","1,95","4,94","3,69","1,68"
Poland,Ekstraklasa,2021/2022,4/16/2022,19:00,Wisla Plock,Lech Poznan,0,1,A,"7,74","4,77","1,44","8,5",5,"1,55","7,38","4,66","1,39"
Poland,Ekstraklasa,2021/2022,4/18/2022,11:30,Cracovia,Zaglebie,1,0,H,"2,21","3,13","3,91","2,23","3,34","3,91","2,16","3,16","3,47"
Poland,Ekstraklasa,2021/2022,4/18/2022,14:00,Slask Wroclaw,Wisla,1,1,D,"2,22","3,46","3,47","2,45","3,52","3,47","2,19","3,32","3,24"
Poland,Ekstraklasa,2021/2022,4/18/2022,16:30,Gornik Z.,Lechia Gdansk,1,3,A,"2,66","3,59","2,68","2,67","3,62","2,75","2,55","3,44","2,59"
Poland,Ekstraklasa,2021/2022,4/18/2022,19:00,Legia,Piast Gliwice,0,1,A,"2,29","3,02","3,83","2,29","3,3","3,86","2,2","2,98","3,62"
Poland,Ekstraklasa,2021/2022,4/20/2022,17:00,Lech Poznan,Leczna,3,0,H,"1,16","7,79","23,43","1,16",8,"23,43","1,14","7,3","18,64"
Poland,Ekstraklasa,2021/2022,4/20/2022,19:30,Pogon Szczecin,Rakow,1,2,A,"2,37","3,15","3,47","2,45","3,28","3,47","2,3","3,06","3,27"
Poland,Ekstraklasa,2021/2022,4/22/2022,17:00,Radomiak Radom,Cracovia,0,1,A,"2,49","3,01","3,41","2,49","3,2","3,48","2,36",3,"3,21"
Poland,Ekstraklasa,2021/2022,4/22/2022,19:30,Zaglebie,Gornik Z.,2,4,A,"2,25","3,53","3,33","2,35","3,55","3,33","2,23","3,35","3,13"
Poland,Ekstraklasa,2021/2022,4/23/2022,14:00,Slask Wroclaw,Termalica B-B.,0,4,A,"1,69","3,93","5,36","1,75","3,95","5,36","1,68","3,77","4,85"
Poland,Ekstraklasa,2021/2022,4/23/2022,16:30,Piast Gliwice,Jagiellonia,2,1,H,"1,99","3,4","4,3","2,02","3,48","4,3","1,94","3,33","3,95"
Poland,Ekstraklasa,2021/2022,4/23/2022,19:00,Lechia Gdansk,Warta Poznan,2,0,H,"2,05","3,34","4,15","2,1","3,42","4,15","2,04","3,23","3,73"
Poland,Ekstraklasa,2021/2022,4/24/2022,11:30,Lech Poznan,Stal Mielec,3,1,H,"1,2","7,11","16,98","1,22","7,11","17,07","1,19","6,54","13,76"
Poland,Ekstraklasa,2021/2022,4/24/2022,14:00,Rakow,Leczna,2,1,H,"1,21","6,85","15,42","1,24","6,85",17,"1,2","6,34","13,42"
Poland,Ekstraklasa,2021/2022,4/24/2022,16:30,Pogon Szczecin,Legia,3,1,H,"1,81","3,58","5,03","1,95","3,58","5,03","1,82","3,4","4,45"
Poland,Ekstraklasa,2021/2022,4/25/2022,18:00,Wisla,Wisla Plock,3,4,A,"1,66","4,22","5,25","1,75","4,22","5,25","1,65","3,96","4,8"
Poland,Ekstraklasa,2021/2022,4/29/2022,17:00,Warta Poznan,Piast Gliwice,2,3,A,"3,04","2,8","2,94","3,1","2,92","2,94","2,87","2,76","2,78"
Poland,Ekstraklasa,2021/2022,4/29/2022,19:30,Gornik Z.,Radomiak Radom,0,0,D,"2,04","3,42","4,08","2,2","3,48","4,08","2,03","3,29","3,71"
Poland,Ekstraklasa,2021/2022,4/30/2022,14:00,Jagiellonia,Slask Wroclaw,1,1,D,"2,6","3,37","2,89","2,6","3,46","2,91","2,51","3,23","2,77"
Poland,Ekstraklasa,2021/2022,4/30/2022,16:30,Zaglebie,Lechia Gdansk,2,2,D,"2,89","3,64","2,46","2,89","3,66","2,6","2,7","3,43","2,47"
Poland,Ekstraklasa,2021/2022,4/30/2022,19:00,Stal Mielec,Legia,2,1,H,"4,43","3,51","1,93",5,"3,54",2,4,"3,36","1,93"
Poland,Ekstraklasa,2021/2022,5/1/2022,14:00,Termalica B-B.,Wisla Plock,1,0,H,"2,08","3,51","3,79","2,16","3,6","3,79","2,09","3,4","3,41"
Poland,Ekstraklasa,2021/2022,5/1/2022,16:30,Cracovia,Wisla,0,0,D,"2,37","3,31","3,3","2,6","3,36","3,3","2,4","3,18","2,96"
Poland,Ekstraklasa,2021/2022,5/6/2022,17:00,Radomiak Radom,Zaglebie,1,6,A,"2,76","3,37","2,76","2,76","3,4","3,1","2,6","3,15","2,74"
Poland,Ekstraklasa,2021/2022,5/6/2022,19:30,Legia,Gornik Z.,5,3,H,"1,87","4,01","4,07","1,95","4,01","4,1","1,86","3,72","3,84"
Poland,Ekstraklasa,2021/2022,5/7/2022,14:00,Wisla Plock,Warta Poznan,0,3,A,"3,03","3,22","2,59","3,07","3,32","2,61","2,9","3,07","2,51"
Poland,Ekstraklasa,2021/2022,5/7/2022,16:30,Slask Wroclaw,Pogon Szczecin,1,1,D,"3,69","3,65","2,07","3,95","3,73","2,07","3,6","3,46",2
Poland,Ekstraklasa,2021/2022,5/7/2022,19:00,Wisla,Jagiellonia,0,0,D,"2,16","3,66","3,42","2,16","3,75","3,51","2,09","3,49","3,29"
Poland,Ekstraklasa,2021/2022,5/8/2022,11:30,Lechia Gdansk,Stal Mielec,3,2,H,"1,64","4,12","5,58","1,68","4,18","5,6","1,63","3,94","5,04"
Poland,Ekstraklasa,2021/2022,5/8/2022,14:00,Rakow,Cracovia,1,1,D,"1,36","4,83","10,52","1,4",5,"10,52","1,34","4,69","9,07"
Poland,Ekstraklasa,2021/2022,5/8/2022,16:30,Piast Gliwice,Lech Poznan,1,2,A,"5,58","3,72","1,72","5,67","3,79","1,76","4,9","3,57","1,72"
Poland,Ekstraklasa,2021/2022,5/9/2022,17:00,Leczna,Termalica B-B.,1,1,D,"3,52","3,56","2,16","3,52","3,6","2,2","3,35","3,36","2,11"
Poland,Ekstraklasa,2021/2022,5/13/2022,17:00,Cracovia,Wisla Plock,3,0,H,"1,81","3,9","4,53","1,85","3,94","4,59","1,79","3,72","4,17"
Poland,Ekstraklasa,2021/2022,5/13/2022,19:30,Jagiellonia,Legia,2,2,D,"2,83","3,15","2,8",3,"3,27","2,85","2,78","3,07","2,63"
Poland,Ekstraklasa,2021/2022,5/14/2022,11:30,Termalica B-B.,Piast Gliwice,0,1,A,"2,31","3,44","3,28","2,72","3,45","3,29","2,27","3,3","3,08"
Poland,Ekstraklasa,2021/2022,5/14/2022,14:00,Warta Poznan,Lech Poznan,1,2,A,"9,21","4,96","1,39","9,3","5,1","1,42","8,36","4,73","1,36"
Poland,Ekstraklasa,2021/2022,5/14/2022,16:30,Zaglebie,Rakow,1,0,H,"4,55","3,94","1,8","4,57","3,96","1,81","4,28","3,75","1,76"
Poland,Ekstraklasa,2021/2022,5/14/2022,19:00,Lechia Gdansk,Pogon Szczecin,0,0,D,"3,66","3,92",2,"3,66","3,92","2,42","3,23","3,5","2,12"
Poland,Ekstraklasa,2021/2022,5/15/2022,11:30,Stal Mielec,Slask Wroclaw,1,1,D,"3,03","3,08","2,68","3,03","3,4","2,68","2,84","3,14","2,51"
Poland,Ekstraklasa,2021/2022,5/15/2022,14:00,Gornik Z.,Leczna,4,2,H,"1,4","5,26","7,99","1,43","5,3",8,"1,37","4,99","7,2"
Poland,Ekstraklasa,2021/2022,5/15/2022,16:30,Radomiak Radom,Wisla,4,2,H,"4,58","3,65","1,82","4,58","3,73","2,25","3,64","3,46","2,01"
Poland,Ekstraklasa,2021/2022,5/21/2022,16:30,Lech Poznan,Zaglebie,2,1,H,"1,37","5,9","7,56","1,4","5,9","7,86","1,37","5,08","6,98"
Poland,Ekstraklasa,2021/2022,5/21/2022,16:30,Leczna,Jagiellonia,0,1,A,"3,9","3,78","1,97","3,9","3,78","2,05","3,58","3,58","1,96"
Poland,Ekstraklasa,2021/2022,5/21/2022,16:30,Legia,Cracovia,3,0,H,"1,96","3,6","4,13","1,96","3,72","4,2","1,89","3,51","3,92"
Poland,Ekstraklasa,2021/2022,5/21/2022,16:30,Piast Gliwice,Radomiak Radom,1,1,D,"2,1","3,49","3,75","2,1","3,63","3,85","2,05","3,39","3,49"
Poland,Ekstraklasa,2021/2022,5/21/2022,16:30,Pogon Szczecin,Termalica B-B.,2,2,D,"1,4","5,29","7,87","1,45","5,29",8,"1,39","4,96","6,84"
Poland,Ekstraklasa,2021/2022,5/21/2022,16:30,Rakow,Lechia Gdansk,3,0,H,"1,25","6,4","12,66","1,35","6,5",13,"1,24","6,05","10,75"
Poland,Ekstraklasa,2021/2022,5/21/2022,16:30,Slask Wroclaw,Gornik Z.,3,4,A,"2,53","4,04","2,6","2,63","4,1","2,6","2,52","3,77","2,45"
Poland,Ekstraklasa,2021/2022,5/21/2022,16:30,Wisla,Warta Poznan,0,1,A,"2,33","3,43","3,27","2,35","3,55","3,27","2,26","3,32","3,08"
Poland,Ekstraklasa,2021/2022,5/21/2022,16:30,Wisla Plock,Stal Mielec,3,0,H,"1,99","4,01","3,61",2,"4,04","3,7","1,93","3,78","3,51"
Poland,Ekstraklasa,2022/2023,7/15/2022,17:00,Rakow,Warta Poznan,1,0,H,"1,45","4,34",9,"1,45","4,5",10,"1,41","4,16","8,35"
Poland,Ekstraklasa,2022/2023,7/15/2022,19:30,Zaglebie,Slask Wroclaw,0,0,D,"2,36","3,4","3,22","2,4","3,54","3,22","2,33","3,31","2,95"
Poland,Ekstraklasa,2022/2023,7/16/2022,14:00,Lech Poznan,Stal Mielec,0,2,A,"1,34","5,93","8,49","1,34","5,93","9,5","1,31","5,25","8,54"
Poland,Ekstraklasa,2022/2023,7/16/2022,16:30,Jagiellonia,Piast Gliwice,2,0,H,"2,76","3,18","2,86","2,85","3,28","2,95","2,65","3,07","2,72"
Poland,Ekstraklasa,2022/2023,7/16/2022,19:00,Korona Kielce,Legia,1,1,D,"5,38","4,11","1,66","5,5","4,11","1,72","4,97","3,75","1,66"
Poland,Ekstraklasa,2022/2023,7/17/2022,11:30,Radomiak Radom,Legnica,1,1,D,"2,28","3,26","3,54","2,33","3,4","3,54","2,21","3,19","3,24"
Poland,Ekstraklasa,2022/2023,7/17/2022,14:00,Wisla Plock,Lechia Gdansk,3,0,H,"2,54","3,58","2,82","2,65","3,62","2,82","2,52","3,4","2,63"
Poland,Ekstraklasa,2022/2023,7/17/2022,16:30,Pogon Szczecin,Widzew Lodz,2,1,H,"1,45","4,61","8,01","1,48","4,75","8,01","1,41","4,46","7,18"
Poland,Ekstraklasa,2022/2023,7/18/2022,18:00,Gornik Z.,Cracovia,0,2,A,"2,52","3,43","2,95","2,52","3,43","2,95","2,44","3,23","2,85"
Poland,Ekstraklasa,2022/2023,7/22/2022,17:00,Warta Poznan,Wisla Plock,0,4,A,"2,6","3,14","3,08","2,62","3,2","3,13","2,5","3,07","2,89"
Poland,Ekstraklasa,2022/2023,7/22/2022,19:30,Jagiellonia,Widzew Lodz,0,2,A,"1,91","3,7","4,25","2,03","3,7","4,35","1,91","3,47","3,89"
Poland,Ekstraklasa,2022/2023,7/23/2022,16:30,Cracovia,Korona Kielce,2,0,H,"1,64","3,92",6,"1,65",4,6,"1,6","3,83","5,36"
Poland,Ekstraklasa,2022/2023,7/23/2022,19:00,Legia,Zaglebie,2,0,H,"1,64","4,09","5,67","1,72","4,09",6,"1,63","3,81","5,1"
Poland,Ekstraklasa,2022/2023,7/24/2022,16:30,Slask Wroclaw,Pogon Szczecin,2,1,H,"3,44","3,51","2,21","3,45","3,51","2,24","3,27","3,32","2,15"
Poland,Ekstraklasa,2022/2023,7/25/2022,18:00,Stal Mielec,Radomiak Radom,1,1,D,"3,18","3,28","2,45","3,18","3,3","2,65","2,87","3,15","2,46"
Poland,Ekstraklasa,2022/2023,7/29/2022,17:00,Piast Gliwice,Zaglebie,0,1,A,"2,13","3,38","3,8","2,13","3,42","3,85","2,06","3,24","3,6"
Poland,Ekstraklasa,2022/2023,7/29/2022,19:30,Cracovia,Legia,3,0,H,"2,88","3,18","2,73","2,9","3,3","2,76","2,74","3,05","2,64"
Poland,Ekstraklasa,2022/2023,7/30/2022,16:30,Radomiak Radom,Gornik Z.,0,3,A,"2,42","3,41","3,13","2,5","3,49","3,13","2,36","3,3","2,9"
Poland,Ekstraklasa,2022/2023,7/30/2022,19:00,Legnica,Warta Poznan,1,2,A,"2,54","2,98","3,34","2,54","3,15","3,34","2,41","2,99","3,1"
Poland,Ekstraklasa,2022/2023,7/31/2022,14:00,Pogon Szczecin,Jagiellonia,1,0,H,"1,56","4,37","6,21","1,6","4,37","6,8","1,54","4,07","5,66"
Poland,Ekstraklasa,2022/2023,7/31/2022,16:30,Lech Poznan,Wisla Plock,1,3,A,"1,83","3,9","4,43","1,83","3,91","4,43","1,78","3,73","4,12"
Poland,Ekstraklasa,2022/2023,7/31/2022,16:30,Rakow,Stal Mielec,3,2,H,"1,31","5,74","10,91","1,33","5,74","10,91","1,29","5,24","9,35"
Poland,Ekstraklasa,2022/2023,7/31/2022,19:00,Widzew Lodz,Lechia Gdansk,2,3,A,"2,64","3,57","2,72","2,75","3,6","2,75","2,55","3,4","2,59"
Poland,Ekstraklasa,2022/2023,8/1/2022,18:00,Korona Kielce,Slask Wroclaw,3,1,H,"3,18","3,34","2,42","3,4","3,46","2,42","3,11","3,26","2,27"
Poland,Ekstraklasa,2022/2023,8/5/2022,17:00,Stal Mielec,Cracovia,2,0,H,"4,15","3,52","1,98","4,15","3,58",2,"3,86","3,42","1,92"
Poland,Ekstraklasa,2022/2023,8/5/2022,19:30,Legia,Piast Gliwice,2,0,H,"2,18","3,38","3,66","2,28","3,4","4,1","2,12","3,23","3,46"
Poland,Ekstraklasa,2022/2023,8/6/2022,14:00,Lechia Gdansk,Korona Kielce,0,1,A,"1,58","4,54","5,63","1,77","4,54","5,63","1,56","4,12","5,34"
Poland,Ekstraklasa,2022/2023,8/6/2022,16:30,Jagiellonia,Radomiak Radom,1,2,A,"2,32","3,42","3,29","2,32","3,44","3,35","2,21","3,27","3,19"
Poland,Ekstraklasa,2022/2023,8/6/2022,19:00,Slask Wroclaw,Widzew Lodz,0,0,D,"2,23","3,47","3,43","2,25","3,56","3,43","2,17","3,39","3,15"
Poland,Ekstraklasa,2022/2023,8/7/2022,14:00,Warta Poznan,Pogon Szczecin,1,2,A,"3,86","3,38","2,11","3,9","3,5","2,11","3,7","3,23","2,03"
Poland,Ekstraklasa,2022/2023,8/7/2022,16:30,Zaglebie,Lech Poznan,1,1,D,"3,09","3,66","2,32","3,15","3,66","2,32","3,01","3,41","2,23"
Poland,Ekstraklasa,2022/2023,8/7/2022,19:00,Gornik Z.,Rakow,1,0,H,"3,03","3,47","2,44","3,05","3,49","2,5","2,85","3,32","2,39"
Poland,Ekstraklasa,2022/2023,8/8/2022,18:00,Wisla Plock,Legnica,4,1,H,"1,75","3,79","5,13","1,76","4,01","5,41","1,69","3,78","4,7"
Poland,Ekstraklasa,2022/2023,8/12/2022,17:00,Legnica,Zaglebie,0,1,A,"3,14","3,4","2,41","3,3","3,4","2,47","2,92","3,24","2,38"
Poland,Ekstraklasa,2022/2023,8/12/2022,19:30,Widzew Lodz,Legia,1,2,A,"3,47","3,54","2,19","3,47","3,54","2,3","3,15","3,37","2,19"
Poland,Ekstraklasa,2022/2023,8/13/2022,14:00,Cracovia,Piast Gliwice,0,1,A,"2,29","3,12","3,7","2,35","3,25","3,7","2,24","3,04","3,38"
Poland,Ekstraklasa,2022/2023,8/13/2022,16:30,Gornik Z.,Stal Mielec,1,3,A,"1,68","4,18","5,07","1,75","4,2","5,07","1,69","3,89","4,5"
Poland,Ekstraklasa,2022/2023,8/13/2022,19:00,Pogon Szczecin,Wisla Plock,2,2,D,"1,99","3,78","3,84","2,02","3,78","3,84","1,95","3,6","3,57"
Poland,Ekstraklasa,2022/2023,8/14/2022,14:00,Radomiak Radom,Lechia Gdansk,4,1,H,"1,83","3,96","4,33","2,05","3,96","4,5","1,86","3,61","3,94"
Poland,Ekstraklasa,2022/2023,8/14/2022,16:30,Rakow,Jagiellonia,2,2,D,"1,62","4,03","6,06","1,64","4,15","6,06","1,6","3,89","5,34"
Poland,Ekstraklasa,2022/2023,8/14/2022,19:00,Lech Poznan,Slask Wroclaw,0,1,A,"1,81","3,8","4,7","1,82","3,83","4,9","1,75","3,67","4,44"
Poland,Ekstraklasa,2022/2023,8/15/2022,18:00,Korona Kielce,Warta Poznan,0,1,A,"3,15","3,15","2,55","3,15","3,15","2,56","3,03","3,03","2,43"
Poland,Ekstraklasa,2022/2023,8/19/2022,17:00,Jagiellonia,Legnica,2,1,H,"2,12","3,53","3,66","2,12","3,68","3,95","2,02","3,48","3,49"
Poland,Ekstraklasa,2022/2023,8/19/2022,19:30,Legia,Gornik Z.,2,2,D,"1,71","4,05","5,02","1,78","4,11","5,02","1,71","3,81","4,53"
Poland,Ekstraklasa,2022/2023,8/20/2022,14:00,Wisla Plock,Korona Kielce,2,1,H,"1,62","4,04","6,04","1,65","4,38","6,2","1,59","3,98","5,36"
Poland,Ekstraklasa,2022/2023,8/20/2022,16:30,Slask Wroclaw,Cracovia,1,1,D,"2,85","3,2","2,74","2,85","3,33","2,82","2,67","3,12","2,66"
Poland,Ekstraklasa,2022/2023,8/20/2022,19:00,Warta Poznan,Widzew Lodz,0,1,A,"2,37","3,32","3,29","2,38","3,34","3,29","2,32","3,14","3,12"
Poland,Ekstraklasa,2022/2023,8/21/2022,14:00,Zaglebie,Radomiak Radom,0,1,A,"2,54","3,41","2,94","2,54","3,47","2,95","2,43","3,26","2,83"
Poland,Ekstraklasa,2022/2023,8/21/2022,16:30,Piast Gliwice,Stal Mielec,4,0,H,"1,74","3,72","5,27","1,77","3,79","5,27","1,72","3,58","4,77"
Poland,Ekstraklasa,2022/2023,8/26/2022,17:00,Gornik Z.,Jagiellonia,1,1,D,"2,16","3,62","3,46","2,21","3,65","3,5","2,14","3,44","3,21"
Poland,Ekstraklasa,2022/2023,8/26/2022,19:30,Stal Mielec,Legia,0,1,A,"3,86","3,68","2,01","4,1","3,76","2,01","3,76","3,54","1,91"
Poland,Ekstraklasa,2022/2023,8/27/2022,11:30,Radomiak Radom,Korona Kielce,0,2,A,"1,75","3,61","5,51","1,75","3,83","5,8","1,68","3,62","5,04"
Poland,Ekstraklasa,2022/2023,8/27/2022,14:00,Legnica,Lechia Gdansk,2,1,H,"2,22","3,58","3,36","2,52","3,6","3,36","2,2","3,41","3,13"
Poland,Ekstraklasa,2022/2023,8/27/2022,16:30,Pogon Szczecin,Zaglebie,3,0,H,"1,84","3,65","4,71","1,87",4,5,"1,76","3,63","4,42"
Poland,Ekstraklasa,2022/2023,8/27/2022,19:00,Widzew Lodz,Wisla Plock,2,1,H,"2,48","3,55","2,92","2,72","3,65","2,92","2,38","3,43","2,79"
Poland,Ekstraklasa,2022/2023,8/28/2022,11:30,Cracovia,Warta Poznan,0,2,A,"2,12","3,17","4,15","2,16","3,28","4,15","2,1","3,08","3,73"
Poland,Ekstraklasa,2022/2023,8/28/2022,14:00,Slask Wroclaw,Rakow,1,4,A,"3,82","3,58","2,05","3,82","3,65","2,11","3,54","3,42","2,02"
Poland,Ekstraklasa,2022/2023,8/28/2022,16:30,Lech Poznan,Piast Gliwice,1,0,H,"2,14","3,35","3,8","2,14","3,52",4,"2,05","3,29","3,6"
Poland,Ekstraklasa,2022/2023,8/31/2022,17:00,Rakow,Pogon Szczecin,1,0,H,"1,81","3,71","4,77","1,89","3,76","4,77","1,78","3,57","4,41"
Poland,Ekstraklasa,2022/2023,8/31/2022,19:30,Lechia Gdansk,Lech Poznan,0,3,A,"3,16","3,55","2,32","3,4","3,6","2,32","3,17","3,42","2,17"
Poland,Ekstraklasa,2022/2023,9/2/2022,19:30,Legia,Radomiak Radom,1,0,H,"1,93","3,57","4,31","2,03","3,57","4,4","1,91","3,38","4,02"
Poland,Ekstraklasa,2022/2023,9/3/2022,14:00,Stal Mielec,Slask Wroclaw,2,0,H,"2,34","3,48","3,2","2,4","3,48","3,2","2,28","3,28","3,06"
Poland,Ekstraklasa,2022/2023,9/3/2022,16:30,Lechia Gdansk,Warta Poznan,0,0,D,"2,5","3,22","3,16","2,6","3,32","3,16","2,43","3,12","2,96"
Poland,Ekstraklasa,2022/2023,9/3/2022,19:00,Cracovia,Rakow,3,0,H,"4,03","3,29","2,1","4,2","3,35","2,12","3,84","3,15","2,04"
Poland,Ekstraklasa,2022/2023,9/4/2022,11:30,Zaglebie,Jagiellonia,1,1,D,"2,17","3,55","3,5","2,26","3,55","3,5","2,17","3,38","3,2"
Poland,Ekstraklasa,2022/2023,9/4/2022,14:00,Korona Kielce,Pogon Szczecin,1,2,A,"4,17","3,51","1,98","4,25","3,54",2,"3,9","3,37","1,94"
Poland,Ekstraklasa,2022/2023,9/4/2022,16:30,Lech Poznan,Widzew Lodz,2,0,H,"1,67","4,17","5,21","1,69","4,17","5,5","1,63","3,9","5,03"
Poland,Ekstraklasa,2022/2023,9/5/2022,17:00,Piast Gliwice,Legnica,2,1,H,"1,82","3,5","5,13","1,89","3,65","5,13","1,8","3,36","4,6"
Poland,Ekstraklasa,2022/2023,9/5/2022,19:30,Wisla Plock,Gornik Z.,1,1,D,"2,09","3,7","3,58","2,14","3,9","3,58","2,04","3,58","3,33"
Poland,Ekstraklasa,2022/2023,9/9/2022,17:00,Warta Poznan,Zaglebie,2,2,D,"2,62","3,18","3,02","2,62","3,25","3,02","2,5","3,07","2,89"
Poland,Ekstraklasa,2022/2023,9/9/2022,19:30,Widzew Lodz,Cracovia,2,0,H,"3,24","3,31","2,4","3,25","3,31","2,42","3,07","3,18","2,32"
Poland,Ekstraklasa,2022/2023,9/10/2022,14:00,Slask Wroclaw,Lechia Gdansk,2,1,H,"2,39","3,57","3,04","2,39","3,57","3,2","2,27","3,35","3,01"
Poland,Ekstraklasa,2022/2023,9/10/2022,16:30,Radomiak Radom,Wisla Plock,2,0,H,"2,24","3,51","3,37","2,24","3,55","3,45","2,12","3,39","3,29"
Poland,Ekstraklasa,2022/2023,9/10/2022,19:00,Gornik Z.,Piast Gliwice,3,3,D,"2,64","3,29","2,91","2,67","3,29","2,91","2,59","3,14","2,74"
Poland,Ekstraklasa,2022/2023,9/11/2022,11:30,Legnica,Korona Kielce,2,2,D,"2,07","3,46","3,89","2,1","3,54",4,"2,03","3,35","3,59"
Poland,Ekstraklasa,2022/2023,9/11/2022,14:00,Pogon Szczecin,Lech Poznan,2,2,D,"2,62","3,42","2,83","2,62","3,49","2,85","2,53","3,32","2,67"
Poland,Ekstraklasa,2022/2023,9/11/2022,16:30,Rakow,Legia,4,0,H,"1,63","4,05","5,95","1,72","4,06","5,95","1,61","3,85","5,33"
Poland,Ekstraklasa,2022/2023,9/12/2022,18:00,Jagiellonia,Stal Mielec,4,0,H,"1,7","4,24","4,82","1,84","4,5","4,82","1,73","3,88","4,31"
Poland,Ekstraklasa,2022/2023,9/16/2022,17:00,Piast Gliwice,Slask Wroclaw,1,1,D,"2,09","3,34","3,97","2,11","3,66","4,4",2,"3,24","3,84"
Poland,Ekstraklasa,2022/2023,9/16/2022,19:30,Legia,Legnica,3,2,H,"1,68","3,96","5,42","1,68",4,"5,6","1,64","3,83","5,03"
Poland,Ekstraklasa,2022/2023,9/17/2022,11:30,Stal Mielec,Widzew Lodz,0,3,A,"2,78","3,59","2,57","2,78","3,67","2,65","2,67","3,37","2,5"
Poland,Ekstraklasa,2022/2023,9/17/2022,14:00,Lechia Gdansk,Jagiellonia,2,2,D,"2,76","3,57","2,59","2,76","3,6","2,7","2,64","3,44","2,49"
Poland,Ekstraklasa,2022/2023,9/17/2022,16:30,Rakow,Radomiak Radom,3,0,H,"1,56","4,07","6,79","1,57","4,25",7,"1,53","3,97","6,14"
Poland,Ekstraklasa,2022/2023,9/17/2022,19:00,Cracovia,Pogon Szczecin,1,1,D,"2,75","3,16","2,89","2,8","3,24","2,89","2,64","3,03","2,77"
Poland,Ekstraklasa,2022/2023,9/18/2022,11:30,Korona Kielce,Gornik Z.,1,2,A,"3,4","3,45","2,25","3,41","3,52","2,26","3,23","3,35","2,17"
Poland,Ekstraklasa,2022/2023,9/18/2022,14:00,Zaglebie,Wisla Plock,2,1,H,"2,14","3,7","3,43","2,17","3,7","3,43","2,11","3,51","3,21"
Poland,Ekstraklasa,2022/2023,9/18/2022,16:30,Warta Poznan,Lech Poznan,0,1,A,"4,29","3,44","1,98","4,3","3,52","1,99","4,03","3,32","1,93"
Poland,Ekstraklasa,2022/2023,9/30/2022,17:00,Radomiak Radom,Cracovia,0,2,A,"2,35","3,22","3,43","2,35","3,26","3,43","2,27","3,13","3,22"
Poland,Ekstraklasa,2022/2023,9/30/2022,19:30,Wisla Plock,Piast Gliwice,1,0,H,"2,48","3,45","2,99","2,48","3,45","3,05","2,36","3,3","2,92"
Poland,Ekstraklasa,2022/2023,10/1/2022,14:00,Gornik Z.,Zaglebie,2,3,A,"2,13","3,64","3,43","2,26","3,7","3,43","2,13","3,48","3,2"
Poland,Ekstraklasa,2022/2023,10/1/2022,16:30,Lech Poznan,Legia,0,0,D,"1,85","3,66","4,47","1,85","3,8","4,7","1,79","3,61","4,3"
Poland,Ekstraklasa,2022/2023,10/1/2022,19:30,Pogon Szczecin,Lechia Gdansk,2,1,H,"1,67","4,11","5,2","1,7","4,17","5,75","1,63","3,94","4,9"
Poland,Ekstraklasa,2022/2023,10/2/2022,11:30,Legnica,Stal Mielec,0,2,A,"2,05","3,63","3,76","2,06","3,67","3,8","1,98","3,52","3,56"
Poland,Ekstraklasa,2022/2023,10/2/2022,14:00,Jagiellonia,Korona Kielce,4,1,H,"1,72","3,98","5,04","1,77","3,98","5,04","1,69","3,79","4,66"
Poland,Ekstraklasa,2022/2023,10/2/2022,16:30,Widzew Lodz,Rakow,0,0,D,"5,8","4,46","1,57",6,"4,46","1,61","5,51","4,16","1,54"
Poland,Ekstraklasa,2022/2023,10/3/2022,18:00,Slask Wroclaw,Warta Poznan,0,2,A,"2,59","3,01","3,23","2,59","3,18","3,35","2,42","2,98","3,11"
Poland,Ekstraklasa,2022/2023,10/6/2022,19:45,Piast Gliwice,Rakow,0,1,A,"7,27","3,55","1,62","7,27","3,85","1,67","5,84","3,64","1,6"
Poland,Ekstraklasa,2022/2023,10/7/2022,17:00,Stal Mielec,Pogon Szczecin,4,2,H,"4,17","3,48","1,97","4,2","3,7","1,98","3,82","3,47","1,92"
Poland,Ekstraklasa,2022/2023,10/7/2022,19:30,Jagiellonia,Wisla Plock,1,1,D,"2,2","3,68","3,26","2,21","3,75","3,26","2,17","3,55","3,07"
Poland,Ekstraklasa,2022/2023,10/8/2022,14:00,Slask Wroclaw,Gornik Z.,4,1,H,"2,84","3,43","2,56","2,84","3,61","2,63","2,71","3,36","2,47"
Poland,Ekstraklasa,2022/2023,10/8/2022,16:30,Legia,Warta Poznan,1,0,H,"1,89","3,37","4,75","1,95","3,55","4,75","1,89","3,3","4,23"
Poland,Ekstraklasa,2022/2023,10/8/2022,19:00,Cracovia,Lechia Gdansk,0,1,A,"1,92","3,59","4,25","1,92","3,64","4,36","1,88","3,45","4,02"
Poland,Ekstraklasa,2022/2023,10/9/2022,14:00,Zaglebie,Korona Kielce,1,1,D,"1,72","3,97","4,88","1,74","3,97","4,9","1,69","3,78","4,64"
Poland,Ekstraklasa,2022/2023,10/9/2022,16:30,Lech Poznan,Radomiak Radom,1,0,H,"1,81","3,58","4,88","1,85","3,6","4,88","1,79","3,45","4,51"
Poland,Ekstraklasa,2022/2023,10/10/2022,17:00,Rakow,Legnica,1,0,H,"1,16","7,87","18,67","1,23","7,87","18,67","1,16","6,95","15,49"
Poland,Ekstraklasa,2022/2023,10/10/2022,19:30,Piast Gliwice,Widzew Lodz,1,2,A,"2,43","3,28","3,15","2,5","3,3","3,2","2,37","3,13","3,04"
Poland,Ekstraklasa,2022/2023,10/14/2022,17:00,Korona Kielce,Stal Mielec,0,2,A,"2,28","3,6","3,15","2,35","3,6","3,2","2,25","3,4","3,02"
Poland,Ekstraklasa,2022/2023,10/14/2022,19:30,Wisla Plock,Legia,2,1,H,"2,97","3,51","2,43","3,01","3,51","2,55","2,87","3,35","2,36"
Poland,Ekstraklasa,2022/2023,10/15/2022,11:30,Radomiak Radom,Slask Wroclaw,2,0,H,"2,21","3,19","3,75","2,3","3,29","3,75","2,21","3,11","3,38"
Poland,Ekstraklasa,2022/2023,10/15/2022,14:00,Lechia Gdansk,Rakow,0,3,A,"5,52","3,93","1,66","5,52","4,12","1,67","5,08","3,86","1,63"
Poland,Ekstraklasa,2022/2023,10/15/2022,16:30,Warta Poznan,Jagiellonia,2,0,H,"2,33","3,15","3,48","2,35","3,26","3,55","2,27","3,11","3,24"
Poland,Ekstraklasa,2022/2023,10/15/2022,19:00,Pogon Szczecin,Piast Gliwice,1,1,D,"1,83","3,66","4,64","1,85","3,75","5,1","1,78","3,55","4,41"
Poland,Ekstraklasa,2022/2023,10/16/2022,11:30,Legnica,Cracovia,1,1,D,"3,11","3,28","2,46","3,13","3,4","2,46",3,"3,23","2,34"
Poland,Ekstraklasa,2022/2023,10/16/2022,14:00,Widzew Lodz,Zaglebie,3,0,H,"2,44","3,5","2,97","2,55","3,54",3,"2,38","3,36","2,83"
Poland,Ekstraklasa,2022/2023,10/16/2022,17:30,Gornik Z.,Lech Poznan,1,2,A,"3,23","3,59","2,25","3,27","3,62","2,35",3,"3,43","2,24"
Poland,Ekstraklasa,2022/2023,10/21/2022,19:30,Widzew Lodz,Legnica,1,0,H,"1,96","3,55","4,11","2,04","3,62","4,2","1,97","3,42","3,68"
Poland,Ekstraklasa,2022/2023,10/22/2022,14:00,Stal Mielec,Wisla Plock,1,1,D,"3,31","3,71","2,18","3,31","3,71","2,21","3,15","3,52","2,13"
Poland,Ekstraklasa,2022/2023,10/22/2022,16:30,Legia,Pogon Szczecin,1,1,D,"2,1","3,49","3,68","2,25","3,52","3,68","2,13","3,34","3,34"
Poland,Ekstraklasa,2022/2023,10/22/2022,19:00,Rakow,Korona Kielce,1,0,H,"1,22","6,83","13,4","1,24","6,83","13,5","1,21","6,25","12,36"
Poland,Ekstraklasa,2022/2023,10/23/2022,11:30,Warta Poznan,Gornik Z.,0,0,D,"2,34","3,41","3,19","2,55","3,45","3,26","2,28","3,29","3,06"
Poland,Ekstraklasa,2022/2023,10/23/2022,14:00,Slask Wroclaw,Jagiellonia,2,2,D,"2,33","3,59","3,08","2,35","3,59","3,08","2,28","3,42","2,95"
Poland,Ekstraklasa,2022/2023,10/23/2022,16:30,Cracovia,Lech Poznan,0,0,D,"3,87","3,42","2,07","3,87","3,42","2,2","3,47","3,27","2,11"
Poland,Ekstraklasa,2022/2023,10/24/2022,17:00,Piast Gliwice,Radomiak Radom,1,2,A,"2,8","3,15","2,79","2,87","3,23","2,8","2,74","3,06","2,64"
Poland,Ekstraklasa,2022/2023,10/24/2022,19:30,Zaglebie,Lechia Gdansk,0,3,A,"2,25","3,64","3,19","2,26","3,65","3,3","2,19","3,5","3,05"
Poland,Ekstraklasa,2022/2023,10/28/2022,17:00,Legnica,Pogon Szczecin,2,4,A,"3,39","3,62","2,16","3,65","3,62","2,16","3,42","3,41","2,06"
Poland,Ekstraklasa,2022/2023,10/28/2022,19:30,Gornik Z.,Widzew Lodz,3,0,H,"2,07","3,66","3,59","2,08","3,85","3,62","2,01","3,49","3,48"
Poland,Ekstraklasa,2022/2023,10/29/2022,14:00,Korona Kielce,Piast Gliwice,1,1,D,"3,36","3,33","2,3","3,36","3,36","2,3","3,15","3,25","2,25"
Poland,Ekstraklasa,2022/2023,10/29/2022,16:30,Jagiellonia,Legia,2,5,A,"3,16","3,62","2,26","3,16","3,62","2,38","2,99","3,35","2,29"
Poland,Ekstraklasa,2022/2023,10/29/2022,19:00,Wisla Plock,Slask Wroclaw,1,2,A,"1,96","3,6","4,03",2,"3,66","4,03","1,94","3,45","3,74"
Poland,Ekstraklasa,2022/2023,10/30/2022,11:30,Zaglebie,Cracovia,0,2,A,"2,85","3,22","2,69","2,85","3,31","2,69","2,73","3,16","2,58"
Poland,Ekstraklasa,2022/2023,10/30/2022,14:00,Lechia Gdansk,Stal Mielec,1,0,H,"1,73","3,97","4,84","1,81",4,"4,84","1,73","3,79","4,42"
Poland,Ekstraklasa,2022/2023,10/30/2022,16:30,Lech Poznan,Rakow,1,2,A,"3,95","3,31","2,09","3,95","3,42","2,15","3,58","3,22","2,08"
Poland,Ekstraklasa,2022/2023,10/31/2022,18:00,Radomiak Radom,Warta Poznan,2,3,A,"2,26","3,07","3,76","2,28","3,13","3,76","2,23","2,98","3,48"
Poland,Ekstraklasa,2022/2023,11/4/2022,17:00,Stal Mielec,Zaglebie,3,0,H,"2,11","3,46","3,68","2,17","3,6","3,7","2,08","3,45","3,34"
Poland,Ekstraklasa,2022/2023,11/4/2022,19:30,Legia,Lechia Gdansk,2,1,H,"1,61","4,14","5,79","1,67","4,2","5,79","1,61","3,92","5,22"
Poland,Ekstraklasa,2022/2023,11/5/2022,11:30,Piast Gliwice,Warta Poznan,0,2,A,"2,88","2,79","3,05","2,88","3,01","3,25","2,7","2,85","2,88"
Poland,Ekstraklasa,2022/2023,11/5/2022,14:00,Cracovia,Jagiellonia,1,0,H,"1,87","3,67","4,41","1,9","3,75","5,25","1,8","3,58","4,28"
Poland,Ekstraklasa,2022/2023,11/5/2022,16:30,Pogon Szczecin,Gornik Z.,1,4,A,"1,81","4,01","4,29","1,85","4,01","4,4","1,78","3,82","4,1"
Poland,Ekstraklasa,2022/2023,11/5/2022,19:00,Rakow,Wisla Plock,7,1,H,"1,36","5,25","8,88","1,37","5,5","9,5","1,33","5,08","8,45"
Poland,Ekstraklasa,2022/2023,11/6/2022,11:30,Legnica,Slask Wroclaw,1,0,H,3,"3,41","2,45",3,"3,45","2,6","2,77","3,34","2,43"
Poland,Ekstraklasa,2022/2023,11/6/2022,14:00,Widzew Lodz,Radomiak Radom,1,3,A,"2,51","3,24","3,06","2,51","3,31","3,06","2,4","3,21","2,9"
Poland,Ekstraklasa,2022/2023,11/6/2022,16:30,Lech Poznan,Korona Kielce,3,2,H,"1,41","4,96","7,96","1,45","4,96",8,"1,4","4,63","7,22"
Poland,Ekstraklasa,2022/2023,11/11/2022,17:00,Warta Poznan,Stal Mielec,1,1,D,"1,94","3,45","4,34","2,05","3,6","4,34","1,94","3,33","3,95"
Poland,Ekstraklasa,2022/2023,11/11/2022,19:30,Wisla Plock,Cracovia,1,0,H,"2,36","3,4","3,17","2,45","3,42","3,2","2,34","3,24","2,98"
Poland,Ekstraklasa,2022/2023,11/12/2022,11:30,Korona Kielce,Widzew Lodz,0,1,A,"3,16","3,5","2,32","3,3","3,5","2,45","3,06","3,37","2,23"
Poland,Ekstraklasa,2022/2023,11/12/2022,14:00,Gornik Z.,Legnica,0,3,A,"1,68","3,86","5,45","1,73","4,05","5,45","1,67","3,75","4,89"
Poland,Ekstraklasa,2022/2023,11/12/2022,16:30,Jagiellonia,Lech Poznan,1,2,A,"3,76","3,78","1,98","3,76","3,78","2,01","3,56","3,52","1,97"
Poland,Ekstraklasa,2022/2023,11/12/2022,19:00,Zaglebie,Rakow,1,2,A,"7,47","4,42","1,48","7,5","4,6","1,5","6,8","4,32","1,44"
Poland,Ekstraklasa,2022/2023,11/13/2022,11:30,Radomiak Radom,Pogon Szczecin,1,2,A,"3,12","3,32","2,43","3,12","3,37","2,55","2,93","3,22","2,38"
Poland,Ekstraklasa,2022/2023,11/13/2022,14:00,Lechia Gdansk,Piast Gliwice,1,3,A,"2,21","3,45","3,44","2,26","3,48","3,44","2,17","3,3","3,26"
Poland,Ekstraklasa,2022/2023,11/13/2022,16:30,Slask Wroclaw,Legia,0,0,D,"3,19","3,33","2,39","3,4","3,38","2,39","3,07","3,24","2,28"
Poland,Ekstraklasa,2022/2023,11/18/2022,19:30,Lechia Gdansk,Gornik Z.,2,1,H,"2,75","3,69","2,51","2,76","3,7","2,51","2,69","3,51","2,41"
Poland,Ekstraklasa,2022/2023,1/27/2023,17:00,Legnica,Radomiak Radom,0,0,D,"2,49","3,22","3,12","2,61","3,22","3,12","2,46","3,07","2,95"
Poland,Ekstraklasa,2022/2023,1/27/2023,19:30,Stal Mielec,Lech Poznan,0,0,D,"5,55","3,93","1,66","5,76",4,"1,66","5,34","3,8","1,61"
Poland,Ekstraklasa,2022/2023,1/28/2023,14:00,Warta Poznan,Rakow,1,1,D,"5,66","3,23","1,82","5,75","3,3","1,83","5,26","3,19","1,77"
Poland,Ekstraklasa,2022/2023,1/28/2023,16:30,Widzew Lodz,Pogon Szczecin,3,3,D,"2,62","3,35","2,83","2,68","3,45","2,9","2,53","3,19","2,76"
Poland,Ekstraklasa,2022/2023,1/28/2023,19:00,Slask Wroclaw,Zaglebie,0,3,A,"2,27","3,3","3,45","2,28","3,46","3,5","2,22","3,22","3,23"
Poland,Ekstraklasa,2022/2023,1/29/2023,11:30,Piast Gliwice,Jagiellonia,1,1,D,"2,21","3,34","3,55","2,21","3,42","3,75","2,09","3,23","3,54"
Poland,Ekstraklasa,2022/2023,1/29/2023,14:00,Legia,Korona Kielce,3,2,H,"1,41","4,78","8,14","1,47","4,8","8,14","1,41","4,49","7,12"
Poland,Ekstraklasa,2022/2023,1/29/2023,16:30,Lechia Gdansk,Wisla Plock,1,0,H,"2,43","3,35","3,09","2,43","3,45","3,09","2,36","3,28","2,91"
Poland,Ekstraklasa,2022/2023,1/30/2023,18:00,Cracovia,Gornik Z.,2,0,H,"2,42","3,16","3,3","2,49","3,16","3,3","2,37","3,06","3,1"
Poland,Ekstraklasa,2022/2023,2/1/2023,18:00,Legnica,Lech Poznan,2,2,D,"4,64","3,5","1,87","4,64","3,7","1,92","4,23","3,44","1,85"
Poland,Ekstraklasa,2022/2023,2/3/2023,19:30,Widzew Lodz,Jagiellonia,1,1,D,"1,82","3,91","4,33","1,85","3,92","4,5","1,8","3,71","4,14"
Poland,Ekstraklasa,2022/2023,2/4/2023,14:00,Rakow,Piast Gliwice,1,0,H,"1,52","4,05","7,55","1,53","4,3","8,2","1,48","3,96","7,09"
Poland,Ekstraklasa,2022/2023,2/4/2023,16:30,Gornik Z.,Lechia Gdansk,1,1,D,2,"3,71","3,79","2,01","3,84","3,88","1,94","3,55","3,71"
Poland,Ekstraklasa,2022/2023,2/4/2023,19:00,Zaglebie,Legia,1,2,A,"3,07","3,56","2,35","3,45","3,65","2,35","3,14","3,42","2,19"
Poland,Ekstraklasa,2022/2023,2/5/2023,11:30,Radomiak Radom,Stal Mielec,1,0,H,"1,98","3,43","4,18","2,05","3,6","4,2","1,96","3,37","3,82"
Poland,Ekstraklasa,2022/2023,2/5/2023,14:00,Lech Poznan,Legnica,1,0,H,"1,42","4,62","7,99","1,43","4,85","8,8","1,4","4,5","7,54"
Poland,Ekstraklasa,2022/2023,2/5/2023,16:30,Pogon Szczecin,Slask Wroclaw,0,2,A,"1,76","3,77","4,95","1,81","3,89","5,1","1,74","3,61","4,62"
Poland,Ekstraklasa,2022/2023,2/6/2023,18:00,Korona Kielce,Cracovia,2,1,H,"3,83","3,17","2,19","3,86","3,27","2,2","3,65","3,07","2,14"
Poland,Ekstraklasa,2022/2023,2/10/2023,17:00,Stal Mielec,Rakow,0,0,D,"7,91","4,19","1,49","8,2","4,45","1,52","7,11","4,08","1,46"
Poland,Ekstraklasa,2022/2023,2/10/2023,19:30,Lechia Gdansk,Widzew Lodz,0,0,D,"2,84","3,34","2,62","2,84","3,41","2,74","2,7","3,21","2,58"
Poland,Ekstraklasa,2022/2023,2/11/2023,14:00,Slask Wroclaw,Korona Kielce,1,1,D,"1,98","3,49","4,1","1,98","3,7","4,2","1,92","3,42","3,89"
Poland,Ekstraklasa,2022/2023,2/11/2023,16:30,Wisla Plock,Lech Poznan,0,1,A,"4,94","3,79","1,75","4,94","3,79","1,9","4,42","3,58","1,78"
Poland,Ekstraklasa,2022/2023,2/11/2023,19:00,Jagiellonia,Pogon Szczecin,2,0,H,"3,36","3,66","2,16","3,88","3,75","2,2","3,42","3,51","2,05"
Poland,Ekstraklasa,2022/2023,2/12/2023,11:30,Zaglebie,Piast Gliwice,0,2,A,"3,07","3,26","2,5","3,07","3,33","2,82","2,8","3,12","2,56"
Poland,Ekstraklasa,2022/2023,2/12/2023,14:00,Gornik Z.,Radomiak Radom,0,0,D,"2,22","3,35","3,51","2,33","3,41","3,51","2,23","3,22","3,24"
Poland,Ekstraklasa,2022/2023,2/12/2023,16:30,Legia,Cracovia,2,2,D,"1,85","3,46","4,85","1,93","3,5","4,85","1,85","3,3","4,42"
Poland,Ekstraklasa,2022/2023,2/13/2023,18:00,Warta Poznan,Legnica,1,1,D,"2,01","3,28","4,32","2,06","3,33","4,33","1,98","3,16","4,07"
Poland,Ekstraklasa,2022/2023,2/17/2023,17:00,Cracovia,Stal Mielec,2,1,H,"1,93","3,33","4,64","1,95","3,65","5,4","1,84","3,34","4,48"
Poland,Ekstraklasa,2022/2023,2/17/2023,19:30,Widzew Lodz,Slask Wroclaw,1,0,H,"1,72","3,75","5,33","1,85","3,87","6,57","1,69","3,68","4,92"
Poland,Ekstraklasa,2022/2023,2/18/2023,14:00,Korona Kielce,Lechia Gdansk,1,0,H,"2,5","3,32","3,02","2,5","3,45","3,1","2,38","3,24","2,94"
Poland,Ekstraklasa,2022/2023,2/18/2023,16:30,Rakow,Gornik Z.,2,0,H,"1,47","4,33","7,86","1,5","4,5","8,1","1,45","4,22","7,08"
Poland,Ekstraklasa,2022/2023,2/18/2023,19:00,Pogon Szczecin,Warta Poznan,3,1,H,"2,01","3,38","4,15","2,06","3,5","4,3","1,97","3,27","3,92"
Poland,Ekstraklasa,2022/2023,2/19/2023,11:30,Legnica,Wisla Plock,2,1,H,"2,23","3,49","3,36","2,33","3,52","3,36","2,23","3,33","3,13"
Poland,Ekstraklasa,2022/2023,2/19/2023,14:00,Lech Poznan,Zaglebie,1,2,A,"1,75","3,84","4,92","1,79","3,9","5,4","1,71","3,71","4,68"
Poland,Ekstraklasa,2022/2023,2/19/2023,16:30,Piast Gliwice,Legia,0,1,A,"2,81","3,22","2,73","2,88","3,25","2,82","2,72","3,08","2,65"
Poland,Ekstraklasa,2022/2023,2/20/2023,18:00,Radomiak Radom,Jagiellonia,0,0,D,"2,03","3,44","3,97","2,08","3,52","4,25","1,99","3,31","3,79"
Poland,Ekstraklasa,2022/2023,2/24/2023,17:00,Jagiellonia,Rakow,1,2,A,"7,42","4,27","1,5","7,5","4,4","1,54","6,72","4,11","1,48"
Poland,Ekstraklasa,2022/2023,2/24/2023,19:30,Legia,Widzew Lodz,2,2,D,"1,98","3,55","4,03","2,03","3,65","4,09","1,95","3,45","3,77"
Poland,Ekstraklasa,2022/2023,2/25/2023,14:00,Piast Gliwice,Cracovia,2,1,H,"2,45","2,89","3,59","2,46","3,05","3,63","2,36","2,82","3,45"
Poland,Ekstraklasa,2022/2023,2/25/2023,16:30,Warta Poznan,Korona Kielce,5,1,H,"1,93","3,38","4,5","1,95","3,5","4,6","1,9","3,3","4,22"
Poland,Ekstraklasa,2022/2023,2/25/2023,19:00,Lechia Gdansk,Radomiak Radom,1,3,A,"2,65","3,15","2,95","2,68","3,35","2,96","2,52","3,11","2,84"
Poland,Ekstraklasa,2022/2023,2/26/2023,11:30,Stal Mielec,Gornik Z.,0,1,A,"2,82","3,46","2,57","2,82","3,58","2,68","2,68","3,33","2,53"
Poland,Ekstraklasa,2022/2023,2/26/2023,14:00,Wisla Plock,Pogon Szczecin,0,1,A,"3,44","3,66","2,13","3,44","3,85","2,2","3,19","3,6","2,1"
Poland,Ekstraklasa,2022/2023,2/26/2023,16:30,Slask Wroclaw,Lech Poznan,2,1,H,"4,52","3,45","1,91","4,55","3,54","1,97","4,09","3,31","1,92"
Poland,Ekstraklasa,2022/2023,2/27/2023,18:00,Zaglebie,Legnica,2,1,H,"2,31","3,45","3,22","2,36","3,5","3,4","2,28","3,28","3,09"
Poland,Ekstraklasa,2022/2023,3/3/2023,17:00,Stal Mielec,Piast Gliwice,0,2,A,4,"3,14","2,15",4,"3,24","2,33","3,54","3,02","2,19"
Poland,Ekstraklasa,2022/2023,3/3/2023,19:30,Lech Poznan,Lechia Gdansk,5,0,H,"1,35","5,27","9,06","1,4","5,4","9,4","1,35","4,84","7,96"
Poland,Ekstraklasa,2022/2023,3/4/2023,14:00,Widzew Lodz,Warta Poznan,0,2,A,"2,39","3,09","3,43","2,39","3,22","3,63","2,24","3,06","3,36"
Poland,Ekstraklasa,2022/2023,3/4/2023,16:30,Korona Kielce,Wisla Plock,1,0,H,"2,35","3,48","3,13","2,35","3,58","3,4","2,26","3,28","3,07"
Poland,Ekstraklasa,2022/2023,3/4/2023,19:00,Gornik Z.,Legia,0,1,A,"3,29","3,46","2,27","3,47","3,65","2,27","3,24","3,34","2,15"
Poland,Ekstraklasa,2022/2023,3/5/2023,11:30,Legnica,Jagiellonia,1,1,D,"2,31","3,33","3,33","2,31","3,45","3,55","2,2","3,25","3,22"
Poland,Ekstraklasa,2022/2023,3/5/2023,14:00,Pogon Szczecin,Rakow,0,2,A,"3,92","3,51","2,02","3,92","3,52","2,18","3,63","3,31","2,03"
Poland,Ekstraklasa,2022/2023,3/5/2023,16:30,Cracovia,Slask Wroclaw,1,1,D,"1,97","3,35","4,38",2,"3,41","4,4","1,94","3,23","4,1"
Poland,Ekstraklasa,2022/2023,3/6/2023,18:00,Radomiak Radom,Zaglebie,0,1,A,"2,07","3,51","3,77","2,08","3,6","3,83","2,02","3,34","3,62"
Poland,Ekstraklasa,2022/2023,3/8/2023,17:45,Wisla Plock,Warta Poznan,1,0,H,"2,92","3,02","2,78","2,99","3,13","2,78","2,8",3,"2,63"
Poland,Ekstraklasa,2022/2023,3/10/2023,17:00,Lechia Gdansk,Legnica,4,0,H,"2,55","3,36","2,92","2,62","3,55","2,94","2,49","3,28","2,74"
Poland,Ekstraklasa,2022/2023,3/10/2023,19:30,Rakow,Slask Wroclaw,4,1,H,"1,19","6,9","16,98","1,27","7,3","19,5","1,2","6,16","14,76"
Poland,Ekstraklasa,2022/2023,3/11/2023,14:00,Korona Kielce,Radomiak Radom,2,1,H,"2,86","3,2","2,7","2,92","3,3","2,74","2,76","3,08","2,6"
Poland,Ekstraklasa,2022/2023,3/11/2023,16:30,Zaglebie,Pogon Szczecin,0,1,A,"3,97","3,68","1,96","3,97","3,68","2,12","3,7","3,44","1,97"
Poland,Ekstraklasa,2022/2023,3/11/2023,19:00,Jagiellonia,Gornik Z.,2,1,H,"2,78","3,41","2,66","2,82","3,45","2,72","2,69","3,28","2,54"
Poland,Ekstraklasa,2022/2023,3/12/2023,11:30,Warta Poznan,Cracovia,0,0,D,"2,5","2,95","3,39","2,53","3,05","3,41","2,43","2,89","3,19"
Poland,Ekstraklasa,2022/2023,3/12/2023,14:00,Piast Gliwice,Lech Poznan,1,1,D,"3,03","3,08","2,64","3,12","3,16","2,64","2,94","2,97","2,53"
Poland,Ekstraklasa,2022/2023,3/12/2023,16:30,Legia,Stal Mielec,2,0,H,"1,46","4,46","7,84","1,49","4,6",8,"1,45","4,22","6,94"
Poland,Ekstraklasa,2022/2023,3/13/2023,18:00,Wisla Plock,Widzew Lodz,1,1,D,"3,03","3,39","2,45","3,11","3,5","2,46","2,94","3,25","2,36"
Poland,Ekstraklasa,2022/2023,3/17/2023,17:00,Gornik Z.,Wisla Plock,3,2,H,"1,84","3,68","4,53","1,95","3,85","4,59","1,8","3,59","4,23"
Poland,Ekstraklasa,2022/2023,3/17/2023,19:30,Radomiak Radom,Legia,0,2,A,"3,25","3,31","2,36","3,7","3,38","2,37","3,19","3,21","2,25"
Poland,Ekstraklasa,2022/2023,3/18/2023,11:30,Slask Wroclaw,Stal Mielec,1,1,D,"2,25","3,35","3,44","2,27","3,45","3,47","2,18","3,26","3,27"
Poland,Ekstraklasa,2022/2023,3/18/2023,14:00,Jagiellonia,Zaglebie,2,2,D,"2,32","3,47","3,18","2,55","3,55","3,19","2,3","3,34","2,97"
Poland,Ekstraklasa,2022/2023,3/18/2023,16:30,Pogon Szczecin,Korona Kielce,0,0,D,"1,54","4,58","5,84","1,59","4,7",6,"1,53","4,24","5,55"
Poland,Ekstraklasa,2022/2023,3/18/2023,19:00,Rakow,Cracovia,4,1,H,"1,39","4,8","8,88","1,41","5,1","9,3","1,37","4,52","8,4"
Poland,Ekstraklasa,2022/2023,3/19/2023,11:30,Warta Poznan,Lechia Gdansk,2,0,H,"2,01","3,36","4,19","2,04","3,55","4,2","1,97","3,23","3,93"
Poland,Ekstraklasa,2022/2023,3/19/2023,14:00,Legnica,Piast Gliwice,0,1,A,"3,74","3,11","2,25","3,74","3,21","2,33","3,47",3,"2,22"
Poland,Ekstraklasa,2022/2023,3/19/2023,16:30,Widzew Lodz,Lech Poznan,1,2,A,"3,4","3,41","2,24","3,41","3,45","2,29","3,19","3,29","2,2"
Poland,Ekstraklasa,2022/2023,3/31/2023,17:00,Zaglebie,Warta Poznan,0,0,D,"2,56","3,13","3,1","2,75","3,24","3,11","2,5","3,02","2,92"
Poland,Ekstraklasa,2022/2023,3/31/2023,19:30,Piast Gliwice,Gornik Zabrze,1,0,H,"2,31","3,11","3,6","2,34","3,25","3,8","2,24","3,04","3,39"
Poland,Ekstraklasa,2022/2023,4/1/2023,14:00,Korona Kielce,Legnica,1,0,H,"1,97","3,46","4,18","2,21","3,6","4,18","1,97","3,34","3,8"
Poland,Ekstraklasa,2022/2023,4/1/2023,16:30,Legia,Rakow,3,1,H,"3,8","3,28","2,15","3,8","3,28","2,28","3,49","3,11","2,16"
Poland,Ekstraklasa,2022/2023,4/1/2023,19:00,Lechia Gdansk,Slask Wroclaw,0,0,D,"2,15","3,36","3,68","2,32","3,42","3,68","2,13","3,25","3,38"
Poland,Ekstraklasa,2022/2023,4/2/2023,11:30,Wisla Plock,Radomiak Radom,1,1,D,"3,02","3,21","2,56","3,02","3,35","2,8","2,83","3,16","2,48"
Poland,Ekstraklasa,2022/2023,4/2/2023,14:00,Cracovia,Widzew Lodz,1,1,D,"2,61","3,12","3,04","2,66","3,22","3,45","2,52","3,03","2,89"
Poland,Ekstraklasa,2022/2023,4/2/2023,16:30,Lech Poznan,Pogon Szczecin,2,2,D,"1,93","3,7","4,02","2,04","3,78","4,02","1,91","3,53","3,75"
Poland,Ekstraklasa,2022/2023,4/3/2023,18:00,Stal Mielec,Jagiellonia,1,1,D,"2,5","3,36","2,97","2,52","3,47","2,98","2,41","3,28","2,83"
Poland,Ekstraklasa,2022/2023,4/6/2023,17:00,Slask Wroclaw,Piast Gliwice,0,1,A,"3,2",3,"2,58","3,4","3,04","2,6","3,19","2,86","2,46"
Poland,Ekstraklasa,2022/2023,4/6/2023,19:30,Gornik Zabrze,Korona Kielce,1,1,D,"1,89","3,52","4,5","1,95","3,63","4,51","1,86","3,39","4,17"
Poland,Ekstraklasa,2022/2023,4/8/2023,11:30,Wisla Plock,Zaglebie,2,0,H,"2,86","3,52","2,5","2,86","3,54","2,75","2,71","3,33","2,48"
Poland,Ekstraklasa,2022/2023,4/8/2023,14:00,Widzew Lodz,Stal Mielec,0,2,A,"1,76","3,8","4,89","1,78","3,96","4,94","1,72","3,67","4,59"
Poland,Ekstraklasa,2022/2023,4/8/2023,16:30,Pogon Szczecin,Cracovia,3,2,H,"1,81","3,55","4,61","1,86","3,89","4,95","1,77","3,62","4,33"
Poland,Ekstraklasa,2022/2023,4/8/2023,19:00,Lech Poznan,Warta Poznan,2,0,H,"1,66","3,71","6,04","1,7","3,95","6,2","1,64","3,57","5,52"
Poland,Ekstraklasa,2022/2023,4/10/2023,14:00,Jagiellonia,Lechia Gdansk,1,0,H,"1,86","3,8","4,25","2,16","3,8","4,47","1,88","3,59","3,89"
Poland,Ekstraklasa,2022/2023,4/10/2023,16:30,Radomiak Radom,Rakow,0,0,D,"6,19","3,62","1,67","6,28","3,75","1,7","5,47","3,56","1,65"
Poland,Ekstraklasa,2022/2023,4/10/2023,19:00,Legnica,Legia,2,2,D,"4,82","3,8","1,77","4,9","3,89","1,78","4,54","3,69","1,73"
Poland,Ekstraklasa,2022/2023,4/14/2023,17:00,Warta Poznan,Slask Wroclaw,3,1,H,"2,23","3,1","3,82","2,24","3,2","3,94","2,13","3,03","3,67"
Poland,Ekstraklasa,2022/2023,4/14/2023,19:30,Zaglebie,Gornik Zabrze,0,2,A,"2,42","3,3","3,16","2,53","3,46","3,16","2,36","3,28","2,92"
Poland,Ekstraklasa,2022/2023,4/15/2023,14:00,Cracovia,Radomiak Radom,3,0,H,"2,85","3,09","2,79","2,99","3,25","3,28","2,7","3,02","2,73"
Poland,Ekstraklasa,2022/2023,4/15/2023,16:30,Korona Kielce,Jagiellonia,2,1,H,"2,83","3,25","2,7","2,85","3,42","2,75","2,69","3,2","2,58"
Poland,Ekstraklasa,2022/2023,4/15/2023,19:00,Lechia Gdansk,Pogon Szczecin,0,1,A,"4,31","4,01","1,8","4,75","4,1","1,81","4,28","3,75","1,75"
Poland,Ekstraklasa,2022/2023,4/16/2023,11:30,Piast Gliwice,Wisla Plock,1,0,H,"1,68","3,87","5,48","1,77","3,89","5,7","1,69","3,65","4,87"
Poland,Ekstraklasa,2022/2023,4/16/2023,14:00,Rakow,Widzew Lodz,2,0,H,"1,37","4,92","9,67","1,38","5,2",10,"1,34","4,75",9
Poland,Ekstraklasa,2022/2023,4/16/2023,16:30,Legia,Lech Poznan,2,2,D,"2,49","3,34","3,02","2,53","3,47","3,1","2,4","3,25","2,88"
Poland,Ekstraklasa,2022/2023,4/17/2023,18:00,Stal Mielec,Legnica,1,1,D,"2,18","3,34","3,61","2,23","3,45","3,73","2,12","3,23","3,43"
Poland,Ekstraklasa,2022/2023,4/21/2023,17:00,Wisla Plock,Jagiellonia,2,4,A,"2,74","3,39","2,69","2,74","3,51","2,73","2,6","3,31","2,6"
Poland,Ekstraklasa,2022/2023,4/21/2023,19:30,Warta Poznan,Legia,1,0,H,"3,27","3,19","2,42","3,45","3,3","2,42","3,2","3,11","2,29"
Poland,Ekstraklasa,2022/2023,4/22/2023,14:00,Lechia Gdansk,Cracovia,1,2,A,"2,44","3,34","3,09","2,65","3,34","3,1","2,42","3,18","2,92"
Poland,Ekstraklasa,2022/2023,4/22/2023,16:30,Legnica,Rakow,0,2,A,"6,95","3,82","1,58",7,"4,25","1,61","6,42","3,77","1,54"
Poland,Ekstraklasa,2022/2023,4/22/2023,19:00,Pogon Szczecin,Stal Mielec,4,2,H,"1,55","4,37","6,07","1,6","4,4","6,07","1,54","4,14","5,58"
Poland,Ekstraklasa,2022/2023,4/23/2023,11:30,Korona Kielce,Zaglebie,2,2,D,"2,88","3,29","2,62","2,95","3,38","2,75","2,78","3,18","2,51"
Poland,Ekstraklasa,2022/2023,4/23/2023,14:00,Widzew Lodz,Piast Gliwice,2,3,A,"2,9","3,08","2,76","2,95","3,13","2,8","2,76","2,98","2,67"
Poland,Ekstraklasa,2022/2023,4/23/2023,16:30,Gornik Zabrze,Slask Wroclaw,2,0,H,"1,8","3,61","4,9","1,91","3,76",5,"1,76","3,55","4,56"
Poland,Ekstraklasa,2022/2023,4/24/2023,18:00,Radomiak Radom,Lech Poznan,1,1,D,"3,26","3,39","2,32","3,7","3,5","2,46","3,06","3,25","2,29"
Poland,Ekstraklasa,2022/2023,4/28/2023,17:00,Legia,Wisla Plock,2,0,H,"1,51","4,56","6,5","1,51","4,9",7,"1,46","4,44","6,11"
Poland,Ekstraklasa,2022/2023,4/28/2023,19:30,Rakow,Lechia Gdansk,4,0,H,"1,24","6,43","12,43","1,27","7,1",14,"1,22","5,96","11,7"
Poland,Ekstraklasa,2022/2023,4/29/2023,14:00,Jagiellonia,Warta Poznan,3,1,H,"2,5","3,15","3,17","2,5","3,28","3,25","2,4","3,03","3,05"
Poland,Ekstraklasa,2022/2023,4/29/2023,16:30,Zaglebie,Widzew Lodz,2,0,H,"2,23","3,46","3,38","2,29","3,58","3,38","2,21","3,29","3,13"
Poland,Ekstraklasa,2022/2023,4/29/2023,19:00,Piast Gliwice,Pogon Szczecin,0,0,D,"2,76","3,18","2,81","2,76","3,37","2,85","2,61","3,1","2,69"
Poland,Ekstraklasa,2022/2023,4/30/2023,11:30,Slask Wroclaw,Radomiak Radom,0,1,A,"3,14","3,17","2,51","3,14","3,26","2,6","2,94","3,11","2,43"
Poland,Ekstraklasa,2022/2023,4/30/2023,14:00,Stal Mielec,Korona Kielce,2,1,H,"2,25","3,31","3,48","2,3","3,5","3,48","2,17","3,27","3,26"
Poland,Ekstraklasa,2022/2023,4/30/2023,16:30,Lech Poznan,Gornik Zabrze,0,1,A,"1,71","3,94","5,03","1,78","3,94","5,03","1,71","3,67","4,67"
Poland,Ekstraklasa,2022/2023,5/1/2023,18:00,Cracovia,Legnica,1,1,D,"1,88","3,55","4,48","1,91","3,6","4,6","1,84","3,4","4,25"
Poland,Ekstraklasa,2022/2023,5/5/2023,17:00,Jagiellonia,Slask Wroclaw,1,1,D,"2,01","3,43","4,09","2,06","3,48","4,1","1,99","3,3","3,79"
Poland,Ekstraklasa,2022/2023,5/5/2023,19:30,Gornik Zabrze,Warta Poznan,2,0,H,"2,11","3,36","3,8","2,23","3,4","3,85","2,1","3,21","3,54"
Poland,Ekstraklasa,2022/2023,5/6/2023,14:00,Radomiak Radom,Piast Gliwice,0,1,A,"2,95","2,92","2,85","2,95","3,06","2,85","2,78","2,92","2,71"
Poland,Ekstraklasa,2022/2023,5/6/2023,16:30,Lech Poznan,Cracovia,3,0,H,"1,58","4,19","5,95","1,59","4,33","6,59","1,54",4,"5,81"
Poland,Ekstraklasa,2022/2023,5/6/2023,19:00,Lechia Gdansk,Zaglebie,1,3,A,"2,89","3,55","2,47","2,95","3,63","2,5","2,78","3,41","2,39"
Poland,Ekstraklasa,2022/2023,5/7/2023,11:30,Wisla Plock,Stal Mielec,0,0,D,"1,99","3,67","3,85","2,2","3,69","3,85","2,03","3,49","3,42"
Poland,Ekstraklasa,2022/2023,5/7/2023,14:00,Korona Kielce,Rakow,1,0,H,"8,81","4,3","1,44","9,1","4,59","1,47","7,68","4,23","1,42"
Poland,Ekstraklasa,2022/2023,5/7/2023,16:30,Pogon Szczecin,Legia,2,1,H,"2,22","3,65","3,23","2,25","3,74","3,35","2,14","3,54","3,11"
Poland,Ekstraklasa,2022/2023,5/8/2023,18:00,Legnica,Widzew Lodz,0,1,A,"3,13","3,21","2,49","3,13","3,34","2,55","2,94","3,17","2,4"
Poland,Ekstraklasa,2022/2023,5/12/2023,17:00,Piast Gliwice,Korona Kielce,2,1,H,"1,73","3,71","5,26","1,77","3,8","5,8","1,68","3,61","5,08"
Poland,Ekstraklasa,2022/2023,5/12/2023,19:30,Legia,Jagiellonia,5,1,H,"1,58","4,59","5,38","1,59","4,7","5,6","1,55","4,26","5,28"
Poland,Ekstraklasa,2022/2023,5/13/2023,14:00,Slask Wroclaw,Wisla Plock,3,1,H,"2,16","3,48","3,53","2,25","3,53","3,57","2,13","3,32","3,33"
Poland,Ekstraklasa,2022/2023,5/13/2023,16:30,Cracovia,Zaglebie,0,1,A,"2,52","3,39","2,93","2,58","3,56","2,93","2,46","3,3","2,73"
Poland,Ekstraklasa,2022/2023,5/13/2023,19:00,Widzew Lodz,Gornik Zabrze,2,3,A,"2,6","3,35","2,91","2,63","3,41","2,94","2,49","3,25","2,75"
Poland,Ekstraklasa,2022/2023,5/14/2023,11:30,Stal Mielec,Lechia Gdansk,0,0,D,"2,1","3,51","3,66","2,11","3,67","3,71","2,03","3,42","3,48"
Poland,Ekstraklasa,2022/2023,5/14/2023,14:00,Pogon Szczecin,Legnica,3,2,H,"1,33","5,39","9,73","1,38","5,5",10,"1,33","4,99","8,43"
Poland,Ekstraklasa,2022/2023,5/14/2023,16:30,Rakow,Lech Poznan,0,2,A,"2,07","3,59","3,65","2,22","3,8","3,7","2,04","3,41","3,48"
Poland,Ekstraklasa,2022/2023,5/15/2023,18:00,Warta Poznan,Radomiak Radom,1,2,A,"3,02","3,09","2,64","3,02","3,23","2,83","2,83","3,05","2,57"
Poland,Ekstraklasa,2022/2023,5/19/2023,17:00,Zaglebie,Stal Mielec,2,0,H,"1,87","3,4","4,83","1,99","3,5","4,83","1,89","3,32","4,21"
Poland,Ekstraklasa,2022/2023,5/19/2023,19:30,Korona Kielce,Lech Poznan,0,3,A,"4,79","3,77","1,78","4,86","3,8","1,94","4,23","3,53","1,82"
Poland,Ekstraklasa,2022/2023,5/20/2023,14:00,Jagiellonia,Cracovia,1,1,D,"2,11","3,66","3,49","2,23","3,71","3,58","2,07","3,47","3,33"
Poland,Ekstraklasa,2022/2023,5/20/2023,16:30,Gornik Zabrze,Pogon Szczecin,2,1,H,"2,73","3,62","2,56","2,73","3,78","2,6","2,58","3,54","2,49"
Poland,Ekstraklasa,2022/2023,5/20/2023,19:00,Lechia Gdansk,Legia,1,0,H,"4,76","4,16","1,7","4,95","4,2","1,82","4,51","3,85","1,69"
Poland,Ekstraklasa,2022/2023,5/21/2023,11:30,Slask Wroclaw,Legnica,4,2,H,"1,79","3,55","5,05","1,81","3,93","6,6","1,73","3,47","4,85"
Poland,Ekstraklasa,2022/2023,5/21/2023,14:00,Radomiak Radom,Widzew Lodz,3,1,H,"2,39","3,3","3,21","2,39","3,44","3,6","2,23","3,26","3,16"
Poland,Ekstraklasa,2022/2023,5/21/2023,16:30,Wisla Plock,Rakow,1,2,A,"3,68","3,84","1,99","4,38","3,99",2,"3,72","3,66","1,89"
Poland,Ekstraklasa,2022/2023,5/22/2023,18:00,Warta Poznan,Piast Gliwice,1,1,D,"2,95","3,01","2,77","3,09","3,12","2,78","2,89","2,95","2,57"
Poland,Ekstraklasa,2022/2023,5/27/2023,16:30,Cracovia,Wisla Plock,3,0,H,"2,38","3,66","2,94","2,46","3,73","2,97","2,34","3,47","2,8"
Poland,Ekstraklasa,2022/2023,5/27/2023,16:30,Lech Poznan,Jagiellonia,2,0,H,"1,25","6,54","10,92","1,3","6,8",12,"1,25","5,9","9,82"
Poland,Ekstraklasa,2022/2023,5/27/2023,16:30,Legia,Slask Wroclaw,3,1,H,"1,85","3,96","4,13","1,95",4,"4,2","1,85","3,73","3,83"
Poland,Ekstraklasa,2022/2023,5/27/2023,16:30,Legnica,Gornik Zabrze,0,0,D,"3,27","3,7","2,18","3,86","3,81","2,22","3,17","3,52","2,12"
Poland,Ekstraklasa,2022/2023,5/27/2023,16:30,Piast Gliwice,Lechia Gdansk,3,0,H,"1,52","4,41","6,61","1,58","4,6","7,1","1,48","4,16","6,48"
Poland,Ekstraklasa,2022/2023,5/27/2023,16:30,Pogon Szczecin,Radomiak Radom,4,0,H,"1,56","4,54","5,69","1,63","4,6","5,8","1,55","4,26","5,21"
Poland,Ekstraklasa,2022/2023,5/27/2023,16:30,Rakow,Zaglebie,1,1,D,"1,35","5,66","8,24","1,45","5,9","9,5","1,33","5,21","8,15"
Poland,Ekstraklasa,2022/2023,5/27/2023,16:30,Stal Mielec,Warta Poznan,1,0,H,"2,82","3,08","2,83","2,82","3,32","3,15","2,53","3,06","2,87"
Poland,Ekstraklasa,2022/2023,5/27/2023,16:30,Widzew Lodz,Korona Kielce,0,3,A,"2,49","3,61","2,81","2,52","3,68","2,92","2,4","3,45","2,73"
