Div,Date,Time,HomeTeam,AwayTeam,FTHG,FTAG,FTR,HTHG,HTAG,HTR,Referee,HS,AS,HST,AST,HF,AF,HC,AC,HY,AY,HR,AR
SC0,28/05/2023,15:00,Kilmarnock,Ross County,3,1,H,1,0,H,K Clancy,10,7,4,1,8,15,5,3,4,1,0,30.12
SC0,28/05/2023,15:00,Motherwell,Dundee United,3,2,H,1,1,D,S McLean,23,10,6,7,17,6,9,0,2,0,0,30.12
SC0,28/05/2023,15:00,St Johnstone,Livingston,2,0,H,1,0,H,G Grainger,9,9,3,4,9,11,4,2,0,3,0,30.12
SC0,27/05/2023,12:30,Celtic,Aberdeen,5,0,H,2,0,H,A Muir,20,0,8,0,9,8,10,2,1,2,0,30.12
SC0,27/05/2023,12:30,Hearts,Hibernian,1,1,D,1,1,D,D Robertson,3,17,1,6,12,15,4,9,3,5,1,30.12
SC0,27/05/2023,12:30,St Mirren,Rangers,0,3,A,0,1,A,M MacDermid,8,9,1,3,10,11,5,3,2,1,0,30.12
SC0,24/05/2023,19:45,Aberdeen,St Mirren,3,0,H,2,0,H,D Robertson,15,6,6,4,13,14,2,2,0,1,0,31.12
SC0,24/05/2023,19:45,Dundee United,Kilmarnock,0,3,A,0,2,A,A Muir,10,11,2,4,15,16,3,5,1,1,0,30.12
SC0,24/05/2023,19:45,Hibernian,Celtic,4,2,H,0,1,A,K Clancy,15,18,8,4,10,7,8,10,2,1,0,31.12
SC0,24/05/2023,19:45,Livingston,Motherwell,1,1,D,0,1,A,C Graham,8,6,2,1,7,12,1,11,2,1,1,30.12
SC0,24/05/2023,19:45,Rangers,Hearts,2,2,D,1,1,D,J Beaton,19,8,8,3,10,13,9,2,3,4,0,30.12
SC0,24/05/2023,19:45,Ross County,St Johnstone,3,3,D,0,1,A,N Walsh,14,11,8,5,15,15,6,4,2,0,0,30.12
SC0,21/05/2023,12:00,Hibernian,Rangers,1,3,A,0,1,A,A Muir,14,20,2,7,17,13,7,5,2,1,0,30.12
SC0,20/05/2023,12:30,Hearts,Aberdeen,2,1,H,1,1,D,K Clancy,30,9,8,4,6,15,5,2,1,4,0,30.12
SC0,20/05/2023,15:00,Celtic,St Mirren,2,2,D,1,2,A,D Munro,21,10,6,2,4,9,14,2,0,0,0,30.12
SC0,20/05/2023,15:00,Kilmarnock,St Johnstone,0,1,A,0,1,A,J Beaton,10,17,1,7,10,11,3,8,1,3,1,30.12
SC0,20/05/2023,15:00,Livingston,Dundee United,2,1,H,1,1,D,D Robertson,14,17,7,4,16,11,1,12,2,1,0,31.12
SC0,20/05/2023,15:00,Motherwell,Ross County,1,0,H,0,0,D,E Anderson,16,6,6,1,15,14,4,4,3,0,0,31.12
SC0,13/05/2023,12:30,Rangers,Celtic,3,0,H,2,0,H,S McLean,16,8,8,1,15,4,5,5,1,1,0,30.12
SC0,13/05/2023,15:00,Aberdeen,Hibernian,0,0,D,0,0,D,N Walsh,8,17,2,5,10,17,3,8,2,5,0,30.12
SC0,13/05/2023,15:00,Dundee United,Ross County,1,3,A,1,1,D,J Beaton,16,10,7,8,12,16,6,5,2,5,0,30.12
SC0,13/05/2023,15:00,Kilmarnock,Livingston,2,0,H,0,0,D,D Munro,11,7,6,2,17,17,2,5,1,3,0,30.12
SC0,13/05/2023,15:00,St Johnstone,Motherwell,0,2,A,0,0,D,G Irvine,11,8,1,4,8,14,6,4,0,1,0,30.12
SC0,13/05/2023,15:00,St Mirren,Hearts,2,2,D,2,0,H,D Dickinson,13,11,7,6,19,13,7,4,2,4,0,31.12
SC0,07/05/2023,14:15,Hearts,Celtic,0,2,A,0,0,D,N Walsh,7,12,0,3,9,10,6,5,0,1,1,30.12
SC0,07/05/2023,15:00,Rangers,Aberdeen,1,0,H,0,0,D,J Beaton,19,11,7,4,4,8,12,6,1,2,0,30.12
SC0,06/05/2023,15:00,Hibernian,St Mirren,2,1,H,2,0,H,M MacDermid,13,13,6,4,11,11,3,5,2,1,0,30.12
SC0,06/05/2023,15:00,Motherwell,Kilmarnock,2,0,H,1,0,H,K Clancy,17,8,6,1,15,12,8,1,2,2,0,30.12
SC0,06/05/2023,15:00,Ross County,Livingston,2,0,H,1,0,H,D Dickinson,6,10,2,0,15,7,5,3,2,2,0,31.12
SC0,06/05/2023,15:00,St Johnstone,Dundee United,1,0,H,1,0,H,A Muir,17,12,6,2,15,16,9,2,2,3,0,31.12
SC0,23/04/2023,16:30,Aberdeen,Rangers,2,0,H,0,0,D,N Walsh,11,20,4,3,17,7,3,7,2,1,0,30.12
SC0,22/04/2023,12:30,Hearts,Ross County,6,1,H,4,0,H,D Robertson,30,7,12,1,7,10,8,5,1,3,0,30.12
SC0,22/04/2023,15:00,Celtic,Motherwell,1,1,D,1,0,H,J Beaton,16,6,5,3,7,7,13,3,1,3,0,30.12
SC0,22/04/2023,15:00,Dundee United,Livingston,2,0,H,1,0,H,K Clancy,7,8,3,1,15,10,6,3,3,2,0,30.12
SC0,22/04/2023,15:00,St Johnstone,Hibernian,1,1,D,1,1,D,C Napier,14,6,7,3,11,12,8,1,2,2,0,31.12
SC0,22/04/2023,15:00,St Mirren,Kilmarnock,0,2,A,0,2,A,W Collum,6,16,1,6,12,11,5,1,1,1,1,30.12
SC0,16/04/2023,12:00,Kilmarnock,Celtic,1,4,A,1,4,A,D Dickinson,14,16,5,6,13,15,4,5,0,2,0,30.12
SC0,15/04/2023,12:30,Hibernian,Hearts,1,0,H,0,0,D,J Beaton,11,11,3,4,14,8,5,7,6,4,0,30.12
SC0,15/04/2023,15:00,Livingston,St Johnstone,2,0,H,2,0,H,D Munro,12,11,5,2,19,16,2,3,2,1,0,30.12
SC0,15/04/2023,15:00,Motherwell,Dundee United,1,2,A,1,0,H,N Walsh,22,10,8,6,11,9,6,6,3,4,0,30.12
SC0,15/04/2023,15:00,Rangers,St Mirren,5,2,H,1,1,D,S McLean,23,5,11,4,9,14,6,4,2,1,0,30.12
SC0,14/04/2023,19:45,Ross County,Aberdeen,0,1,A,0,1,A,E Anderson,14,11,4,1,8,12,10,2,1,2,0,31.12
SC0,09/04/2023,12:00,Dundee United,Hibernian,2,1,H,1,0,H,D Munro,10,14,3,3,10,15,0,4,0,2,0,30.12
SC0,08/04/2023,12:30,Celtic,Rangers,3,2,H,1,1,D,K Clancy,9,8,7,3,19,12,4,3,4,2,0,0
SC0,08/04/2023,15:00,Aberdeen,Kilmarnock,2,0,H,1,0,H,D Robertson,13,16,3,2,12,5,5,8,1,1,0,30.12
SC0,08/04/2023,15:00,Hearts,St Mirren,0,2,A,0,0,D,M MacDermid,16,15,2,3,11,15,6,8,2,3,1,30.12
SC0,08/04/2023,15:00,Motherwell,Livingston,3,0,H,3,0,H,G Irvine,11,11,6,2,16,6,4,2,1,1,0,30.12
SC0,08/04/2023,15:00,St Johnstone,Ross County,0,2,A,0,1,A,A Muir,15,13,2,4,16,17,7,5,2,3,0,30.12
SC0,02/04/2023,12:00,Ross County,Celtic,0,2,A,0,1,A,W Collum,8,28,2,9,7,6,2,9,0,0,0,30.12
SC0,01/04/2023,15:00,Hibernian,Motherwell,1,3,A,0,1,A,G Grainger,11,17,3,5,12,7,6,5,3,1,0,30.12
SC0,01/04/2023,15:00,Kilmarnock,Hearts,2,1,H,2,1,H,E Anderson,17,10,4,3,12,15,2,5,2,2,1,30.12
SC0,01/04/2023,15:00,Rangers,Dundee United,2,0,H,1,0,H,D Robertson,28,9,7,4,11,8,10,2,1,1,0,30.12
SC0,01/04/2023,15:00,St Johnstone,Aberdeen,0,1,A,0,1,A,C Steven,14,12,6,3,6,8,7,7,3,2,1,31.12
SC0,01/04/2023,15:00,St Mirren,Livingston,3,0,H,3,0,H,J Beaton,15,13,7,3,11,11,4,9,1,3,0,30.12
SC0,18/03/2023,12:30,Motherwell,Rangers,2,4,A,1,1,D,N Walsh,3,28,2,10,9,12,1,3,1,1,1,30.12
SC0,18/03/2023,15:00,Aberdeen,Hearts,3,0,H,3,0,H,D Dickinson,22,8,6,0,12,10,7,7,3,3,0,30.12
SC0,18/03/2023,15:00,Celtic,Hibernian,3,1,H,0,1,A,S McLean,35,3,9,1,6,7,15,0,1,3,0,31.12
SC0,18/03/2023,15:00,Dundee United,St Mirren,1,1,D,1,0,H,C Napier,11,16,2,3,11,9,1,4,1,1,0,30.12
SC0,18/03/2023,15:00,Kilmarnock,St Johnstone,1,1,D,1,0,H,C Graham,14,9,4,2,10,21,9,5,3,5,0,30.12
SC0,18/03/2023,15:00,Livingston,Ross County,2,1,H,2,0,H,W Collum,13,11,7,1,8,17,8,6,3,1,0,30.12
SC0,08/03/2023,19:45,Celtic,Hearts,3,1,H,1,1,D,A Muir,11,5,3,3,6,9,7,3,0,2,0,30.12
SC0,08/03/2023,19:45,Hibernian,Rangers,1,4,A,1,2,A,D Robertson,4,31,1,11,15,5,3,7,2,0,0,30.12
SC0,08/03/2023,19:45,Livingston,Dundee United,1,1,D,1,0,H,M MacDermid,17,6,4,1,10,16,4,6,1,6,0,30.12
SC0,05/03/2023,12:00,St Mirren,Celtic,1,5,A,1,0,H,D Dickinson,1,16,1,8,14,7,0,6,1,0,1,30.12
SC0,04/03/2023,15:00,Hearts,St Johnstone,3,0,H,1,0,H,S McLean,12,15,7,5,7,8,8,7,0,0,0,30.12
SC0,04/03/2023,15:00,Livingston,Hibernian,1,4,A,1,2,A,C Graham,9,12,1,7,10,15,4,3,3,3,1,30.12
SC0,04/03/2023,15:00,Rangers,Kilmarnock,3,1,H,3,0,H,W Collum,21,3,8,2,19,13,7,4,1,2,0,30.12
SC0,04/03/2023,15:00,Ross County,Motherwell,0,2,A,0,0,D,D Robertson,17,13,6,3,14,10,9,4,0,2,1,30.12
SC0,04/03/2023,18:00,Dundee United,Aberdeen,1,3,A,0,0,D,J Beaton,24,9,6,4,10,5,10,5,2,3,0,30.12
SC0,25/02/2023,15:00,Aberdeen,Livingston,1,0,H,1,0,H,D Munro,12,6,2,1,11,11,8,8,0,3,0,30.12
SC0,25/02/2023,15:00,Kilmarnock,Motherwell,1,1,D,1,0,H,A Muir,8,13,3,7,17,15,4,6,3,3,0,30.12
SC0,25/02/2023,15:00,Ross County,Dundee United,4,0,H,2,0,H,S McLean,22,9,11,3,11,10,3,2,2,2,0,30.12
SC0,25/02/2023,15:00,St Johnstone,St Mirren,1,1,D,0,0,D,C Napier,7,21,2,5,8,8,5,2,1,0,1,30.12
SC0,19/02/2023,12:00,Motherwell,Hearts,2,0,H,1,0,H,D Robertson,13,13,3,3,14,8,5,9,1,1,0,30.12
SC0,18/02/2023,15:00,Celtic,Aberdeen,4,0,H,2,0,H,W Collum,20,5,10,0,13,6,8,0,0,0,0,30.12
SC0,18/02/2023,15:00,Dundee United,St Johnstone,1,2,A,0,1,A,K Clancy,19,9,4,5,7,12,11,6,2,2,0,30.12
SC0,18/02/2023,15:00,Hibernian,Kilmarnock,2,0,H,1,0,H,J Beaton,20,9,11,3,12,7,8,4,1,0,0,31.12
SC0,18/02/2023,15:00,Livingston,Rangers,0,3,A,0,1,A,D Dickinson,6,13,1,8,15,8,2,9,2,1,1,30.12
SC0,18/02/2023,15:00,St Mirren,Ross County,1,0,H,1,0,H,G Grainger,19,10,5,2,8,9,10,8,0,1,0,31.12
SC0,15/02/2023,19:45,Motherwell,St Mirren,2,1,H,2,1,H,J Beaton,7,10,4,4,7,20,3,2,2,4,0,30.12
SC0,05/02/2023,12:00,St Johnstone,Celtic,1,4,A,1,3,A,D Dickinson,6,12,2,4,5,11,3,4,2,2,1,30.12
SC0,04/02/2023,15:00,Aberdeen,Motherwell,3,1,H,1,0,H,K Clancy,12,4,7,1,9,18,9,2,4,3,0,30.12
SC0,04/02/2023,15:00,Hearts,Dundee United,3,1,H,0,1,A,N Walsh,19,10,7,2,13,11,10,3,3,2,1,31.12
SC0,04/02/2023,15:00,Livingston,Kilmarnock,3,1,H,3,0,H,C Steven,12,9,7,3,16,13,5,5,2,2,0,30.12
SC0,04/02/2023,15:00,Rangers,Ross County,2,1,H,1,0,H,E Anderson,26,10,7,3,8,9,4,6,4,2,0,30.12
SC0,04/02/2023,15:00,St Mirren,Hibernian,0,1,A,0,0,D,M MacDermid,8,9,3,3,13,6,5,4,1,2,0,30.12
SC0,01/02/2023,19:45,Aberdeen,St Mirren,1,3,A,0,0,D,G Irvine,6,22,2,6,11,11,2,11,4,2,1,30.12
SC0,01/02/2023,19:45,Celtic,Livingston,3,0,H,3,0,H,N Walsh,15,6,5,0,11,5,8,0,1,1,0,30.12
SC0,01/02/2023,19:45,Hearts,Rangers,0,3,A,0,2,A,J Beaton,6,20,2,9,7,11,1,7,3,3,0,30.12
SC0,01/02/2023,19:45,Kilmarnock,Dundee United,1,0,H,1,0,H,M MacDermid,26,7,5,3,9,8,7,2,1,3,0,30.12
SC0,01/02/2023,19:45,Motherwell,St Johnstone,0,2,A,0,1,A,D Robertson,5,12,1,4,15,10,1,3,2,1,0,30.12
SC0,31/01/2023,19:45,Ross County,Hibernian,1,1,D,0,1,A,G Grainger,11,12,2,3,10,11,3,3,3,4,0,30.12
SC0,29/01/2023,13:30,Livingston,Hearts,0,0,D,0,0,D,A Muir,5,8,4,5,16,15,1,5,0,2,0,30.12
SC0,29/01/2023,16:00,Dundee United,Celtic,0,2,A,0,0,D,D Robertson,4,18,2,6,7,12,1,3,2,0,0,30.12
SC0,28/01/2023,15:00,Hibernian,Aberdeen,6,0,H,3,0,H,C Napier,12,11,8,0,17,12,6,9,2,3,0,31.12
SC0,28/01/2023,15:00,Rangers,St Johnstone,2,0,H,1,0,H,W Collum,20,4,11,1,16,11,9,3,3,3,0,31.12
SC0,28/01/2023,15:00,Ross County,Kilmarnock,3,0,H,1,0,H,C Graham,10,18,5,3,19,12,0,5,1,1,0,30.12
SC0,28/01/2023,15:00,St Mirren,Motherwell,1,0,H,1,0,H,J Beaton,9,8,2,2,14,11,6,5,3,2,0,30.12
SC0,18/01/2023,19:45,Celtic,St Mirren,4,0,H,2,0,H,S McLean,17,9,6,3,5,5,8,2,0,0,0,30.12
SC0,18/01/2023,19:45,Hearts,Aberdeen,5,0,H,4,0,H,W Collum,12,9,6,2,18,15,3,8,1,1,0,30.12
SC0,18/01/2023,20:00,Kilmarnock,Rangers,2,3,A,1,1,D,K Clancy,10,13,5,7,12,15,3,4,1,2,1,30.12
SC0,14/01/2023,15:00,Hibernian,Dundee United,2,2,D,1,2,A,C Steven,16,12,6,4,10,8,3,6,2,3,0,30.12
SC0,14/01/2023,15:00,Motherwell,Ross County,1,1,D,0,0,D,D Dickinson,11,12,3,5,15,9,7,3,2,3,0,30.12
SC0,14/01/2023,15:00,St Johnstone,Livingston,2,4,A,0,3,A,J Beaton,15,11,5,5,13,10,5,3,1,1,0,30.12
SC0,13/01/2023,19:45,Hearts,St Mirren,1,0,H,1,0,H,D Munro,12,19,3,4,8,13,5,5,2,4,0,30.12
SC0,08/01/2023,13:30,Motherwell,Hibernian,2,3,A,0,1,A,D Munro,13,10,3,4,12,9,5,2,2,1,0,30.12
SC0,08/01/2023,16:00,Dundee United,Rangers,0,2,A,0,0,D,S McLean,6,20,1,10,4,2,1,7,1,0,0,30.12
SC0,07/01/2023,15:00,Aberdeen,St Johnstone,2,0,H,0,0,D,E Anderson,16,10,7,1,12,11,9,2,0,3,0,30.12
SC0,07/01/2023,15:00,Celtic,Kilmarnock,2,0,H,1,0,H,N Walsh,24,2,10,0,9,11,4,3,0,0,0,30.12
SC0,07/01/2023,15:00,Ross County,Livingston,0,2,A,0,0,D,W Collum,10,12,2,5,8,7,4,4,0,1,0,30.12
SC0,07/01/2023,15:00,St Mirren,Hearts,1,1,D,1,0,H,C Graham,13,10,5,3,18,7,3,4,2,2,1,30.12
SC0,02/01/2023,12:30,Rangers,Celtic,2,2,D,0,1,A,J Beaton,15,8,5,2,11,13,5,4,1,1,0,30.12
SC0,02/01/2023,15:00,Aberdeen,Ross County,0,0,D,0,0,D,M MacDermid,22,7,6,1,5,12,11,1,0,4,0,30.12
SC0,02/01/2023,15:00,Hearts,Hibernian,3,0,H,2,0,H,K Clancy,9,14,5,4,10,14,3,4,2,3,0,30.12
SC0,02/01/2023,15:00,Kilmarnock,St Mirren,0,0,D,0,0,D,G Irvine,12,6,3,0,8,11,6,4,2,3,0,31.12
SC0,02/01/2023,15:00,Livingston,Motherwell,1,1,D,1,1,D,D Munro,11,16,6,5,8,15,5,4,3,2,0,30.12
SC0,02/01/2023,15:00,St Johnstone,Dundee United,0,1,A,0,0,D,G Grainger,8,10,2,2,13,8,3,2,3,1,0,30.12
SC0,28/12/2022,19:45,Dundee United,Ross County,3,0,H,1,0,H,C Graham,11,8,6,0,12,10,3,2,2,0,0,31.12
SC0,28/12/2022,19:45,Kilmarnock,Aberdeen,2,1,H,2,0,H,D Robertson,17,9,4,2,12,11,2,6,2,2,0,30.12
SC0,28/12/2022,19:45,Livingston,St Mirren,1,1,D,0,0,D,S McLean,8,16,3,4,8,17,4,5,1,2,1,31.12
SC0,28/12/2022,19:45,Rangers,Motherwell,3,0,H,2,0,H,D Dickinson,19,6,10,2,8,14,7,7,2,3,0,30.12
SC0,28/12/2022,19:45,St Johnstone,Hearts,2,3,A,0,2,A,W Collum,15,16,3,3,14,7,4,11,4,1,0,30.12
SC0,28/12/2022,20:00,Hibernian,Celtic,0,4,A,0,2,A,A Muir,6,20,1,7,9,7,5,14,0,0,0,30.12
SC0,24/12/2022,12:30,Celtic,St Johnstone,4,1,H,3,0,H,K Clancy,20,7,10,3,12,4,9,1,2,1,1,30.12
SC0,24/12/2022,12:30,St Mirren,Aberdeen,3,1,H,1,1,D,N Walsh,16,11,4,5,16,8,8,5,4,1,0,31.12
SC0,24/12/2022,14:00,Dundee United,Hearts,2,2,D,1,1,D,C Steven,11,14,6,3,15,8,6,9,4,2,0,30.12
SC0,24/12/2022,14:00,Hibernian,Livingston,4,0,H,3,0,H,C Napier,27,8,11,3,13,14,9,1,2,4,0,31.12
SC0,23/12/2022,19:30,Ross County,Rangers,0,1,A,0,1,A,D Robertson,6,17,1,6,17,6,0,4,2,1,0,30.12
SC0,23/12/2022,19:45,Motherwell,Kilmarnock,2,2,D,1,0,H,J Beaton,15,3,4,2,15,12,13,1,2,0,0,31.12
SC0,21/12/2022,19:45,Celtic,Livingston,2,1,H,2,1,H,E Anderson,23,3,10,2,10,8,10,1,2,3,0,30.12
SC0,20/12/2022,20:00,Aberdeen,Rangers,2,3,A,1,1,D,W Collum,8,14,2,8,8,13,3,5,5,5,0,30.12
SC0,17/12/2022,12:30,Aberdeen,Celtic,0,1,A,0,0,D,S McLean,2,33,0,10,8,8,0,7,1,0,0,30.12
SC0,17/12/2022,15:00,Hearts,Kilmarnock,3,1,H,2,0,H,W Collum,13,14,5,5,17,17,7,2,1,1,0,30.12
SC0,17/12/2022,15:00,Ross County,St Johnstone,1,2,A,1,0,H,G Grainger,3,21,1,7,9,8,0,6,1,1,1,30.12
SC0,15/12/2022,20:00,Rangers,Hibernian,3,2,H,1,2,A,N Walsh,22,8,9,5,10,10,8,4,1,3,0,30.12
SC0,12/11/2022,12:30,St Mirren,Rangers,1,1,D,0,0,D,K Clancy,10,14,3,4,13,11,6,5,2,1,0,30.12
SC0,12/11/2022,15:00,Celtic,Ross County,2,1,H,0,0,D,D Munro,22,2,7,2,14,5,9,0,1,4,0,30.12
SC0,12/11/2022,15:00,Hearts,Livingston,1,1,D,0,0,D,C Napier,15,18,6,7,9,10,11,6,1,1,1,30.12
SC0,12/11/2022,15:00,Kilmarnock,Hibernian,1,0,H,0,0,D,D Dickinson,6,15,1,1,12,13,0,5,2,3,0,30.12
SC0,12/11/2022,15:00,St Johnstone,Motherwell,1,1,D,1,1,D,N Walsh,10,12,3,3,11,20,8,4,2,4,0,30.12
SC0,12/11/2022,18:00,Aberdeen,Dundee United,1,0,H,1,0,H,W Collum,9,6,2,2,11,12,3,3,1,0,0,30.12
SC0,09/11/2022,19:45,Dundee United,Kilmarnock,4,0,H,3,0,H,G Irvine,7,16,6,0,13,7,3,4,0,1,0,30.12
SC0,09/11/2022,19:45,Motherwell,Celtic,1,2,A,0,1,A,W Collum,7,16,2,3,7,11,5,10,2,1,0,30.12
SC0,09/11/2022,19:45,Rangers,Hearts,1,0,H,0,0,D,J Beaton,17,7,6,0,9,7,7,5,3,1,0,30.12
SC0,09/11/2022,19:45,St Mirren,St Johnstone,2,2,D,1,1,D,E Anderson,11,8,4,2,9,7,6,3,4,3,0,31.12
SC0,08/11/2022,19:45,Hibernian,Ross County,0,2,A,0,1,A,A Muir,21,6,4,3,10,19,4,3,1,3,0,30.12
SC0,08/11/2022,19:45,Livingston,Aberdeen,2,1,H,2,0,H,N Walsh,8,24,3,10,11,9,7,8,4,3,0,30.12
SC0,06/11/2022,12:00,St Johnstone,Rangers,2,1,H,1,0,H,S McLean,11,29,3,7,7,13,0,20,2,0,0,30.12
SC0,06/11/2022,15:00,Hearts,Motherwell,3,2,H,1,0,H,K Clancy,15,18,7,5,8,15,6,11,2,3,1,30.12
SC0,05/11/2022,15:00,Celtic,Dundee United,4,2,H,2,1,H,D Dickinson,24,6,12,3,9,9,11,2,3,2,0,30.12
SC0,05/11/2022,15:00,Ross County,St Mirren,3,2,H,1,2,A,J Beaton,10,11,4,4,9,13,7,5,2,3,0,30.12
SC0,04/11/2022,19:30,Aberdeen,Hibernian,4,1,H,1,0,H,D Munro,7,17,6,6,10,7,5,4,2,2,0,30.12
SC0,04/11/2022,19:45,Kilmarnock,Livingston,2,3,A,2,1,H,C Steven,13,10,4,4,13,12,5,4,3,3,0,30.12
SC0,30/10/2022,12:00,Livingston,Celtic,0,3,A,0,1,A,W Collum,4,16,2,6,15,15,0,4,2,3,0,30.12
SC0,30/10/2022,15:00,Ross County,Hearts,1,2,A,1,2,A,D Dickinson,15,12,7,3,11,4,6,1,3,2,0,30.12
SC0,29/10/2022,15:00,Dundee United,Motherwell,0,1,A,0,1,A,J Beaton,10,9,3,2,13,14,10,5,0,1,1,30.12
SC0,29/10/2022,15:00,Hibernian,St Mirren,3,0,H,1,0,H,D Robertson,16,11,4,3,12,16,6,6,2,3,0,30.12
SC0,29/10/2022,15:00,Rangers,Aberdeen,4,1,H,2,1,H,N Walsh,36,5,13,1,9,12,13,4,0,3,0,30.12
SC0,29/10/2022,15:00,St Johnstone,Kilmarnock,1,0,H,1,0,H,C Napier,8,7,2,2,15,10,3,6,5,1,0,30.12
SC0,22/10/2022,12:30,Hearts,Celtic,3,4,A,1,1,D,N Walsh,15,11,7,6,9,15,3,6,2,1,0,30.12
SC0,22/10/2022,15:00,Kilmarnock,Ross County,1,0,H,1,0,H,C Steven,11,10,6,4,9,9,5,7,2,2,0,30.12
SC0,22/10/2022,15:00,Motherwell,Aberdeen,1,2,A,0,1,A,E Anderson,12,7,4,3,14,8,4,0,3,2,0,30.12
SC0,22/10/2022,15:00,Rangers,Livingston,1,1,D,0,1,A,D Munro,24,5,3,1,9,12,14,1,2,2,0,31.12
SC0,22/10/2022,15:00,St Mirren,Dundee United,2,1,H,1,0,H,G Irvine,15,10,2,3,19,5,6,6,1,1,0,30.12
SC0,21/10/2022,19:30,Hibernian,St Johnstone,1,2,A,1,0,H,K Clancy,15,7,5,5,17,10,1,1,4,1,1,30.12
SC0,16/10/2022,12:00,Motherwell,Rangers,1,2,A,0,0,D,D Dickinson,5,7,2,4,15,18,3,3,3,4,0,30.12
SC0,16/10/2022,15:00,Aberdeen,Hearts,2,0,H,0,0,D,D Robertson,16,13,5,3,11,16,4,1,3,3,0,30.12
SC0,15/10/2022,15:00,Celtic,Hibernian,6,1,H,3,0,H,S McLean,20,9,9,5,17,7,7,2,1,0,0,30.12
SC0,15/10/2022,15:00,Livingston,St Johnstone,1,0,H,1,0,H,K Clancy,14,10,4,3,20,18,8,2,3,3,0,30.12
SC0,15/10/2022,15:00,Ross County,Dundee United,1,1,D,1,0,H,C Napier,6,14,1,3,12,11,4,10,1,0,0,30.12
SC0,15/10/2022,15:00,St Mirren,Kilmarnock,0,0,D,0,0,D,C Graham,14,14,3,4,20,12,6,8,3,2,0,30.12
SC0,11/10/2022,19:45,Dundee United,Hibernian,1,0,H,1,0,H,E Anderson,9,18,1,7,11,13,5,10,5,2,0,30.12
SC0,09/10/2022,15:00,Kilmarnock,Hearts,2,2,D,0,0,D,M MacDermid,14,11,6,5,21,13,6,3,2,1,0,30.12
SC0,08/10/2022,12:30,St Johnstone,Celtic,1,2,A,0,1,A,E Anderson,8,11,3,4,14,10,2,8,3,3,0,30.12
SC0,08/10/2022,15:00,Hibernian,Motherwell,1,0,H,0,0,D,G Irvine,14,9,5,1,16,10,3,7,2,4,0,31.12
SC0,08/10/2022,15:00,Livingston,Ross County,0,1,A,0,0,D,G Grainger,22,5,3,1,10,18,9,2,0,3,0,30.12
SC0,08/10/2022,15:00,Rangers,St Mirren,4,0,H,2,0,H,N Walsh,19,9,8,3,10,10,8,5,0,2,0,30.12
SC0,08/10/2022,18:00,Dundee United,Aberdeen,4,0,H,2,0,H,W Collum,14,14,8,1,9,13,5,1,2,1,0,30.12
SC0,05/10/2022,19:45,Kilmarnock,St Johnstone,2,1,H,1,0,H,A Muir,11,15,2,5,16,16,5,5,0,3,0,30.12
SC0,04/10/2022,19:45,Ross County,Motherwell,0,5,A,0,1,A,C Graham,9,11,1,6,16,13,4,3,3,2,0,30.12
SC0,01/10/2022,12:30,Hearts,Rangers,0,4,A,0,2,A,S McLean,7,20,1,7,11,12,5,7,1,2,1,30.12
SC0,01/10/2022,15:00,Aberdeen,Kilmarnock,4,1,H,3,1,H,K Clancy,16,7,8,3,12,11,5,5,1,2,0,30.12
SC0,01/10/2022,15:00,Celtic,Motherwell,2,1,H,1,1,D,J Beaton,17,7,6,2,10,9,7,4,1,4,1,30.12
SC0,01/10/2022,15:00,Dundee United,St Johnstone,1,2,A,0,2,A,D Munro,19,12,6,3,11,11,9,0,5,3,0,30.12
SC0,01/10/2022,15:00,Ross County,Hibernian,0,2,A,0,0,D,A Muir,9,24,2,9,13,14,6,11,1,0,0,30.12
SC0,01/10/2022,15:00,St Mirren,Livingston,2,1,H,0,0,D,C Napier,8,10,3,3,16,11,6,7,3,1,1,30.12
SC0,18/09/2022,12:00,St Mirren,Celtic,2,0,H,1,0,H,D Robertson,4,18,2,4,15,11,6,7,3,2,0,30.12
SC0,18/09/2022,15:00,Motherwell,Hearts,0,3,A,0,1,A,N Walsh,25,10,5,6,12,13,6,2,3,2,0,30.12
SC0,17/09/2022,15:00,Hibernian,Aberdeen,3,1,H,1,1,D,D Dickinson,25,5,8,1,19,14,10,2,2,4,0,31.12
SC0,17/09/2022,15:00,Livingston,Kilmarnock,1,0,H,1,0,H,G Irvine,9,3,1,1,14,12,5,4,1,2,0,30.12
SC0,17/09/2022,15:00,Rangers,Dundee United,2,1,H,1,0,H,K Clancy,17,10,6,5,10,8,7,4,3,2,0,30.12
SC0,17/09/2022,15:00,St Johnstone,Ross County,0,0,D,0,0,D,M MacDermid,15,9,1,1,9,12,5,3,4,2,0,30.12
SC0,03/09/2022,12:30,Celtic,Rangers,4,0,H,3,0,H,N Walsh,15,11,6,2,12,11,3,4,3,3,0,30.12
SC0,03/09/2022,15:00,Hibernian,Kilmarnock,1,0,H,1,0,H,J Beaton,25,7,8,1,12,10,7,3,2,3,0,31.12
SC0,03/09/2022,15:00,Livingston,Hearts,1,0,H,1,0,H,W Collum,12,6,6,0,13,13,3,3,4,2,0,30.12
SC0,03/09/2022,15:00,Motherwell,Dundee United,0,0,D,0,0,D,C Napier,21,11,5,3,16,15,3,6,2,1,0,30.12
SC0,03/09/2022,15:00,Ross County,Aberdeen,1,1,D,0,0,D,K Clancy,11,11,2,5,8,5,3,13,0,2,0,30.12
SC0,03/09/2022,15:00,St Johnstone,St Mirren,3,0,H,1,0,H,C Steven,9,10,4,2,4,15,1,9,2,5,0,30.12
SC0,28/08/2022,12:00,Dundee United,Celtic,0,9,A,0,4,A,S McLean,6,30,2,13,6,7,2,11,1,0,0,30.12
SC0,28/08/2022,15:00,Hearts,St Johnstone,3,2,H,2,1,H,J Beaton,27,9,6,5,9,13,3,4,0,4,0,30.12
SC0,27/08/2022,15:00,Aberdeen,Livingston,5,0,H,1,0,H,C Steven,20,7,6,3,2,11,8,3,0,4,0,31.12
SC0,27/08/2022,15:00,Kilmarnock,Motherwell,2,1,H,0,1,A,E Anderson,21,10,4,6,11,20,8,4,2,1,0,30.12
SC0,27/08/2022,15:00,Rangers,Ross County,4,0,H,2,0,H,D Robertson,31,4,13,0,10,10,7,1,2,2,0,30.12
SC0,27/08/2022,15:00,St Mirren,Hibernian,1,0,H,1,0,H,G Grainger,14,14,2,1,8,12,4,10,1,3,0,30.12
SC0,21/08/2022,15:00,Celtic,Hearts,2,0,H,1,0,H,K Clancy,15,4,7,0,11,12,4,6,0,3,0,1.1
SC0,20/08/2022,12:30,Hibernian,Rangers,2,2,D,0,1,A,W Collum,14,9,5,2,19,7,5,3,4,2,0,1.1
SC0,20/08/2022,15:00,Dundee United,St Mirren,0,3,A,0,1,A,M MacDermid,13,12,3,5,10,17,6,7,3,2,0,30.12
SC0,20/08/2022,15:00,Motherwell,Livingston,1,0,H,0,0,D,N Walsh,13,5,2,1,15,16,2,1,1,0,0,31.12
SC0,20/08/2022,15:00,Ross County,Kilmarnock,1,0,H,0,0,D,D Munro,8,14,5,2,15,16,1,7,3,4,1,30.12
SC0,20/08/2022,15:00,St Johnstone,Aberdeen,0,1,A,0,0,D,C Napier,7,15,1,4,18,12,5,5,5,0,0,30.12
SC0,14/08/2022,12:00,Kilmarnock,Celtic,0,5,A,0,3,A,D Dickinson,12,20,3,11,18,11,2,8,4,2,0,30.12
SC0,14/08/2022,15:00,Hearts,Dundee United,4,1,H,1,0,H,C Steven,13,10,12,2,8,11,3,2,0,4,0,30.12
SC0,13/08/2022,15:00,Aberdeen,Motherwell,2,3,A,1,1,D,C Graham,14,19,3,6,9,10,5,12,1,2,0,30.12
SC0,13/08/2022,15:00,Livingston,Hibernian,2,1,H,1,0,H,C Napier,12,23,6,5,15,10,3,14,1,2,0,30.12
SC0,13/08/2022,15:00,Rangers,St Johnstone,4,0,H,1,0,H,N Walsh,24,4,8,1,9,10,9,1,1,2,0,30.12
SC0,13/08/2022,15:00,St Mirren,Ross County,1,0,H,0,0,D,G Irvine,8,5,2,1,10,10,6,5,1,1,0,30.12
SC0,07/08/2022,12:00,Hibernian,Hearts,1,1,D,0,1,A,J Beaton,12,12,3,6,18,13,7,9,3,1,0,30.12
SC0,07/08/2022,15:00,Dundee United,Livingston,0,1,A,0,0,D,S McLean,10,11,3,4,11,14,9,4,2,3,0,30.12
SC0,06/08/2022,15:00,Aberdeen,St Mirren,4,1,H,3,0,H,A Muir,23,6,10,1,12,15,4,4,1,2,0,31.12
SC0,06/08/2022,15:00,Motherwell,St Johnstone,1,2,A,0,1,A,W Collum,12,10,2,3,17,9,4,6,1,3,0,30.12
SC0,06/08/2022,15:00,Rangers,Kilmarnock,2,0,H,0,0,D,K Clancy,18,4,4,0,13,17,8,3,0,6,0,30.12
SC0,06/08/2022,15:00,Ross County,Celtic,1,3,A,0,0,D,D Robertson,5,23,2,7,10,4,3,12,4,2,0,30.12
SC0,31/07/2022,15:00,St Mirren,Motherwell,0,1,A,0,1,A,J Beaton,19,9,6,2,9,11,8,2,4,4,0,31.12
SC0,31/07/2022,16:30,Celtic,Aberdeen,2,0,H,1,0,H,N Walsh,21,5,9,3,11,12,9,3,1,2,0,30.12
SC0,30/07/2022,12:00,Livingston,Rangers,1,2,A,1,0,H,D Robertson,5,21,2,6,17,15,0,8,3,4,0,30.12
SC0,30/07/2022,15:00,Hearts,Ross County,2,1,H,0,0,D,D Dickinson,15,12,4,3,6,15,4,2,1,2,0,30.12
SC0,30/07/2022,15:00,Kilmarnock,Dundee United,1,1,D,0,1,A,W Collum,18,7,5,5,11,11,4,4,2,0,0,31.12
SC0,30/07/2022,15:00,St Johnstone,Hibernian,0,1,A,0,0,D,E Anderson,4,14,1,1,12,15,3,9,2,4,1,30.12
SC0,15/05/2022,12:00,Aberdeen,St Mirren,0,0,D,0,0,D,D Robertson,18,6,5,1,13,14,11,1,1,2,0,30.12
SC0,15/05/2022,12:00,Hibernian,St Johnstone,4,0,H,1,0,H,D Dickinson,14,11,6,4,11,11,4,6,1,2,0,30.12
SC0,15/05/2022,12:00,Livingston,Dundee,2,1,H,0,0,D,J Beaton,18,19,5,4,8,10,10,8,1,2,0,30.12
SC0,14/05/2022,12:15,Celtic,Motherwell,6,0,H,3,0,H,A Muir,15,6,8,1,16,6,15,3,0,1,0,30.12
SC0,14/05/2022,12:15,Hearts,Rangers,1,3,A,1,2,A,K Clancy,9,12,3,6,6,10,6,3,1,2,0,30.12
SC0,14/05/2022,12:15,Ross County,Dundee United,1,2,A,0,0,D,N Walsh,10,16,4,4,10,9,2,5,1,0,0,30.12
SC0,11/05/2022,19:30,Dundee United,Celtic,1,1,D,0,0,D,N Walsh,10,13,2,2,3,11,1,10,0,1,0,30.12
SC0,11/05/2022,19:45,Motherwell,Hearts,2,1,H,1,1,D,M MacDermid,8,15,3,5,14,6,3,6,1,0,0,30.12
SC0,11/05/2022,19:45,Rangers,Ross County,4,1,H,2,0,H,A Dallas,33,3,8,1,5,11,8,1,0,3,0,30.12
SC0,11/05/2022,19:45,St Johnstone,Aberdeen,1,0,H,1,0,H,D Munro,9,9,2,2,17,15,6,3,5,2,0,30.12
SC0,11/05/2022,19:45,St Mirren,Livingston,0,0,D,0,0,D,K Clancy,10,10,1,3,14,10,6,4,1,3,0,30.12
SC0,10/05/2022,19:45,Dundee,Hibernian,3,1,H,1,1,D,C Napier,14,16,9,6,15,13,4,6,2,3,0,30.12
SC0,08/05/2022,15:00,Rangers,Dundee United,2,0,H,0,0,D,S McLean,20,3,5,0,7,8,8,1,1,2,0,30.12
SC0,07/05/2022,12:00,Celtic,Hearts,4,1,H,2,1,H,D Robertson,21,6,12,3,17,8,3,3,0,2,0,30.12
SC0,07/05/2022,15:00,Hibernian,Aberdeen,1,1,D,0,0,D,B Madden,17,8,5,2,12,11,10,4,0,1,0,30.12
SC0,07/05/2022,15:00,Livingston,St Johnstone,1,1,D,0,0,D,W Collum,11,8,3,5,16,17,3,2,1,2,0,30.12
SC0,07/05/2022,15:00,Ross County,Motherwell,0,1,A,0,0,D,D Munro,14,9,4,2,12,10,13,5,2,3,0,30.12
SC0,07/05/2022,15:00,St Mirren,Dundee,2,0,H,1,0,H,D Dickinson,14,12,5,1,17,7,11,6,4,1,0,30.12
SC0,01/05/2022,12:00,Celtic,Rangers,1,1,D,1,0,H,J Beaton,9,14,1,5,14,9,2,7,3,4,0,30.12
SC0,30/04/2022,15:00,Aberdeen,Dundee,1,0,H,0,0,D,W Collum,19,11,5,4,10,16,6,6,1,1,0,30.12
SC0,30/04/2022,15:00,Dundee United,Motherwell,1,0,H,1,0,H,K Clancy,8,12,3,2,11,19,8,4,3,3,0,30.12
SC0,30/04/2022,15:00,Hearts,Ross County,0,0,D,0,0,D,S McLean,17,6,3,3,7,15,7,1,0,4,0,30.12
SC0,30/04/2022,15:00,Livingston,Hibernian,1,0,H,0,0,D,C Graham,9,18,3,0,13,18,5,9,3,2,0,30.12
SC0,30/04/2022,15:00,St Johnstone,St Mirren,0,1,A,0,0,D,A Dallas,5,12,0,3,12,13,6,5,1,2,0,30.12
SC0,24/04/2022,14:30,Ross County,Celtic,0,2,A,0,1,A,K Clancy,6,22,1,5,13,9,2,11,2,0,0,30.12
SC0,24/04/2022,15:00,Dundee United,Hearts,2,3,A,1,1,D,C Steven,11,20,6,7,8,10,5,9,2,4,0,30.12
SC0,23/04/2022,12:00,Motherwell,Rangers,1,3,A,1,1,D,N Walsh,8,9,2,5,13,14,5,2,3,1,0,31.12
SC0,23/04/2022,15:00,Aberdeen,Livingston,1,2,A,0,1,A,G Irvine,18,9,5,4,12,11,12,6,3,2,1,30.12
SC0,23/04/2022,15:00,Dundee,St Johnstone,1,1,D,1,0,H,B Madden,10,18,1,5,16,13,4,7,1,2,0,30.12
SC0,23/04/2022,15:00,St Mirren,Hibernian,0,1,A,0,0,D,E Anderson,11,7,2,2,9,16,5,3,1,2,0,30.12
SC0,10/04/2022,12:00,St Mirren,Rangers,0,4,A,0,2,A,J Beaton,7,22,3,8,9,3,4,5,1,0,0,30.12
SC0,09/04/2022,15:00,Aberdeen,Ross County,0,1,A,0,0,D,G Aitken,15,4,2,1,11,14,3,1,2,3,0,30.12
SC0,09/04/2022,15:00,Celtic,St Johnstone,7,0,H,3,0,H,A Dallas,23,1,10,0,3,5,7,2,0,0,0,30.12
SC0,09/04/2022,15:00,Dundee United,Dundee,2,2,D,1,0,H,S McLean,11,13,3,7,16,12,1,5,3,2,0,30.12
SC0,09/04/2022,15:00,Hearts,Hibernian,3,1,H,1,1,D,N Walsh,15,8,4,1,11,13,5,1,1,3,0,30.12
SC0,09/04/2022,15:00,Livingston,Motherwell,2,2,D,1,0,H,D Robertson,12,6,4,2,7,18,6,6,1,2,0,30.12
SC0,03/04/2022,12:00,Rangers,Celtic,1,2,A,1,2,A,W Collum,16,11,6,5,7,13,4,4,1,4,0,30.12
SC0,02/04/2022,15:00,Dundee,Aberdeen,2,2,D,0,1,A,J Beaton,13,21,5,8,11,17,2,7,1,1,0,30.12
SC0,02/04/2022,15:00,Hibernian,Dundee United,1,1,D,1,1,D,D Robertson,21,6,4,1,13,10,7,4,1,2,0,30.12
SC0,02/04/2022,15:00,Motherwell,St Mirren,4,2,H,3,2,H,C Napier,13,10,6,4,12,10,8,6,0,1,0,30.12
SC0,02/04/2022,15:00,Ross County,Hearts,1,1,D,1,1,D,G Duncan,18,19,5,4,16,13,6,4,3,1,0,30.12
SC0,02/04/2022,15:00,St Johnstone,Livingston,1,0,H,1,0,H,K Clancy,6,11,3,4,10,13,1,6,2,3,0,30.12
SC0,20/03/2022,12:00,Dundee,Rangers,1,2,A,1,0,H,B Madden,3,19,1,8,17,10,1,8,3,1,0,30.12
SC0,19/03/2022,15:00,Aberdeen,Hibernian,3,1,H,1,1,D,A Muir,14,7,5,2,17,14,4,5,2,4,0,31.12
SC0,19/03/2022,15:00,Celtic,Ross County,4,0,H,3,0,H,D Robertson,24,3,10,1,9,10,16,5,0,1,0,31.12
SC0,19/03/2022,15:00,Hearts,Livingston,2,0,H,1,0,H,E Anderson,14,6,5,2,8,11,6,5,0,4,0,30.12
SC0,19/03/2022,15:00,St Johnstone,Motherwell,2,1,H,1,1,D,D Munro,8,7,2,4,14,11,3,6,3,2,0,30.12
SC0,19/03/2022,15:00,St Mirren,Dundee United,1,2,A,1,0,H,N Walsh,10,14,1,5,8,8,11,9,3,0,1,30.12
SC0,09/03/2022,19:45,Dundee,St Mirren,0,1,A,0,0,D,J Beaton,7,12,1,3,8,10,5,4,0,2,0,30.12
SC0,06/03/2022,12:00,Livingston,Celtic,1,3,A,0,1,A,N Walsh,6,24,3,7,15,13,5,8,3,1,0,30.12
SC0,05/03/2022,15:00,Dundee United,Hearts,2,2,D,0,1,A,W Collum,8,14,2,3,14,7,2,5,4,2,0,30.12
SC0,05/03/2022,15:00,Hibernian,St Johnstone,0,0,D,0,0,D,C Napier,13,5,3,0,15,16,9,3,3,3,0,30.12
SC0,05/03/2022,15:00,Motherwell,Dundee,1,1,D,1,1,D,A Dallas,16,11,5,3,11,10,3,3,0,2,0,30.12
SC0,05/03/2022,15:00,Rangers,Aberdeen,1,0,H,0,0,D,J Beaton,20,2,2,0,12,16,11,2,1,3,0,30.12
SC0,05/03/2022,15:00,Ross County,St Mirren,1,0,H,0,0,D,D Dickinson,7,8,2,2,15,9,2,3,0,1,0,30.12
SC0,02/03/2022,19:45,Celtic,St Mirren,2,0,H,0,0,D,E Anderson,21,4,6,1,9,7,9,0,2,2,0,30.12
SC0,02/03/2022,19:45,Dundee,Hibernian,0,0,D,0,0,D,D Munro,5,12,1,4,8,12,3,8,2,3,0,31.12
SC0,02/03/2022,19:45,Hearts,Aberdeen,2,0,H,1,0,H,S McLean,13,7,4,4,15,11,6,1,1,1,0,30.12
SC0,02/03/2022,19:45,Livingston,Dundee United,2,1,H,1,1,D,C Steven,21,8,5,2,12,11,3,2,0,1,0,30.12
SC0,02/03/2022,19:45,Motherwell,Ross County,0,1,A,0,1,A,J Beaton,17,6,4,3,12,14,6,1,0,1,0,30.12
SC0,02/03/2022,19:45,St Johnstone,Rangers,0,1,A,0,1,A,W Collum,3,12,1,3,9,10,2,1,1,1,0,30.12
SC0,27/02/2022,12:00,Hibernian,Celtic,0,0,D,0,0,D,K Clancy,2,13,0,3,9,16,3,9,5,2,0,30.12
SC0,27/02/2022,15:00,Rangers,Motherwell,2,2,D,2,0,H,D Robertson,30,5,10,3,8,16,15,1,2,3,0,30.12
SC0,26/02/2022,15:00,Aberdeen,Dundee United,1,1,D,1,1,D,D Munro,13,6,5,3,10,17,3,3,2,2,0,30.12
SC0,26/02/2022,15:00,Dundee,Livingston,0,4,A,0,3,A,B Madden,9,17,1,6,11,13,5,4,2,0,0,30.12
SC0,26/02/2022,15:00,Ross County,St Johnstone,3,1,H,1,1,D,N Walsh,6,15,3,3,11,13,5,8,1,2,0,30.12
SC0,26/02/2022,15:00,St Mirren,Hearts,0,2,A,0,0,D,G Aitken,6,19,0,9,5,11,8,9,2,4,1,30.12
SC0,20/02/2022,12:00,Dundee United,Rangers,1,1,D,1,0,H,B Madden,5,29,2,3,12,6,6,11,3,1,0,30.12
SC0,20/02/2022,15:00,Celtic,Dundee,3,2,H,2,1,H,G Duncan,19,4,6,2,9,7,11,2,1,1,0,30.12
SC0,19/02/2022,15:00,Hibernian,Ross County,2,0,H,0,0,D,S McLean,15,4,6,3,14,13,7,4,3,4,0,30.12
SC0,19/02/2022,15:00,Livingston,St Mirren,1,1,D,0,0,D,W Collum,14,4,2,1,14,15,5,1,2,0,0,31.12
SC0,19/02/2022,15:00,Motherwell,Aberdeen,1,1,D,0,1,A,N Walsh,20,6,4,5,15,19,9,3,4,3,0,30.12
SC0,19/02/2022,15:00,St Johnstone,Hearts,2,1,H,1,1,D,G Irvine,14,13,4,5,11,9,6,8,2,0,0,30.12
SC0,15/02/2022,19:45,Aberdeen,St Johnstone,1,1,D,0,1,A,G Duncan,20,7,9,2,10,18,7,4,1,2,0,30.12
SC0,09/02/2022,19:45,Aberdeen,Celtic,2,3,A,0,2,A,W Collum,8,12,4,5,11,17,1,3,2,1,0,30.12
SC0,09/02/2022,19:45,Dundee United,Motherwell,2,0,H,1,0,H,A Muir,8,17,2,2,14,15,3,5,0,2,0,30.12
SC0,09/02/2022,19:45,Hearts,Dundee,1,2,A,1,0,H,C Steven,17,12,9,3,9,9,9,4,0,3,0,30.12
SC0,09/02/2022,19:45,Rangers,Hibernian,2,0,H,1,0,H,N Walsh,18,12,4,4,14,15,7,8,3,2,30.12,30.12
SC0,09/02/2022,19:45,Ross County,Livingston,1,1,D,0,0,D,D Munro,9,17,4,4,12,11,8,6,2,3,0,30.12
SC0,09/02/2022,19:45,St Mirren,St Johnstone,2,1,H,1,1,D,D Dickinson,13,9,4,4,6,14,5,5,2,3,0,30.12
SC0,06/02/2022,13:30,Motherwell,Celtic,0,4,A,0,3,A,J Beaton,7,18,1,10,17,13,4,10,3,1,0,30.12
SC0,06/02/2022,16:00,Rangers,Hearts,5,0,H,1,0,H,W Collum,22,9,11,3,12,12,4,3,2,2,0,30.12
SC0,05/02/2022,15:00,Dundee,Ross County,1,2,A,1,1,D,D Robertson,11,10,3,6,17,10,7,6,2,4,1,30.12
SC0,05/02/2022,15:00,Hibernian,St Mirren,0,1,A,0,0,D,G Aitken,17,9,6,4,11,12,8,2,2,1,0,30.12
SC0,05/02/2022,15:00,Livingston,Aberdeen,2,1,H,1,0,H,K Clancy,8,14,4,6,24,10,7,5,6,4,1,30.12
SC0,05/02/2022,15:00,St Johnstone,Dundee United,0,0,D,0,0,D,C Steven,7,14,2,3,8,9,7,13,1,2,1,30.12
SC0,02/02/2022,19:45,Celtic,Rangers,3,0,H,3,0,H,B Madden,11,9,7,2,14,10,10,2,2,3,0,30.12
SC0,01/02/2022,19:45,Dundee,Dundee United,0,0,D,0,0,D,J Beaton,12,11,5,0,16,14,11,6,1,0,0,30.12
SC0,01/02/2022,19:45,Hibernian,Hearts,0,0,D,0,0,D,D Robertson,11,12,2,4,13,13,3,5,2,3,0,30.12
SC0,01/02/2022,19:45,Livingston,St Johnstone,1,2,A,1,1,D,C Napier,13,10,2,5,13,14,4,6,3,2,1,30.12
SC0,01/02/2022,19:45,Ross County,Aberdeen,1,1,D,0,0,D,A Muir,5,19,2,7,22,21,2,5,5,3,0,30.12
SC0,01/02/2022,19:45,St Mirren,Motherwell,1,1,D,0,0,D,E Anderson,7,14,3,7,7,15,6,1,0,1,0,30.12
SC0,29/01/2022,12:30,Ross County,Rangers,3,3,D,2,1,H,N Walsh,6,26,4,12,10,7,4,8,3,0,0,30.12
SC0,29/01/2022,15:00,Celtic,Dundee United,1,0,H,0,0,D,E Anderson,21,7,8,0,10,7,14,2,1,2,1,30.12
SC0,29/01/2022,15:00,Hearts,Motherwell,2,0,H,1,0,H,C Napier,11,8,5,2,12,16,5,2,1,2,0,30.12
SC0,29/01/2022,15:00,Hibernian,Livingston,2,3,A,2,1,H,G Irvine,11,19,5,9,11,8,4,4,1,1,0,30.12
SC0,26/01/2022,19:45,Dundee United,Ross County,2,1,H,0,0,D,D Munro,24,16,5,5,10,14,6,6,1,4,0,30.12
SC0,26/01/2022,19:45,Hearts,Celtic,1,2,A,0,2,A,J Beaton,8,20,1,8,14,12,4,10,3,3,0,30.12
SC0,26/01/2022,19:45,Motherwell,Hibernian,0,0,D,0,0,D,A Dallas,9,4,2,0,14,14,4,5,2,2,1,30.12
SC0,26/01/2022,19:45,Rangers,Livingston,1,0,H,0,0,D,D Robertson,18,6,6,2,11,9,10,4,1,2,0,30.12
SC0,26/01/2022,19:45,St Johnstone,Dundee,0,0,D,0,0,D,B Madden,9,10,4,2,14,12,8,2,1,1,0,30.12
SC0,25/01/2022,19:45,St Mirren,Aberdeen,1,0,H,0,0,D,G Irvine,4,11,1,0,8,13,4,4,1,1,0,30.12
SC0,18/01/2022,19:45,Aberdeen,Rangers,1,1,D,0,1,A,K Clancy,15,7,3,4,7,21,6,4,4,3,0,31.12
SC0,18/01/2022,19:45,Dundee United,St Mirren,1,2,A,0,1,A,A Muir,16,11,4,3,17,10,8,8,3,1,0,30.12
SC0,18/01/2022,19:45,Hearts,St Johnstone,2,0,H,0,0,D,N Walsh,16,14,8,6,9,11,4,2,2,3,0,30.12
SC0,18/01/2022,19:45,Livingston,Dundee,2,0,H,0,0,D,D Dickinson,13,9,5,4,10,12,4,9,3,3,0,30.12
SC0,18/01/2022,19:45,Ross County,Motherwell,3,1,H,1,0,H,J Beaton,5,13,2,3,14,9,5,6,1,2,1,30.12
SC0,17/01/2022,19:45,Celtic,Hibernian,2,0,H,2,0,H,W Collum,21,5,5,0,14,9,8,1,1,2,0,30.12
SC0,26/12/2021,12:30,St Johnstone,Celtic,1,3,A,0,2,A,B Madden,5,25,1,10,11,9,3,9,2,1,0,30.12
SC0,26/12/2021,15:00,Aberdeen,Dundee,2,1,H,1,1,D,N Walsh,19,2,3,2,8,19,9,2,0,3,0,30.12
SC0,26/12/2021,15:00,Dundee United,Hibernian,1,3,A,0,1,A,W Collum,8,17,3,5,5,9,6,6,2,2,0,30.12
SC0,26/12/2021,15:00,Hearts,Ross County,2,1,H,2,0,H,D Munro,17,13,5,5,12,12,5,5,1,3,0,30.12
SC0,26/12/2021,15:00,Motherwell,Livingston,2,1,H,1,0,H,D Robertson,11,8,5,4,13,15,5,1,0,3,0,30.12
SC0,26/12/2021,15:00,Rangers,St Mirren,2,0,H,2,0,H,S McLean,25,1,7,0,14,5,7,1,1,2,0,30.12
SC0,22/12/2021,19:45,Hibernian,Aberdeen,1,0,H,0,0,D,A Muir,6,10,3,2,15,13,4,5,2,2,0,30.12
SC0,22/12/2021,19:45,St Johnstone,Ross County,1,2,A,1,1,D,W Collum,9,20,3,4,10,12,4,6,3,2,0,30.12
SC0,22/12/2021,19:45,St Mirren,Celtic,0,0,D,0,0,D,D Munro,4,31,1,8,8,12,3,16,2,2,0,30.12
SC0,18/12/2021,15:00,Dundee,Hearts,0,1,A,0,0,D,W Collum,4,13,1,1,23,10,3,9,4,2,0,30.12
SC0,18/12/2021,15:00,Livingston,Ross County,1,1,D,0,1,A,G Irvine,14,13,2,4,13,14,7,4,2,4,0,30.12
SC0,18/12/2021,15:00,Motherwell,St Johnstone,2,0,H,1,0,H,N Walsh,7,9,2,1,12,12,7,4,1,0,0,30.12
SC0,18/12/2021,15:00,Rangers,Dundee United,1,0,H,0,0,D,A Muir,16,5,5,1,9,10,6,2,1,3,0,30.12
SC0,15/12/2021,19:45,Rangers,St Johnstone,2,0,H,1,0,H,E Anderson,27,5,8,1,7,11,7,3,1,3,0,30.12
SC0,15/12/2021,19:45,Ross County,Celtic,1,2,A,0,1,A,A Muir,7,25,2,8,13,9,4,7,3,1,0,31.12
SC0,14/12/2021,19:45,Hibernian,Dundee,1,0,H,1,0,H,G Duncan,11,4,3,1,13,17,5,2,0,1,0,31.12
SC0,12/12/2021,12:00,Hearts,Rangers,0,2,A,0,2,A,N Walsh,16,12,8,6,15,10,10,5,4,5,1,30.12
SC0,12/12/2021,15:00,Celtic,Motherwell,1,0,H,1,0,H,E Anderson,26,9,7,1,10,14,10,2,0,2,0,30.12
SC0,11/12/2021,15:00,Dundee United,Livingston,0,1,A,0,0,D,G Duncan,16,9,3,2,13,15,3,1,3,3,0,30.12
SC0,11/12/2021,15:00,Ross County,Dundee,3,2,H,1,2,A,B Madden,7,14,5,5,13,15,4,6,1,3,0,30.12
SC0,11/12/2021,15:00,St Johnstone,Aberdeen,0,1,A,0,0,D,G Aitken,8,14,3,5,12,7,4,4,3,3,0,30.12
SC0,11/12/2021,15:00,St Mirren,Hibernian,1,1,D,0,0,D,K Clancy,7,10,3,5,10,19,4,5,4,4,0,30.12
SC0,08/12/2021,19:45,Livingston,Hibernian,1,0,H,1,0,H,D Robertson,10,15,4,3,6,11,4,5,3,1,0,1.1
SC0,05/12/2021,12:00,Dundee United,Celtic,0,3,A,0,2,A,D Robertson,6,24,2,10,9,6,1,12,1,1,0,30.12
SC0,05/12/2021,15:00,Livingston,Hearts,0,1,A,0,0,D,K Clancy,14,11,6,4,12,13,2,3,3,4,0,30.12
SC0,04/12/2021,15:00,Aberdeen,St Mirren,4,1,H,3,1,H,W Collum,24,11,11,6,13,7,6,9,0,1,0,30.12
SC0,04/12/2021,15:00,Hibernian,Motherwell,1,1,D,1,0,H,C Steven,17,12,4,5,8,14,8,0,2,3,0,30.12
SC0,04/12/2021,15:00,Rangers,Dundee,3,0,H,1,0,H,A Muir,26,5,14,2,9,10,11,4,1,3,0,30.12
SC0,02/12/2021,19:45,Celtic,Hearts,1,0,H,1,0,H,B Madden,25,9,5,2,12,9,13,6,1,0,0,30.12
SC0,01/12/2021,19:45,Aberdeen,Livingston,2,0,H,1,0,H,C Napier,18,3,6,0,10,17,4,1,0,0,0,31.12
SC0,01/12/2021,19:45,Dundee,St Johnstone,1,0,H,1,0,H,A Dallas,20,10,4,2,9,14,6,5,0,1,0,30.12
SC0,01/12/2021,19:45,Hibernian,Rangers,0,1,A,0,0,D,J Beaton,4,14,1,4,15,14,6,6,2,1,0,30.12
SC0,01/12/2021,19:45,St Mirren,Ross County,0,0,D,0,0,D,D Dickinson,27,12,11,7,11,16,13,3,5,4,0,30.12
SC0,30/11/2021,19:45,Motherwell,Dundee United,1,0,H,1,0,H,S McLean,20,7,2,2,18,17,3,5,2,2,1,30.12
SC0,28/11/2021,12:00,Livingston,Rangers,1,3,A,1,2,A,D Munro,7,20,4,8,14,12,3,7,3,1,0,30.12
SC0,28/11/2021,15:00,Celtic,Aberdeen,2,1,H,1,1,D,K Clancy,20,4,5,2,12,10,14,3,2,1,0,30.12
SC0,27/11/2021,15:00,Dundee,Motherwell,3,0,H,2,0,H,C Napier,12,10,6,3,17,20,5,4,3,3,0,30.12
SC0,27/11/2021,15:00,Hearts,St Mirren,2,0,H,0,0,D,A Muir,16,19,7,7,13,11,5,7,2,2,0,31.12
SC0,27/11/2021,15:00,Ross County,Dundee United,1,1,D,0,0,D,G Aitken,9,8,5,4,11,12,5,2,1,2,1,30.12
SC0,27/11/2021,15:00,St Johnstone,Hibernian,1,2,A,1,0,H,E Anderson,2,20,0,4,10,11,1,11,2,1,1,30.12
SC0,24/11/2021,19:45,Ross County,Hibernian,1,0,H,0,0,D,G Duncan,10,6,5,4,10,11,6,3,2,1,0,1.1
SC0,20/11/2021,15:00,Dundee United,Aberdeen,1,0,H,0,0,D,B Madden,8,12,2,4,7,13,4,3,1,1,1,31.12
SC0,20/11/2021,15:00,Motherwell,Hearts,2,0,H,1,0,H,W Collum,20,6,7,4,15,18,9,4,1,0,0,31.12
SC0,20/11/2021,15:00,St Mirren,Livingston,1,1,D,0,0,D,S McLean,11,9,4,5,13,16,7,3,1,0,0,30.12
SC0,07/11/2021,12:00,Dundee,Celtic,2,4,A,1,2,A,A Muir,5,24,4,7,16,10,2,13,5,2,0,30.12
SC0,07/11/2021,15:00,Rangers,Ross County,4,2,H,2,1,H,D Munro,19,5,9,2,11,8,9,1,1,2,0,30.12
SC0,06/11/2021,15:00,Aberdeen,Motherwell,0,2,A,0,0,D,D Robertson,18,2,8,2,14,23,13,2,3,5,0,30.12
SC0,06/11/2021,15:00,Hearts,Dundee United,5,2,H,2,1,H,J Beaton,22,12,12,6,8,13,8,6,0,3,0,30.12
SC0,06/11/2021,15:00,St Johnstone,St Mirren,0,0,D,0,0,D,G Aitken,6,14,2,3,13,16,1,4,3,3,1,30.12
SC0,31/10/2021,12:00,Motherwell,Rangers,1,6,A,1,2,A,N Walsh,3,30,2,12,12,10,2,12,1,0,1,30.12
SC0,30/10/2021,15:00,Aberdeen,Hearts,2,1,H,0,1,A,K Clancy,17,5,5,1,15,15,5,5,2,2,0,31.12
SC0,30/10/2021,15:00,Celtic,Livingston,0,0,D,0,0,D,B Madden,16,2,2,0,10,10,6,3,0,0,0,31.12
SC0,30/10/2021,15:00,Dundee United,St Johnstone,0,1,A,0,1,A,G Irvine,19,6,7,2,7,11,8,3,1,1,0,30.12
SC0,30/10/2021,15:00,St Mirren,Dundee,0,1,A,0,1,A,J Beaton,16,8,7,5,15,14,8,4,1,2,0,30.12
SC0,27/10/2021,19:45,Dundee,Ross County,0,5,A,0,4,A,D Dickinson,7,14,3,7,11,13,6,6,2,2,0,30.12
SC0,27/10/2021,19:45,Hibernian,Celtic,1,3,A,1,3,A,D Robertson,9,19,4,8,15,9,4,8,2,1,0,30.12
SC0,27/10/2021,19:45,Livingston,Dundee United,1,1,D,1,1,D,C Steven,9,15,1,3,6,13,4,4,1,4,1,30.12
SC0,27/10/2021,19:45,Motherwell,St Mirren,2,2,D,0,0,D,B Madden,8,23,4,10,13,14,4,8,1,2,0,30.12
SC0,27/10/2021,19:45,Rangers,Aberdeen,2,2,D,1,2,A,J Beaton,19,6,4,3,12,14,14,2,1,4,0,30.12
SC0,27/10/2021,19:45,St Johnstone,Hearts,1,1,D,1,1,D,S McLean,9,18,4,4,11,12,6,6,4,2,0,30.12
SC0,24/10/2021,12:00,St Mirren,Rangers,1,2,A,1,2,A,S McLean,4,19,2,7,11,11,4,7,1,2,0,30.12
SC0,23/10/2021,15:00,Aberdeen,Hibernian,1,0,H,1,0,H,G Aitken,6,5,2,0,16,13,0,4,4,2,0,31.12
SC0,23/10/2021,15:00,Celtic,St Johnstone,2,0,H,1,0,H,N Walsh,20,4,5,0,6,10,7,3,1,5,0,30.12
SC0,23/10/2021,15:00,Dundee United,Motherwell,2,1,H,1,0,H,K Clancy,10,11,4,5,17,14,4,11,2,4,0,30.12
SC0,23/10/2021,15:00,Hearts,Dundee,1,1,D,1,0,H,G Duncan,21,6,4,3,12,15,5,3,2,5,0,30.12
SC0,23/10/2021,15:00,Ross County,Livingston,2,3,A,1,2,A,E Anderson,12,6,5,3,8,17,7,0,1,3,0,30.12
SC0,16/10/2021,15:00,Hibernian,Dundee United,0,3,A,0,1,A,A Muir,8,9,3,6,13,16,6,8,1,2,0,30.12
SC0,16/10/2021,15:00,Motherwell,Celtic,0,2,A,0,1,A,W Collum,5,18,0,7,14,12,4,8,1,1,0,30.12
SC0,16/10/2021,15:00,Rangers,Hearts,1,1,D,1,0,H,D Robertson,27,5,10,4,11,12,6,4,4,4,0,30.12
SC0,16/10/2021,15:00,Ross County,St Mirren,2,3,A,1,3,A,D Munro,20,14,5,4,5,14,5,3,1,1,0,30.12
SC0,16/10/2021,15:00,St Johnstone,Livingston,0,3,A,0,2,A,G Irvine,16,11,2,4,6,13,12,2,2,3,0,30.12
SC0,16/10/2021,18:00,Dundee,Aberdeen,2,1,H,0,0,D,C Steven,9,17,3,7,13,10,3,8,4,3,0,30.12
SC0,03/10/2021,12:00,Aberdeen,Celtic,1,2,A,0,1,A,B Madden,11,7,5,2,10,27,6,8,0,3,0,30.12
SC0,03/10/2021,15:00,Rangers,Hibernian,2,1,H,0,1,A,N Walsh,20,4,3,1,16,11,12,1,3,3,0,31.12
SC0,02/10/2021,15:00,Dundee United,Ross County,1,0,H,1,0,H,D Robertson,13,13,4,5,8,9,8,5,2,1,0,30.12
SC0,02/10/2021,15:00,Hearts,Motherwell,2,0,H,2,0,H,D Munro,10,20,5,7,14,16,7,8,3,3,0,30.12
SC0,02/10/2021,15:00,Livingston,St Mirren,0,1,A,0,1,A,G Irvine,13,7,6,4,12,11,8,1,2,0,0,30.12
SC0,02/10/2021,15:00,St Johnstone,Dundee,3,1,H,2,0,H,G Aitken,11,8,5,3,14,14,3,4,3,1,0,30.12
SC0,26/09/2021,12:00,St Mirren,Aberdeen,3,2,H,1,2,A,W Collum,13,13,4,3,9,22,8,3,1,4,0,31.12
SC0,26/09/2021,15:00,Celtic,Dundee United,1,1,D,1,1,D,K Clancy,22,12,7,4,12,5,9,2,0,2,0,30.12
SC0,26/09/2021,15:00,Hibernian,St Johnstone,1,0,H,0,0,D,J Beaton,16,6,7,3,10,11,9,5,4,2,0,31.12
SC0,25/09/2021,15:00,Dundee,Rangers,0,1,A,0,1,A,B Madden,14,19,6,3,9,8,5,9,1,3,0,30.12
SC0,25/09/2021,15:00,Hearts,Livingston,3,0,H,2,0,H,G Duncan,14,3,6,1,7,22,4,1,0,3,0,30.12
SC0,25/09/2021,15:00,Motherwell,Ross County,2,1,H,1,1,D,C Napier,12,18,5,6,16,18,0,3,3,4,0,30.12
SC0,19/09/2021,12:00,Dundee United,Dundee,1,0,H,0,0,D,J Beaton,16,10,6,3,20,14,4,3,4,2,0,30.12
SC0,19/09/2021,15:00,Livingston,Celtic,1,0,H,1,0,H,E Anderson,7,16,4,5,12,13,3,10,3,2,0,30.12
SC0,19/09/2021,15:00,Rangers,Motherwell,1,1,D,1,0,H,S McLean,24,5,7,1,16,9,13,3,1,3,0,30.12
SC0,18/09/2021,15:00,Aberdeen,St Johnstone,0,1,A,0,0,D,B Madden,10,9,3,1,14,12,6,3,1,3,0,30.12
SC0,18/09/2021,15:00,Hibernian,St Mirren,2,2,D,0,1,A,K Clancy,16,12,2,4,7,11,8,6,1,1,0,30.12
SC0,18/09/2021,15:00,Ross County,Hearts,2,2,D,2,1,H,D Dickinson,8,17,4,5,15,8,3,9,2,1,0,30.12
SC0,12/09/2021,12:00,Hearts,Hibernian,0,0,D,0,0,D,N Walsh,16,14,4,6,14,10,11,4,1,1,0,30.12
SC0,11/09/2021,12:30,St Johnstone,Rangers,1,2,A,0,0,D,W Collum,5,10,1,4,14,11,6,7,3,3,0,30.12
SC0,11/09/2021,15:00,Celtic,Ross County,3,0,H,0,0,D,D Robertson,21,5,8,2,9,8,7,0,0,1,0,30.12
SC0,11/09/2021,15:00,Dundee,Livingston,0,0,D,0,0,D,A Muir,21,12,8,4,12,19,9,8,1,4,0,30.12
SC0,11/09/2021,15:00,Motherwell,Aberdeen,2,0,H,1,0,H,J Beaton,6,20,2,7,21,15,1,6,5,4,0,30.12
SC0,11/09/2021,15:00,St Mirren,Dundee United,0,0,D,0,0,D,C Steven,15,9,1,3,13,10,6,3,2,1,0,30.12
SC0,29/08/2021,12:00,Rangers,Celtic,1,0,H,0,0,D,K Clancy,15,10,4,3,9,12,4,4,0,2,0,30.12
SC0,29/08/2021,15:00,Aberdeen,Ross County,1,1,D,0,1,A,N Walsh,23,8,5,5,11,17,12,7,2,3,0,30.12
SC0,29/08/2021,15:00,St Mirren,St Johnstone,0,0,D,0,0,D,D Dickinson,10,15,3,6,14,16,2,4,1,3,1,30.12
SC0,28/08/2021,15:00,Dundee United,Hearts,0,2,A,0,1,A,G Aitken,8,11,7,3,15,11,5,4,2,2,0,30.12
SC0,28/08/2021,15:00,Hibernian,Livingston,2,0,H,0,0,D,S McLean,15,7,3,0,12,12,3,5,0,1,0,30.12
SC0,28/08/2021,15:00,Motherwell,Dundee,1,0,H,1,0,H,W Collum,4,15,3,2,18,14,3,4,2,1,1,30.12
SC0,22/08/2021,12:00,Dundee,Hibernian,2,2,D,1,1,D,A Muir,11,15,8,7,13,16,4,6,5,3,0,30.12
SC0,22/08/2021,15:00,Hearts,Aberdeen,1,1,D,0,0,D,B Madden,7,6,2,4,16,12,3,3,3,2,0,30.12
SC0,22/08/2021,15:00,Ross County,Rangers,2,4,A,1,2,A,D Munro,9,21,5,11,9,8,2,11,2,2,0,30.12
SC0,22/08/2021,15:00,St Johnstone,Dundee United,0,1,A,0,0,D,D Robertson,15,9,2,5,12,20,7,4,1,2,0,31.12
SC0,21/08/2021,15:00,Celtic,St Mirren,6,0,H,4,0,H,W Collum,37,3,12,1,18,10,15,0,1,2,0,31.12
SC0,21/08/2021,15:00,Livingston,Motherwell,1,2,A,1,0,H,C Napier,13,15,3,6,14,13,4,8,1,1,0,30.12
SC0,08/08/2021,15:00,Celtic,Dundee,6,0,H,2,0,H,E Anderson,31,3,15,0,11,12,11,3,0,1,0,31.12
SC0,08/08/2021,15:00,Hibernian,Ross County,3,0,H,3,0,H,G Irvine,18,8,6,0,7,11,11,4,0,2,0,30.12
SC0,08/08/2021,15:00,Livingston,Aberdeen,1,2,A,1,0,H,K Clancy,13,11,5,3,21,12,6,2,5,0,0,30.12
SC0,08/08/2021,15:00,St Johnstone,Motherwell,1,1,D,1,0,H,N Walsh,12,10,4,5,12,10,8,6,2,2,0,30.12
SC0,07/08/2021,12:30,Dundee United,Rangers,1,0,H,0,0,D,D Robertson,9,14,2,2,11,8,5,8,4,1,0,30.12
SC0,07/08/2021,15:00,St Mirren,Hearts,1,2,A,0,1,A,G Duncan,10,11,3,4,11,11,4,0,1,2,1,30.12
SC0,01/08/2021,15:00,Aberdeen,Dundee United,2,0,H,1,0,H,A Muir,7,5,3,1,12,17,5,4,1,3,0,30.12
SC0,01/08/2021,16:30,Motherwell,Hibernian,2,3,A,2,1,H,D Munro,9,14,5,5,21,11,2,4,5,3,0,30.12
SC0,31/07/2021,13:30,Rangers,Livingston,3,0,H,1,0,H,J Beaton,18,2,8,0,8,14,7,1,0,5,0,30.12
SC0,31/07/2021,15:00,Dundee,St Mirren,2,2,D,1,1,D,C Napier,11,14,4,5,13,14,8,11,2,2,1,30.12
SC0,31/07/2021,15:00,Ross County,St Johnstone,0,0,D,0,0,D,C Steven,4,10,0,2,19,14,0,4,4,1,0,30.12
SC0,31/07/2021,20:00,Hearts,Celtic,2,1,H,1,0,H,B Madden,11,19,4,7,4,11,6,5,0,0,0,30.12
SC0,16/05/2021,12:00,Hamilton,Kilmarnock,0,2,A,0,2,A,K Clancy,9,8,1,4,14,16,6,4,1,4,0,30.12
SC0,16/05/2021,12:00,Motherwell,Ross County,1,2,A,1,0,H,S McLean,7,10,1,2,9,14,3,4,3,3,0,30.12
SC0,16/05/2021,12:00,St Mirren,Dundee United,0,0,D,0,0,D,E Anderson,13,11,1,3,8,11,6,4,1,2,0,31.12
SC0,15/05/2021,12:30,Hibernian,Celtic,0,0,D,0,0,D,W Collum,6,17,0,9,13,9,1,6,1,2,0,30.12
SC0,15/05/2021,12:30,Rangers,Aberdeen,4,0,H,2,0,H,N Walsh,9,11,4,4,10,5,6,3,1,0,0,30.12
SC0,15/05/2021,12:30,St Johnstone,Livingston,0,0,D,0,0,D,C Napier,5,2,1,2,5,13,4,1,1,1,0,30.12
SC0,12/05/2021,18:00,Dundee United,Motherwell,2,2,D,2,0,H,D Dickinson,10,9,4,4,9,10,4,7,1,3,0,30.12
SC0,12/05/2021,18:00,Livingston,Rangers,0,3,A,0,1,A,D Robertson,9,11,2,5,13,10,1,5,2,2,0,30.12
SC0,12/05/2021,18:30,Celtic,St Johnstone,4,0,H,2,0,H,B Madden,19,7,11,1,9,3,5,1,0,0,0,30.12
SC0,12/05/2021,19:45,Aberdeen,Hibernian,0,1,A,0,1,A,J Beaton,14,8,4,4,9,9,6,1,2,1,0,30.12
SC0,12/05/2021,19:45,Kilmarnock,St Mirren,3,3,D,1,0,H,D Munro,19,12,8,3,7,14,8,5,2,1,0,30.12
SC0,12/05/2021,19:45,Ross County,Hamilton,2,1,H,1,1,D,W Collum,8,10,2,2,16,14,0,8,3,2,0,30.12
SC0,02/05/2021,12:00,Rangers,Celtic,4,1,H,2,1,H,N Walsh,18,12,9,3,10,14,5,9,1,1,0,31.12
SC0,01/05/2021,15:00,Dundee United,Ross County,0,2,A,0,2,A,K Clancy,2,12,0,6,11,17,3,4,0,3,0,30.12
SC0,01/05/2021,15:00,Hibernian,St Johnstone,0,1,A,0,1,A,G Aitken,8,6,2,2,15,12,4,2,3,2,0,30.12
SC0,01/05/2021,15:00,Livingston,Aberdeen,1,2,A,0,0,D,G Irvine,13,12,5,8,11,16,4,3,4,4,0,30.12
SC0,01/05/2021,15:00,Motherwell,Kilmarnock,2,0,H,0,0,D,B Madden,11,18,2,4,14,10,4,6,3,1,0,30.12
SC0,01/05/2021,15:00,St Mirren,Hamilton,1,2,A,0,1,A,J Beaton,11,12,3,3,13,9,6,4,2,1,0,30.12
SC0,21/04/2021,18:00,Hamilton,Motherwell,0,1,A,0,1,A,K Clancy,5,12,1,3,11,16,4,6,2,1,1,30.12
SC0,21/04/2021,18:00,Hibernian,Livingston,2,1,H,2,0,H,C Napier,11,9,6,2,9,14,6,4,3,3,0,30.12
SC0,21/04/2021,19:00,St Johnstone,Rangers,1,1,D,0,0,D,E Anderson,11,6,3,2,8,16,4,6,3,4,0,30.12
SC0,21/04/2021,19:45,Aberdeen,Celtic,1,1,D,1,0,H,W Collum,9,23,4,6,7,5,4,10,0,1,0,30.12
SC0,21/04/2021,19:45,Kilmarnock,Dundee United,3,0,H,3,0,H,A Muir,16,13,5,5,16,21,5,4,1,2,0,30.12
SC0,21/04/2021,19:45,Ross County,St Mirren,1,3,A,1,0,H,B Madden,12,15,3,5,12,11,7,4,1,0,0,30.12
SC0,11/04/2021,15:00,Rangers,Hibernian,2,1,H,1,0,H,D Robertson,12,9,4,5,11,13,3,6,3,1,0,30.12
SC0,10/04/2021,15:00,Celtic,Livingston,6,0,H,2,0,H,N Walsh,18,4,11,2,10,11,6,1,0,0,0,30.12
SC0,10/04/2021,15:00,Hamilton,Dundee United,0,1,A,0,1,A,B Madden,27,13,6,4,7,9,10,3,1,2,0,30.12
SC0,10/04/2021,15:00,Kilmarnock,Ross County,2,2,D,2,1,H,W Collum,14,13,6,4,14,17,6,1,3,3,0,30.12
SC0,10/04/2021,15:00,Motherwell,St Mirren,1,0,H,0,0,D,K Clancy,11,15,3,7,14,6,5,4,1,3,0,30.12
SC0,10/04/2021,15:00,St Johnstone,Aberdeen,0,1,A,0,0,D,J Beaton,15,9,3,3,11,13,7,5,1,2,0,30.12
SC0,21/03/2021,12:00,Celtic,Rangers,1,1,D,1,1,D,W Collum,16,9,8,3,16,13,10,5,3,1,0,30.12
SC0,20/03/2021,15:00,Dundee United,Aberdeen,1,0,H,0,0,D,G Aitken,7,9,2,1,12,12,8,10,0,1,0,30.12
SC0,20/03/2021,15:00,Hamilton,St Mirren,1,1,D,0,1,A,D Robertson,9,17,2,4,15,11,5,8,0,1,0,30.12
SC0,20/03/2021,15:00,Kilmarnock,Motherwell,4,1,H,1,1,D,A Muir,13,9,5,3,14,14,4,6,3,1,0,30.12
SC0,20/03/2021,15:00,Livingston,Hibernian,1,1,D,1,1,D,N Walsh,12,12,5,2,15,13,2,6,1,0,0,30.12
SC0,20/03/2021,15:00,St Johnstone,Ross County,1,0,H,0,0,D,C Napier,22,2,8,0,15,17,13,3,0,3,0,30.12
SC0,13/03/2021,15:00,Livingston,Hamilton,2,1,H,2,1,H,K Clancy,9,4,3,1,14,18,3,3,2,2,0,30.12
SC0,13/03/2021,15:00,Ross County,Hibernian,1,2,A,0,0,D,J Beaton,9,14,4,6,11,11,1,7,1,3,0,30.12
SC0,07/03/2021,12:00,Dundee United,Celtic,0,0,D,0,0,D,K Clancy,9,27,4,12,15,4,5,9,5,2,0,30.12
SC0,06/03/2021,15:00,Aberdeen,Hamilton,0,0,D,0,0,D,B Madden,15,10,3,2,9,10,4,4,2,1,0,30.12
SC0,06/03/2021,15:00,Motherwell,Livingston,3,1,H,1,0,H,C Steven,14,10,6,4,9,20,2,3,1,4,0,30.12
SC0,06/03/2021,15:00,Rangers,St Mirren,3,0,H,2,0,H,S McLean,10,5,7,1,12,10,7,6,1,2,0,30.12
SC0,06/03/2021,15:00,Ross County,Kilmarnock,3,2,H,1,1,D,E Anderson,9,10,5,2,19,12,3,8,2,1,0,31.12
SC0,06/03/2021,15:00,St Johnstone,Hibernian,1,0,H,1,0,H,D Dickinson,6,13,2,2,10,20,0,9,1,2,0,30.12
SC0,03/03/2021,18:00,Hamilton,St Johnstone,1,1,D,1,0,H,G Irvine,12,17,3,5,16,13,8,8,2,3,0,30.12
SC0,03/03/2021,18:00,Livingston,Rangers,0,1,A,0,0,D,J Beaton,7,11,0,4,20,10,4,5,6,2,0,30.12
SC0,27/02/2021,15:00,Celtic,Aberdeen,1,0,H,1,0,H,W Collum,12,9,3,3,8,17,7,4,0,1,0,30.12
SC0,27/02/2021,15:00,Hibernian,Motherwell,0,2,A,0,1,A,A Muir,16,12,3,2,9,12,6,4,2,0,0,30.12
SC0,27/02/2021,15:00,Kilmarnock,Dundee United,1,1,D,0,1,A,D Munro,13,11,5,4,14,16,4,2,1,4,0,30.12
SC0,27/02/2021,15:00,St Mirren,Ross County,1,0,H,0,0,D,G Aitken,13,11,4,4,8,13,4,8,1,1,0,30.12
SC0,24/02/2021,18:00,St Mirren,Motherwell,0,0,D,0,0,D,K Clancy,7,13,2,2,8,11,5,9,2,1,0,30.12
SC0,21/02/2021,15:00,Rangers,Dundee United,4,1,H,2,0,H,N Walsh,22,7,11,4,6,9,7,0,0,3,0,30.12
SC0,21/02/2021,19:30,Ross County,Celtic,1,0,H,0,0,D,D Munro,6,19,4,4,9,8,2,9,0,0,0,30.12
SC0,20/02/2021,15:00,Aberdeen,Kilmarnock,1,0,H,1,0,H,D Robertson,10,8,4,4,12,11,2,3,1,2,0,30.12
SC0,20/02/2021,15:00,Hibernian,Hamilton,2,0,H,1,0,H,C Napier,17,8,8,6,12,11,8,3,1,1,0,31.12
SC0,20/02/2021,15:00,Motherwell,St Johnstone,0,3,A,0,2,A,J Beaton,1,22,1,7,10,13,6,7,1,0,0,30.12
SC0,20/02/2021,15:00,St Mirren,Livingston,1,1,D,1,1,D,W Collum,16,7,4,1,7,14,6,8,0,1,0,30.12
SC0,17/02/2021,18:00,Celtic,Aberdeen,1,0,H,1,0,H,A Muir,12,10,3,2,12,18,4,6,0,2,0,30.12
SC0,17/02/2021,18:00,St Mirren,Hamilton,1,1,D,0,0,D,S McLean,15,12,3,4,15,7,6,5,2,1,0,30.12
SC0,14/02/2021,12:00,St Johnstone,Celtic,1,2,A,0,0,D,S McLean,6,10,1,5,13,13,3,9,0,2,0,30.12
SC0,13/02/2021,15:00,Aberdeen,St Mirren,0,0,D,0,0,D,E Anderson,9,7,3,2,14,13,1,4,1,1,0,30.12
SC0,13/02/2021,15:00,Dundee United,Livingston,3,0,H,2,0,H,N Walsh,11,13,6,9,11,12,3,4,2,1,1,31.12
SC0,13/02/2021,15:00,Motherwell,Hamilton,1,4,A,0,3,A,D Munro,11,15,1,5,13,18,7,5,3,3,1,30.12
SC0,13/02/2021,15:00,Rangers,Kilmarnock,1,0,H,1,0,H,D Robertson,13,2,6,0,16,16,10,3,0,2,0,30.12
SC0,10/02/2021,18:00,Kilmarnock,Motherwell,0,1,A,0,0,D,W Collum,18,11,5,4,14,15,6,1,0,2,0,30.12
SC0,10/02/2021,20:00,St Mirren,Celtic,0,4,A,0,1,A,D Robertson,13,18,2,6,15,13,3,3,2,1,0,30.12
SC0,07/02/2021,12:00,Hamilton,Rangers,1,1,D,0,0,D,B Madden,12,15,7,2,17,13,5,4,1,1,0,30.12
SC0,06/02/2021,15:00,Celtic,Motherwell,2,1,H,1,0,H,N Walsh,22,7,9,5,16,8,5,3,0,3,0,30.12
SC0,06/02/2021,15:00,Hibernian,Aberdeen,2,0,H,1,0,H,W Collum,11,11,5,1,12,8,3,5,1,0,0,0
SC0,06/02/2021,15:00,Livingston,St Johnstone,1,2,A,0,1,A,E Anderson,7,15,3,6,17,16,1,7,2,1,0,30.12
SC0,06/02/2021,15:00,Ross County,Dundee United,0,2,A,0,0,D,G Irvine,14,17,5,6,14,14,5,6,1,3,0,30.12
SC0,06/02/2021,15:00,St Mirren,Kilmarnock,2,0,H,1,0,H,J Beaton,14,13,5,1,10,15,3,3,1,4,0,30.12
SC0,03/02/2021,18:00,Hamilton,Ross County,1,2,A,1,0,H,W Collum,7,16,4,5,13,6,4,7,1,2,0,30.12
SC0,03/02/2021,18:00,Motherwell,Dundee United,2,1,H,2,0,H,D Robertson,13,15,6,3,7,7,4,4,0,1,0,30.12
SC0,03/02/2021,19:45,Rangers,St Johnstone,1,0,H,0,0,D,D Munro,9,5,2,3,13,12,2,2,1,1,0,30.12
SC0,02/02/2021,18:00,Aberdeen,Livingston,0,2,A,0,2,A,N Walsh,8,7,3,2,11,16,3,2,2,1,0,30.12
SC0,02/02/2021,18:00,St Mirren,Hibernian,1,2,A,0,0,D,A Muir,4,11,1,4,11,12,2,3,2,1,1,30.12
SC0,02/02/2021,19:45,Kilmarnock,Celtic,0,4,A,0,1,A,K Clancy,12,12,3,6,13,10,9,4,1,0,0,30.12
SC0,30/01/2021,15:00,Celtic,St Mirren,1,2,A,1,2,A,B Madden,19,11,4,5,11,5,4,3,0,0,0,30.12
SC0,30/01/2021,15:00,Dundee United,Hibernian,0,2,A,0,1,A,G Duncan,10,12,3,5,12,14,5,5,0,1,0,30.12
SC0,30/01/2021,15:00,Kilmarnock,St Johnstone,2,3,A,2,0,H,G Aitken,13,15,5,6,9,10,2,12,1,1,0,30.12
SC0,30/01/2021,15:00,Livingston,Aberdeen,0,0,D,0,0,D,S McLean,6,9,2,2,16,13,3,2,1,0,0,30.12
SC0,27/01/2021,18:00,Dundee United,St Mirren,1,5,A,0,3,A,J Beaton,12,19,4,6,18,14,4,11,2,1,0,30.12
SC0,27/01/2021,18:00,Ross County,Motherwell,1,2,A,1,0,H,N Walsh,11,12,5,6,23,13,5,10,5,0,0,30.12
SC0,27/01/2021,18:00,St Johnstone,Aberdeen,0,0,D,0,0,D,D Robertson,8,16,2,3,22,15,2,6,1,1,0,30.12
SC0,27/01/2021,19:45,Celtic,Hamilton,2,0,H,1,0,H,C Steven,24,4,7,0,14,8,6,4,0,0,0,30.12
SC0,27/01/2021,19:45,Hibernian,Rangers,0,1,A,0,0,D,K Clancy,8,11,2,3,14,8,4,2,3,0,0,30.12
SC0,27/01/2021,19:45,Livingston,Kilmarnock,2,0,H,0,0,D,S Kirkland,12,5,3,2,8,11,10,0,2,3,0,30.12
SC0,23/01/2021,15:00,Aberdeen,Motherwell,2,0,H,1,0,H,C Napier,26,6,8,3,11,11,8,1,2,1,0,31.12
SC0,23/01/2021,15:00,Rangers,Ross County,5,0,H,3,0,H,W Anderson,28,7,11,2,12,11,11,2,1,2,0,30.12
SC0,20/01/2021,20:15,Livingston,Celtic,2,2,D,1,2,A,W Collum,6,18,2,6,10,10,4,7,0,0,0,31.12
SC0,17/01/2021,12:00,Motherwell,Rangers,1,1,D,1,0,H,D Robertson,5,16,3,5,10,9,1,10,3,1,0,30.12
SC0,16/01/2021,15:00,Celtic,Livingston,0,0,D,0,0,D,J Beaton,7,15,1,1,12,10,2,9,1,2,0,30.12
SC0,16/01/2021,15:00,Hamilton,Dundee United,0,0,D,0,0,D,G Aitken,11,6,3,2,12,6,9,6,1,3,0,30.12
SC0,16/01/2021,15:00,Hibernian,Kilmarnock,2,0,H,0,0,D,W Collum,6,7,5,0,17,12,4,9,0,1,0,30.12
SC0,16/01/2021,15:00,Ross County,Aberdeen,4,1,H,2,1,H,B Madden,9,15,5,5,20,9,6,6,3,0,0,30.12
SC0,16/01/2021,15:00,St Johnstone,St Mirren,1,0,H,0,0,D,S McLean,8,5,2,0,16,12,4,2,2,0,0,31.12
SC0,12/01/2021,18:30,Dundee United,St Johnstone,2,2,D,1,2,A,C Steven,9,23,2,6,18,16,3,5,3,2,0,30.12
SC0,11/01/2021,19:45,Celtic,Hibernian,1,1,D,0,0,D,N Walsh,10,16,6,7,9,15,3,10,1,2,0,30.12
SC0,10/01/2021,15:00,Aberdeen,Rangers,1,2,A,0,1,A,J Beaton,4,17,2,7,19,7,1,6,2,1,1,30.12
SC0,10/01/2021,15:00,Livingston,Ross County,3,1,H,1,1,D,A Muir,12,6,4,2,12,17,2,1,1,5,0,30.12
SC0,09/01/2021,15:00,Kilmarnock,Hamilton,2,0,H,1,0,H,G Irvine,18,6,3,1,13,11,5,3,0,1,0,30.12
SC0,09/01/2021,15:00,St Mirren,Motherwell,1,1,D,0,1,A,B Madden,16,11,2,3,8,11,4,9,1,1,0,30.12
SC0,02/01/2021,12:30,Rangers,Celtic,1,0,H,0,0,D,B Madden,10,13,0,3,15,19,2,6,3,3,0,31.12
SC0,02/01/2021,15:00,Aberdeen,Dundee United,0,0,D,0,0,D,K Clancy,18,9,3,1,12,13,5,2,1,2,0,30.12
SC0,02/01/2021,15:00,Hamilton,Motherwell,3,0,H,1,0,H,C Steven,8,10,4,6,12,12,3,2,0,1,0,30.12
SC0,02/01/2021,15:00,Hibernian,Livingston,0,3,A,0,2,A,D Munro,5,12,1,6,11,13,5,4,1,1,0,30.12
SC0,02/01/2021,15:00,Kilmarnock,St Mirren,1,1,D,1,0,H,C Napier,9,8,3,1,15,14,7,7,3,2,0,30.12
SC0,02/01/2021,15:00,Ross County,St Johnstone,1,1,D,1,1,D,W Collum,10,14,5,6,13,8,10,0,2,2,0,30.12
SC0,30/12/2020,15:00,Celtic,Dundee United,3,0,H,2,0,H,W Collum,24,8,9,3,11,5,5,3,0,2,0,30.12
SC0,30/12/2020,15:00,St Johnstone,Hamilton,0,0,D,0,0,D,D Munro,28,10,3,2,12,10,9,1,0,2,0,30.12
SC0,30/12/2020,15:00,St Mirren,Rangers,0,2,A,0,2,A,A Muir,8,10,3,3,15,13,6,1,2,1,0,30.12
SC0,30/12/2020,18:00,Hibernian,Ross County,0,2,A,0,1,A,D Robertson,13,6,4,4,10,20,8,5,2,1,0,30.12
SC0,30/12/2020,18:15,Motherwell,Kilmarnock,0,2,A,0,1,A,J Beaton,7,15,1,6,11,14,3,6,2,1,1,30.12
SC0,26/12/2020,12:30,Rangers,Hibernian,1,0,H,1,0,H,W Collum,15,9,5,1,13,11,5,8,0,1,0,30.12
SC0,26/12/2020,15:00,Aberdeen,St Johnstone,2,1,H,1,1,D,A Muir,9,12,3,3,20,15,5,4,1,2,0,31.12
SC0,26/12/2020,15:00,Dundee United,Motherwell,1,1,D,0,1,A,B Madden,10,22,5,7,16,9,4,5,3,0,0,30.12
SC0,26/12/2020,15:00,Hamilton,Celtic,0,3,A,0,0,D,D Robertson,3,23,0,8,13,7,3,7,1,1,0,30.12
SC0,26/12/2020,15:00,Kilmarnock,Livingston,1,2,A,0,0,D,K Clancy,9,9,2,4,11,10,5,2,2,2,0,30.12
SC0,26/12/2020,15:00,Ross County,St Mirren,0,2,A,0,0,D,C Steven,8,23,4,9,15,10,3,14,0,1,2,30.12
SC0,23/12/2020,18:00,Celtic,Ross County,2,0,H,1,0,H,E Anderson,25,5,7,3,10,5,10,3,0,0,0,30.12
SC0,23/12/2020,18:00,Hamilton,Livingston,0,2,A,0,0,D,G Duncan,2,16,0,3,14,11,3,7,2,0,0,30.12
SC0,23/12/2020,18:00,Hibernian,St Mirren,1,0,H,1,0,H,S Kirkland,10,13,4,4,14,16,1,3,1,0,1,31.12
SC0,23/12/2020,18:00,St Johnstone,Rangers,0,3,A,0,2,A,N Walsh,9,10,2,5,13,15,2,5,1,0,1,30.12
SC0,23/12/2020,18:15,Motherwell,Aberdeen,0,0,D,0,0,D,G Aitken,4,8,1,1,14,16,3,7,0,1,0,30.12
SC0,23/12/2020,18:30,Dundee United,Kilmarnock,2,0,H,2,0,H,S McLean,9,13,5,2,11,13,2,7,2,1,0,30.12
SC0,20/12/2020,12:00,Kilmarnock,Aberdeen,0,2,A,0,0,D,D Munro,7,14,2,3,10,15,10,1,1,0,1,30.12
SC0,19/12/2020,15:00,Hibernian,Dundee United,1,1,D,1,0,H,G Duncan,13,10,8,3,15,16,10,5,1,3,0,30.12
SC0,19/12/2020,15:00,Rangers,Motherwell,3,1,H,0,1,A,D Robertson,20,4,8,2,9,9,14,2,0,2,0,30.12
SC0,19/12/2020,15:00,Ross County,Hamilton,0,2,A,0,1,A,W Collum,19,9,3,3,11,13,7,3,1,1,0,30.12
SC0,19/12/2020,15:00,St Mirren,St Johnstone,3,2,H,1,2,A,S McLean,14,6,4,4,11,15,4,3,1,2,0,31.12
SC0,13/12/2020,12:00,Dundee United,Rangers,1,2,A,1,2,A,S McLean,7,18,2,5,13,11,3,12,1,1,0,30.12
SC0,13/12/2020,15:00,Celtic,Kilmarnock,2,0,H,0,0,D,D Robertson,26,2,10,1,14,12,11,3,0,2,0,30.12
SC0,12/12/2020,15:00,Aberdeen,Ross County,2,0,H,1,0,H,N Walsh,5,5,3,1,11,13,4,3,1,1,0,30.12
SC0,12/12/2020,15:00,Hamilton,Hibernian,0,4,A,0,2,A,K Clancy,3,16,1,8,14,10,1,6,3,0,0,30.12
SC0,12/12/2020,15:00,Motherwell,St Mirren,0,1,A,0,1,A,E Anderson,19,8,9,3,13,7,4,4,1,4,0,30.12
SC0,12/12/2020,15:00,St Johnstone,Livingston,1,2,A,0,0,D,J Beaton,10,7,3,4,14,16,4,3,2,2,0,30.12
SC0,06/12/2020,12:00,Ross County,Rangers,0,4,A,0,1,A,J Beaton,4,16,1,5,12,7,0,5,3,0,0,30.12
SC0,06/12/2020,15:00,Celtic,St Johnstone,1,1,D,0,0,D,D Munro,17,6,5,1,14,8,8,2,1,5,0,30.12
SC0,05/12/2020,15:00,Hamilton,Kilmarnock,1,0,H,0,0,D,W Collum,16,17,6,2,22,8,3,2,3,2,0,31.12
SC0,05/12/2020,15:00,Livingston,Dundee United,2,0,H,0,0,D,D Robertson,11,7,4,2,11,12,6,2,5,2,0,30.12
SC0,05/12/2020,15:00,Motherwell,Hibernian,0,3,A,0,0,D,A Dallas,12,12,1,5,13,10,7,6,1,1,0,30.12
SC0,05/12/2020,15:00,St Mirren,Aberdeen,1,1,D,1,1,D,B Madden,25,9,12,2,14,15,7,1,2,1,0,31.12
SC0,25/11/2020,19:00,Hamilton,Aberdeen,1,1,D,0,1,A,G Duncan,4,10,2,3,13,14,1,7,2,0,0,30.12
SC0,24/11/2020,19:00,Hibernian,St Johnstone,2,2,D,1,1,D,K Clancy,11,12,4,3,10,8,4,4,1,0,0,30.12
SC0,22/11/2020,12:00,Rangers,Aberdeen,4,0,H,2,0,H,N Walsh,18,7,5,3,9,9,9,6,0,1,0,30.12
SC0,21/11/2020,15:00,Dundee United,Hamilton,2,1,H,0,0,D,C Napier,7,8,3,2,14,15,2,1,3,3,0,30.12
SC0,21/11/2020,15:00,Hibernian,Celtic,2,2,D,0,0,D,B Madden,12,21,3,12,14,10,5,8,4,0,0,30.12
SC0,21/11/2020,15:00,Kilmarnock,Ross County,3,1,H,1,1,D,C Steven,12,17,6,2,10,17,4,10,1,0,1,30.12
SC0,21/11/2020,15:00,Livingston,St Mirren,0,1,A,0,0,D,W Collum,5,7,2,3,13,8,1,5,1,1,0,30.12
SC0,21/11/2020,15:00,St Johnstone,Motherwell,1,1,D,1,1,D,S Kirkland,16,8,5,2,11,11,4,1,3,1,0,30.12
SC0,08/11/2020,12:00,Motherwell,Celtic,1,4,A,0,2,A,A Dallas,14,21,3,6,8,11,6,5,3,0,0,30.12
SC0,08/11/2020,15:00,Rangers,Hamilton,8,0,H,4,0,H,S McLean,24,0,14,0,9,10,7,0,0,2,0,30.12
SC0,06/11/2020,19:45,Aberdeen,Hibernian,2,0,H,2,0,H,E Anderson,7,6,2,2,23,11,3,4,0,3,0,30.12
SC0,06/11/2020,19:45,Ross County,Livingston,1,1,D,1,0,H,K Clancy,7,7,2,2,10,3,3,3,1,1,0,30.12
SC0,06/11/2020,19:45,St Johnstone,Kilmarnock,1,0,H,0,0,D,G Duncan,11,8,2,0,18,12,4,5,2,1,0,30.12
SC0,06/11/2020,19:45,St Mirren,Dundee United,0,0,D,0,0,D,D Munro,16,4,0,1,13,15,5,4,1,1,0,30.12
SC0,01/11/2020,12:00,Kilmarnock,Rangers,0,1,A,0,1,A,A Dallas,8,20,4,4,14,14,4,9,3,3,0,30.12
SC0,31/10/2020,15:00,Dundee United,Ross County,2,1,H,1,0,H,S Kirkland,8,13,3,3,11,16,2,8,1,4,0,30.12
SC0,31/10/2020,15:00,Livingston,Motherwell,0,2,A,0,2,A,J Beaton,13,8,3,4,14,12,5,5,2,2,0,30.12
SC0,25/10/2020,12:00,Aberdeen,Celtic,3,3,D,1,0,H,W Collum,13,14,5,7,12,18,3,5,2,1,0,30.12
SC0,25/10/2020,15:00,Rangers,Livingston,2,0,H,2,0,H,N Walsh,11,4,7,1,9,14,5,3,1,1,0,30.12
SC0,24/10/2020,15:00,Kilmarnock,Hibernian,0,1,A,0,1,A,C Steven,8,11,0,2,17,20,1,6,2,1,0,30.12
SC0,24/10/2020,15:00,Motherwell,Ross County,4,0,H,1,0,H,C Napier,14,11,5,5,12,14,4,6,2,1,0,30.12
SC0,24/10/2020,15:00,St Johnstone,Dundee United,0,0,D,0,0,D,A Dallas,14,3,3,0,12,9,5,0,1,1,0,30.12
SC0,20/10/2020,19:00,Aberdeen,Hamilton,4,2,H,4,1,H,N Walsh,18,10,6,6,17,11,10,2,1,1,0,30.12
SC0,17/10/2020,12:30,Celtic,Rangers,0,2,A,0,1,A,J Beaton,5,9,0,5,13,18,1,5,2,2,0,30.12
SC0,17/10/2020,15:00,Dundee United,Aberdeen,0,0,D,0,0,D,A Muir,6,18,3,7,9,18,2,11,1,2,0,30.12
SC0,17/10/2020,15:00,Hamilton,St Johnstone,3,5,A,2,3,A,K Clancy,10,22,4,8,18,11,3,7,1,0,0,30.12
SC0,17/10/2020,15:00,Livingston,Kilmarnock,1,3,A,1,2,A,G Aitken,14,11,2,5,14,14,6,3,4,0,0,30.12
SC0,17/10/2020,15:00,Ross County,Hibernian,0,0,D,0,0,D,N Walsh,16,28,2,6,11,10,3,5,1,1,1,30.12
SC0,04/10/2020,12:00,St Johnstone,Celtic,0,2,A,0,0,D,N Walsh,7,19,0,3,13,14,1,11,3,2,0,30.12
SC0,04/10/2020,15:00,Rangers,Ross County,2,0,H,1,0,H,G Aitken,15,4,4,0,9,13,14,2,0,1,0,30.12
SC0,02/10/2020,19:45,Aberdeen,St Mirren,2,1,H,0,0,D,G Duncan,15,11,6,1,14,11,5,6,1,1,0,30.12
SC0,02/10/2020,19:45,Dundee United,Livingston,1,2,A,1,0,H,J Beaton,1,14,1,6,15,11,3,11,0,0,0,30.12
SC0,02/10/2020,19:45,Hibernian,Hamilton,3,2,H,2,0,H,B Madden,18,8,9,4,10,12,7,2,1,2,0,30.12
SC0,27/09/2020,12:00,Motherwell,Rangers,1,5,A,0,3,A,B Madden,7,16,1,9,14,8,7,4,1,0,0,30.12
SC0,27/09/2020,15:00,Celtic,Hibernian,3,0,H,2,0,H,S McLean,20,9,9,0,9,11,6,5,0,2,0,30.12
SC0,27/09/2020,15:00,Ross County,Aberdeen,0,3,A,0,1,A,W Collum,8,18,0,8,16,14,2,6,1,0,1,30.12
SC0,26/09/2020,15:00,Hamilton,Dundee United,1,1,D,0,1,A,A Muir,12,12,1,2,18,18,7,5,4,1,0,30.12
SC0,26/09/2020,15:00,Livingston,St Johnstone,2,0,H,2,0,H,C Napier,8,13,2,2,18,11,8,7,2,0,0,30.12
SC0,26/09/2020,15:00,St Mirren,Kilmarnock,0,1,A,0,1,A,D Munro,6,5,0,3,16,12,5,6,5,0,0,30.12
SC0,20/09/2020,12:00,Hibernian,Rangers,2,2,D,1,1,D,D Robertson,7,19,5,7,17,14,6,5,4,1,0,30.12
SC0,20/09/2020,15:00,Aberdeen,Motherwell,0,3,A,0,3,A,J Beaton,9,9,0,3,13,15,4,5,3,0,0,30.12
SC0,19/09/2020,15:00,Celtic,Livingston,3,2,H,2,1,H,G Duncan,17,7,6,3,8,11,3,1,1,1,0,30.12
SC0,19/09/2020,15:00,Dundee United,St Mirren,2,1,H,1,0,H,C Steven,17,16,8,4,11,13,8,4,3,1,0,31.12
SC0,19/09/2020,15:00,Kilmarnock,Hamilton,2,1,H,1,1,D,N Walsh,17,15,8,4,10,12,6,8,1,3,1,30.12
SC0,19/09/2020,15:00,St Johnstone,Ross County,0,1,A,0,1,A,D Munro,11,5,1,2,15,18,9,3,2,3,0,30.12
SC0,16/09/2020,19:45,St Mirren,Celtic,1,2,A,1,2,A,J Beaton,8,17,2,9,13,11,4,3,3,1,0,30.12
SC0,12/09/2020,15:00,Aberdeen,Kilmarnock,1,0,H,1,0,H,B Madden,13,7,3,1,8,14,10,10,0,1,0,30.12
SC0,12/09/2020,15:00,Livingston,Hamilton,1,2,A,1,0,H,D Robertson,18,12,3,4,20,13,8,2,2,2,0,30.12
SC0,12/09/2020,15:00,Motherwell,St Johnstone,1,0,H,1,0,H,E Anderson,6,12,2,3,16,11,2,3,4,0,0,30.12
SC0,12/09/2020,15:00,Rangers,Dundee United,4,0,H,2,0,H,K Clancy,25,6,9,1,4,16,6,2,1,3,0,30.12
SC0,12/09/2020,15:00,Ross County,Celtic,0,5,A,0,2,A,A Dallas,9,18,5,10,13,11,4,7,1,1,0,30.12
SC0,12/09/2020,15:00,St Mirren,Hibernian,0,3,A,0,2,A,W Collum,15,15,3,5,14,14,8,7,2,2,0,30.12
SC0,30/08/2020,15:00,Celtic,Motherwell,3,0,H,1,0,H,D Robertson,17,5,6,1,11,10,7,3,1,2,0,30.12
SC0,30/08/2020,16:30,Hibernian,Aberdeen,0,1,A,0,1,A,N Walsh,9,14,3,7,11,18,6,4,0,1,0,30.12
SC0,29/08/2020,15:00,Kilmarnock,Dundee United,4,0,H,2,0,H,D Munro,15,18,9,1,13,12,2,10,3,1,0,30.12
SC0,29/08/2020,15:00,Livingston,Ross County,1,0,H,0,0,D,J Beaton,9,4,3,1,15,16,14,5,1,3,0,31.12
SC0,29/08/2020,15:00,St Johnstone,St Mirren,1,0,H,0,0,D,K Clancy,21,5,6,2,7,12,11,2,0,1,0,30.12
SC0,29/08/2020,17:30,Hamilton,Rangers,0,2,A,0,2,A,W Collum,5,24,2,6,11,12,6,3,1,2,1,30.12
SC0,23/08/2020,15:00,Aberdeen,Livingston,2,1,H,0,0,D,S McLean,7,10,5,2,11,16,1,3,0,2,0,30.12
SC0,23/08/2020,16:30,St Johnstone,Hibernian,0,1,A,0,0,D,J Beaton,10,10,0,3,16,14,5,4,2,2,1,30.12
SC0,22/08/2020,15:00,Motherwell,Hamilton,0,1,A,0,0,D,A Muir,17,8,4,2,17,12,13,5,2,1,0,30.12
SC0,22/08/2020,15:00,Rangers,Kilmarnock,2,0,H,0,0,D,K Clancy,26,2,10,0,18,9,9,2,1,1,0,30.12
SC0,22/08/2020,15:00,St Mirren,Ross County,1,1,D,1,0,H,M Roncone,12,18,6,2,11,12,3,4,0,2,1,30.12
SC0,22/08/2020,17:30,Dundee United,Celtic,0,1,A,0,0,D,A Dallas,7,23,1,9,18,10,6,10,2,2,0,30.12
SC0,20/08/2020,19:30,St Johnstone,Aberdeen,0,1,A,0,0,D,W Collum,11,6,1,3,17,13,5,1,1,3,0,30.12
SC0,16/08/2020,16:30,Livingston,Rangers,0,0,D,0,0,D,N Walsh,2,23,1,3,10,7,0,9,0,1,0,30.12
SC0,15/08/2020,15:00,Hamilton,St Mirren,0,1,A,0,1,A,S Kirkland,12,19,5,7,6,12,2,9,0,3,0,30.12
SC0,15/08/2020,15:00,Kilmarnock,St Johnstone,1,2,A,0,0,D,A Dallas,11,17,4,5,10,9,11,1,1,2,1,30.12
SC0,15/08/2020,15:00,Ross County,Dundee United,1,2,A,1,1,D,C Napier,12,13,2,4,13,13,5,7,2,1,0,30.12
SC0,15/08/2020,17:30,Hibernian,Motherwell,0,0,D,0,0,D,G Aitken,12,17,2,2,10,17,6,10,0,1,0,30.12
SC0,12/08/2020,19:45,Motherwell,Livingston,2,2,D,2,1,H,C Steven,9,15,3,5,13,18,4,6,2,1,0,30.12
SC0,12/08/2020,19:45,Rangers,St Johnstone,3,0,H,2,0,H,E Anderson,15,4,5,2,10,10,6,2,0,2,0,30.12
SC0,12/08/2020,19:45,Ross County,Kilmarnock,2,2,D,1,0,H,G Duncan,14,12,5,5,18,11,3,3,3,2,0,30.12
SC0,11/08/2020,18:00,Dundee United,Hibernian,0,1,A,0,0,D,D Robertson,10,8,1,3,16,13,7,3,3,2,0,30.12
SC0,09/08/2020,15:00,Rangers,St Mirren,3,0,H,1,0,H,A Dallas,28,4,12,2,9,8,14,1,0,2,0,30.12
SC0,09/08/2020,16:30,Kilmarnock,Celtic,1,1,D,1,1,D,A Muir,6,17,1,2,13,14,1,2,2,1,0,30.12
SC0,08/08/2020,15:00,Hamilton,Ross County,0,1,A,0,0,D,B Madden,9,10,4,6,14,15,9,1,0,1,0,30.12
SC0,08/08/2020,15:00,Livingston,Hibernian,1,4,A,0,3,A,E Anderson,12,18,3,8,17,11,5,4,1,1,0,30.12
SC0,08/08/2020,15:00,Motherwell,Dundee United,0,1,A,0,0,D,S McLean,18,11,4,3,11,12,7,8,2,0,0,30.12
SC0,03/08/2020,19:45,Ross County,Motherwell,1,0,H,1,0,H,N Walsh,9,15,3,1,24,12,5,8,3,1,0,31.12
SC0,02/08/2020,16:30,Celtic,Hamilton,5,1,H,2,1,H,W Collum,25,7,15,2,9,8,11,8,1,3,0,30.12
SC0,01/08/2020,12:30,Aberdeen,Rangers,0,1,A,0,1,A,B Madden,4,15,0,4,18,14,2,6,1,0,1,30.12
SC0,01/08/2020,15:00,Dundee United,St Johnstone,1,1,D,1,0,H,K Clancy,16,9,4,4,12,8,3,3,1,2,0,31.12
SC0,01/08/2020,15:00,Hibernian,Kilmarnock,2,1,H,2,1,H,J Beaton,11,12,3,2,13,12,5,4,1,1,0,30.12
SC0,01/08/2020,15:00,St Mirren,Livingston,1,0,H,1,0,H,D Robertson,6,12,2,3,16,16,2,5,3,2,0,30.12